"Item","LinkedEquipment","SparePartHoldingStd","DeptCode"
"Q1053112","FM Crop Shear","","SEO26FF"
"Q1053113","FM Crop Shear","","SEO26FF"
"Q1078248","FM Main Motor","","SEO26FF"
"Q1078249","FM Main Motor","","SEO26FF"
"Q1053247","FM Main Motor","","SEO26FF"
"Q1053248","FM Main Motor","","SEO26FF"
"Q1053287","FM Main Motor","","SEO26FF"
"Q1053317","FM Main Motor","","SEO26FF"
"Q1053318","FM Main Motor","","SEO26FF"
"Q1053378","FM Main Motor","","SEO26FF"
"Q1030043","FM Spindle 감속기","","SEO26FF"
"Q1030044","FM Spindle 감속기","","SEO26FF"
"Q1019385","FM Crop Shear","","SEO26FF"
"Q1031708","FM Main Motor","","SEO26FF"
"Q1032182","FM Roll Alignment","","SEO26FF"
"Q1080083","FM Screw Down","","SEO26FF"
"Q1080084","FM Screw Down","","SEO26FF"
"Q1029602","FM Spindle 감속기","","SEO26FF"
"Q1029614","FM Spindle 감속기","","SEO26FF"
"Q1029653","FM Crop Shear","","SEO26FF"
"Q1034397","FM Main Motor","","SEO26FF"
"Q1040051","","2","SEO26FF"
"Q2013987","FM Crop Shear","","SEO26FF"
"Q1072836","FM Main Motor","","SEO26FF"
"Q1072995","FM Roll Alignment","","SEO26FF"
"Q1077400","FM Roll Alignment","","SEO26FF"
"Q1077476","FM Spindle 감속기","","SEO26FF"
"Q1077622","FM Roll Alignment","","SEO26FF"
"Q2028329","FM Crop Shear","","SEO26FF"
"Q1007239","FM Main Motor","","SEO26FF"
"Q1080496","FM Roll Alignment","","SEO26FF"
"Q2052411","FM Main Motor","","SEO26FF"
"Q2055671","FM Main Motor","","SEO26FF"
"Q2060462","","2","SEO26FF"
"Q2068400","FM Crop Shear","","SEO26FF"
"Q2070790","","2","SEO26FF"
"Q2070791","","1","SEO26FF"
"Q2070796","","1","SEO26FF"
"Q2070797","","1","SEO26FF"
"Q2070800","","1","SEO26FF"
"Q2070801","FM Roll Alignment","2","SEO26FF"
"Q2079803","FM Main Motor","","SEO26FF"
"Q2086434","FM Main Motor","","SEO26FF"
"Q2091278","","2","SEO26FF"
"Q2091279","","1","SEO26FF"
"Q2095020","FM Edge Heater","","SEO26FF"
"Q2097306","FM Main Motor","","SEO26FF"
"Q2100582","FM Hot Leveller","","SEO26FF"
"Q2101008","FM Screw Down","","SEO26FF"
"Q2101009","FM Screw Down","","SEO26FF"
"Q2101010","FM Screw Down","","SEO26FF"
"Q2110732","FM Roll Alignment","","SEO26FF"
"Q2110733","FM Roll Alignment","","SEO26FF"
"Q2116016","FM Spindle 감속기","","SEO26FF"
"Q2120491","FM Spindle 감속기","","SEO26FF"
"Q2122540","FM Main Motor","","SEO26FF"
"Q2139926","","1","SEO26FF"
"Q2142284","FM Main Motor","","SEO26FF"
"Q2142898","FM Pinion Stand","","SEO26FF"
"Q2146787","QOC Servo","","SEO26FF"
"Q2154362","FM Main Motor","","SEO26FF"
"Q2162413","FM Screw Down","","SEO26FF"
"Q2163394","FM Main Motor","","SEO26FF"
"Q2177492","FM Hot Leveller","","SEO26FF"
"Q2184244","FM Crop Shear","","SEO26FF"
"Q2184478","FM Crop Shear","","SEO26FF"
"Q2187474","FM Main Motor","","SEO26FF"
"Q2190703","FM Hot Leveller","","SEO26FF"
"Q2202508","FM Roll Alignment","","SEO26FF"
"Q2210205","Stand Main TR","","SEO26FF"
"Q2228264","FM Main Motor","","SEO26FF"
"Q2233578","Stand Main TR","","SEO26FF"
"Q2234798","","2","SEO26FF"
"Q4012998","Walking Beam 기어베어링","","SEO26FF"
"Q4013000","Walking Beam 기어베어링","","SEO26FF"
"Q4015405","FM Roll Alignment","","SEO26FF"
"Q4020699","Table Roller 기어박스","","SEO26FF"
"Q4026534","FM Main Motor","","SEO26FF"
"Q4030286","Walking Beam 기어베어링","","SEO26FF"
"Q4030636","Walking Beam 기어베어링","","SEO26FF"
"Q4051167","FM Hot Leveller","","SEO26FF"
"Q4080430","FM Main Motor","","SEO26FF"
"Q4089851","FM Edge Heater","","SEO26FF"
"Q4103142","FM Hot Leveller","","SEO26FF"
"Q4112995","FM Hot Leveller","","SEO26FF"
"Q4119198","FM Main Motor","","SEO26FF"
"Q4168388","FM Main Motor","","SEO26FF"
"Q4198917","FM Main Motor","","SEO26FF"
"Q4203928","FM Main Motor","","SEO26FF"
"Q4204062","FM Pinion Stand","","SEO26FF"
"Q4204059","FM Pinion Stand","","SEO26FF"
"Q4204061","FM Pinion Stand","","SEO26FF"
"Q4204060","FM Pinion Stand","","SEO26FF"
"Q4233153","FM Crop Shear","","SEO26FF"
"Q4245535","FM Main Motor","","SEO26FF"
"Q4246475","Stand Main TR","","SEO26FF"
"Q4295492","EP 집진기 TR","","SEO26FF"
"Q4308842","FM Crop Shear","","SEO26FF"
"Q4310783","FM Crop Shear","","SEO26FF"
"Q4321160","FM Main Motor","","SEO26FF"
"Q4347498","FM Spindle 감속기","","SEO26FF"
"Q4386124","QOC Servo","","SEO26FF"
"Q4412119","FM Roll Alignment","","SEO26FF"
"Q4412288","FM Spindle 감속기","","SEO26FF"
"Q4416013","FM Spindle 감속기","","SEO26FF"
"Q4419677","FM Roll Alignment","","SEO26FF"
"Q4435466","FM Main Motor","","SEO26FF"
"Q4439263","QOC Servo","","SEO26FF"
"Q4439264","QOC Servo","","SEO26FF"
"Q4439265","QOC Servo","","SEO26FF"
"Q4439266","QOC Servo","","SEO26FF"
"Q4460076","FM Edge Heater","","SEO26FF"
"Q4468493","FM Main Motor","","SEO26FF"
"Q4468503","FM Main Motor","","SEO26FF"
"Q4468504","FM Main Motor","","SEO26FF"
"Q4470227","FM Main Motor","","SEO26FF"
"Q4474243","FM Main Motor","","SEO26FF"
"Q4501966","FM Hot Leveller","","SEO26FF"
"Q4503767","FM Hot Leveller","","SEO26FF"
"Q4503770","FM Hot Leveller","","SEO26FF"
"Q4504475","FM Hot Leveller","","SEO26FF"
"Q4504476","FM Roll Alignment","","SEO26FF"
"Q4504478","FM Roll Alignment","","SEO26FF"
"Q4515205","FM Roll Alignment","","SEO26FF"
"Q4515206","FM Roll Alignment","","SEO26FF"
"Q4531078","FM Main Motor","","SEO26FF"
"Q4532058","Stand Main TR","","SEO26FF"
"Q4535892","FM Roll Alignment","","SEO26FF"
"Q4535894","FM Roll Alignment","","SEO26FF"
"Q4535900","FM Roll Alignment","","SEO26FF"
"Q4535902","FM Roll Alignment","","SEO26FF"
"Q4585577","RM Stand Adjust","","SEO26FF"
"Q4587154","QOC Servo","","SEO26FF"
"Q4597580","FM Hot Leveller","","SEO26FF"
"Q4676007","FM Main Motor","","SEO26FF"
"QS429155","Table Roller 기어박스","","SEO26FF"
"Q4704375","FM Main Motor","","SEO26FF"
"Q4686594","QOC Servo","","SEO26FF"
"Q4709438","FM Main Motor","","SEO26FF"
"Q4698941","FM Hot Leveller","","SEO26FF"
"Q4712672","FM Crop Shear","","SEO26FF"
"Q4701430","FM Main Motor","","SEO26FF"
"Q1000737","","1","SEO26FF"
"Q1000745","","2","SEO26FF"
"Q1000781","","2","SEO26FF"
"Q1000971","","1","SEO26FF"
"Q1032374","","2","SEO26FF"
"Q1039284","","1","SEO26FF"
"Q1039371","","1","SEO26FF"
"Q1040012","","2","SEO26FF"
"Q1040224","","2","SEO26FF"
"Q1040225","","2","SEO26FF"
"Q1040312","","1","SEO26FF"
"Q1042306","","1","SEO26FF"
"Q1042421","","1","SEO26FF"
"Q1048997","","1","SEO26FF"
"Q1049004","","1","SEO26FF"
"Q1071793","","6","SEO26FF"
"Q1073119","","1","SEO26FF"
"Q1073185","","6","SEO26FF"
"Q1073416","","6","SEO26FF"
"Q1073453","","6","SEO26FF"
"Q1074634","","2","SEO26FF"
"Q1074772","","4","SEO26FF"
"Q1078283","","2","SEO26FF"
"Q1137969","","1","SEO26FF"
"Q1218357","","1","SEO26FF"
"Q1218391","","1","SEO26FF"
"Q1218393","","1","SEO26FF"
"Q1219164","","1","SEO26FF"
"Q1260654","","1","SEO26FF"
"Q1292612","","4","SEO26FF"
"Q1314441","","1","SEO26FF"
"Q1316039","","1","SEO26FF"
"Q2010934","","2","SEO26FF"
"Q2024559","","3","SEO26FF"
"Q2028061","","1","SEO26FF"
"Q2028134","","1","SEO26FF"
"Q2045742","","1","SEO26FF"
"Q2054727","","1","SEO26FF"
"Q2062201","","1","SEO26FF"
"Q2074769","","2","SEO26FF"
"Q2088228","","1","SEO26FF"
"Q2094703","","1","SEO26FF"
"Q2118996","","1","SEO26FF"
"Q2124049","","10","SEO26FF"
"Q2130291","","1","SEO26FF"
"Q2130293","","1","SEO26FF"
"Q2139998","","1","SEO26FF"
"Q2143592","","1","SEO26FF"
"Q2143616","","1","SEO26FF"
"Q2185181","","1","SEO26FF"
"Q2212113","","1","SEO26FF"
"Q2226242","","1","SEO26FF"
"Q4017996","","1","SEO26FF"
"Q4017997","","1","SEO26FF"
"Q4017998","","1","SEO26FF"
"Q4017999","","1","SEO26FF"
"Q4018000","","1","SEO26FF"
"Q4018004","","1","SEO26FF"
"Q4018005","","4","SEO26FF"
"Q4018007","","7","SEO26FF"
"Q4018011","","10","SEO26FF"
"Q4018012","","1","SEO26FF"
"Q4018014","","1","SEO26FF"
"Q4018015","","8","SEO26FF"
"Q4018016","","1","SEO26FF"
"Q4018018","","13","SEO26FF"
"Q4018019","","1","SEO26FF"
"Q4018022","","2","SEO26FF"
"Q4018023","","1","SEO26FF"
"Q4018210","","1","SEO26FF"
"Q4039953","","1","SEO26FF"
"Q4169627","","2","SEO26FF"
"Q4169634","","2","SEO26FF"
"Q4169635","","1","SEO26FF"
"Q4173290","","1","SEO26FF"
"Q4174454","","1","SEO26FF"
"Q4174455","","1","SEO26FF"
"Q4178355","","2","SEO26FF"
"Q4185031","","1","SEO26FF"
"Q4192133","","1","SEO26FF"
"Q4192171","","1","SEO26FF"
"Q4192179","","1","SEO26FF"
"Q4210213","","1","SEO26FF"
"Q4230326","","1","SEO26FF"
"Q4257701","","1","SEO26FF"
"Q4269272","","1","SEO26FF"
"Q4441695","","1","SEO26FF"
"Q4521625","","1","SEO26FF"
"Q4604630","","1","SEO26FF"
"QS424543","","1","SEO26FF"
