"Item","Type","CriticalSparePart","CriticalEquipment","Warehouse","SourcingGroup","StockDept","StockAll","SupplierCount","UnitCost","LeadTimeMean","LeadTimeStd","CompletedCycles","ProcurementType","ReceivingDate","LinkedEquipment","SparePartHoldingStd","DeptCode"
"Q1000108","보험품","X","X","QFC01","Q_Ball & Roller BRG","1","4","1","1422189.73","227.67","60.61","6","국내","2022-08-25","","","SEO26FF"
"Q1042338","보험품","X","X","QFC01","Q_Rotary/Swivel Joint","1","1","1","420000","70.50","20.51","2","국내","2025-03-20","","","SEO26FF"
"Q1042383","계획품","X","X","QFC01","Q_Rotary/Swivel Joint","2","2","1","1137500","52.75","13.50","4","국내","2026-07-02","","","SEO26FF"
"Q1052919","보험품","X","X","QFC01","Q_Non/Fe Casting Metal(Copper)","2","2","5","39000","50.73","26.24","11","국내","2026-03-23","","","SEO26FF"
"Q1052933","계획품","X","X","QFC01","Q_Non/Fe Casting Metal(Copper)","2","2","4","27500","49.33","17.33","9","국내","2025-10-28","","","SEO26FF"
"Q1053112","보험품","X","O","QFC01","Q_Non/Fe Casting Metal(Copper)","4","4","3","164100","55","3.46","3","국내","2022-01-10","FM Crop Shear","","SEO26FF"
"Q1053113","보험품","X","O","QFC01","Q_Non/Fe Casting Metal(Copper)","4","4","3","120800","55","3.46","3","국내","2022-01-10","FM Crop Shear","","SEO26FF"
"Q1053117","계획품","X","X","QHB25","Q_Non/Fe Casting Metal(Copper)","2","2","2","340000","83.33","24.11","3","국내","2026-04-22","","","SEO26FF"
"Q1053133","보험품","X","X","QFC01","Q_Non/Fe Casting Metal(Copper)","2","2","4","425000","55.43","9.93","7","국내","2023-03-08","","","SEO26FF"
"Q1053210","계획품","X","X","QFC01","Q_Non/Fe Casting Metal(Copper)","3","3","3","20000","35.07","17.57","28","국내","2025-10-28","","","SEO26FF"
"Q1078241","계획품","X","X","QFC01","Q_Machining(General)","1","1","1","465000","53","0","1","국내","2015-04-22","","","SEO26FF"
"Q1078244","보험품","X","X","QFC01","Q_Machining(General)","1","1","1","415000","70","0","1","국내","2022-02-09","","","SEO26FF"
"Q1078248","보험품","X","O","QFC01","Q_Machining(General)","2","2","1","150000","48.75","13.12","8","국내","2024-09-12","FM Main Motor","","SEO26FF"
"Q1078249","보험품","X","O","QFC01","Q_Machining(General)","1","1","1","141000","52.17","14.63","6","국내","2023-04-11","FM Main Motor","","SEO26FF"
"Q1053247","보험품","X","O","QFC01","Q_Non/Fe Casting Metal(Copper)","4","4","4","26881","49.44","13.33","9","국내","2026-01-28","FM Main Motor","","SEO26FF"
"Q1053248","보험품","X","O","QFC01","Q_Non/Fe Casting Metal(Copper)","4","4","4","21000","44.12","10.96","8","국내","2026-01-28","FM Main Motor","","SEO26FF"
"Q1053287","보험품","X","O","QFC01","Q_Non/Fe Casting Metal(Copper)","3","3","2","25000","62.50","12.02","2","국내","2025-10-28","FM Main Motor","","SEO26FF"
"Q1053317","계획품","X","O","QFC01","Q_Non/Fe Casting Metal(Copper)","2","2","1","36000","54.33","22.85","3","국내","2019-11-04","FM Main Motor","","SEO26FF"
"Q1053318","계획품","X","O","QFC01","Q_Non/Fe Casting Metal(Copper)","2","2","2","36850","55","22.54","4","국내","2019-10-31","FM Main Motor","","SEO26FF"
"Q1053378","계획품","X","O","QFC01","Q_Non/Fe Casting Metal(Copper)","2","2","3","67000","61","8.68","4","국내","2019-11-29","FM Main Motor","","SEO26FF"
"Q1053392","계획품","X","X","QFC01","Q_Non/Fe Casting Metal(Copper)","2","2","5","176000","84.12","31.10","8","국내","2023-04-20","","","SEO26FF"
"Q1053400","보험품","X","X","QFC01","Q_Non/Fe Casting Metal(Copper)","2","2","4","150000","60.33","17.47","9","국내","2023-08-04","","","SEO26FF"
"Q1053401","보험품","X","X","QFC01","Q_Non/Fe Casting Metal(Copper)","1","1","4","150000","60.33","17.47","9","국내","2023-08-04","","","SEO26FF"
"Q1053468","계획품","X","X","QFC01","Q_Non/Fe Casting Metal(Copper)","2","2","3","190000","66.50","7.33","4","국내","2022-03-24","","","SEO26FF"
"Q1053581","보험품","X","X","QFC01","Q_Non/Fe Casting Metal(Copper)","1","1","4","9634025","70","30.95","11","국내","2024-08-26","","","SEO26FF"
"Q1053588","보험품","X","X","QFC01","Q_Non/Fe Casting Metal(Copper)","4","4","4","65000","51.85","13.72","13","국내","2025-06-25","","","SEO26FF"
"Q1053590","보험품","X","X","QFC01","Q_Non/Fe Casting Metal(Copper)","4","4","3","68750","56","12.18","6","국내","2025-06-23","","","SEO26FF"
"Q1117822","보험품","X","X","QHB24","Q_Manual Valve","1","1","1","1029700","52.50","20.42","6","국내","2026-06-09","","","SEO26FF"
"Q1051490","보험품","X","X","QFC01","Q_Instrument Parts","8","8","1","19716","35.20","9.98","5","국내","2022-01-04","","","SEO26FF"
"Q1119268","계획품","X","X","QHB24","Q_Fitting","60","60","1","23591","25","9.63","4","국내","2026-08-19","","","SEO26FF"
"Q1119452","계획품","X","X","QFC01","Q_Fitting","2","2","2","30636.98","102.05","142.50","19","수입","2026-05-28","","","SEO26FF"
"Q1119526","보험품","X","X","QFC01","Q_Fitting","0","2","9","317753","33.22","17.80","18","수입","2026-08-27","","","SEO26FF"
"Q1119649","보험품","X","X","QFC01","Q_Fitting","20","90","4","103889.63","88.19","96.14","21","수입","2026-06-11","","","SEO26FF"
"Q1119795","보험품","X","X","QFC01","Q_Fitting","1","6","3","728590.20","125","128.76","13","수입","2026-08-31","","","SEO26FF"
"Q1120753","보험품","X","X","QFC01","Q_Fitting","2","2","2","91511.60","241.00","170.44","534","수입","2026-08-12","","","SEO26FF"
"Q1121188","보험품","X","X","QFC01","Q_Fitting","0","0","1","384451","31.55","17.61","11","국내","2026-03-11","","","SEO26FF"
"Q1000751","계획품","X","X","QFC01","Q_Hydraulic Cylinder","2","2","4","1285000","89","15.58","6","국내","2026-03-26","","","SEO26FF"
"Q1204795","보험품","X","X","QFC01","Q_Packing & Seal","12","12","1","16373","30.25","23.29","8","국내","2022-01-10","","","SEO26FF"
"Q1204949","보험품","X","X","QFC01","Q_Packing & Seal","13","33","1","1880.35","71.71","55.88","31","국내","2026-05-08","","","SEO26FF"
"Q1305036","계획품","X","X","QFC01","Q_Packing & Seal","10","10","1","2867","30","0","1","국내","2017-06-07","","","SEO26FF"
"Q1002238","보험품","X","X","QFC01","Q_Manual Valve","1","1","2","197767","42.12","35.95","8","수입","2025-10-27","","","SEO26FF"
"Q1002292","보험품","X","X","QFC01","Q_Packing & Seal","10","25","10","1765.50","68.96","41.89","25","수입","2025-09-23","","","SEO26FF"
"Q1201276","보험품","X","X","QFC01","Q_Hydraulic & Pneumatics","1","1","1","475153","60.14","41.40","7","국내","2025-11-11","","","SEO26FF"
"Q1201564","보험품","X","X","QFC01","Q_Hydraulic & Pneumatics","1","3","1","98467200","125.17","87.96","23","국내","2026-08-20","","","SEO26FF"
"Q1004847","계획품","X","X","QVC07","Q_Steel Material","30","30","4","48014","30.21","24.07","76","수입","2024-10-24","","","SEO26FF"
"Q1005323","계획품","X","X","QVC07","Q_Steel Material","322.56","1209.6000000000001","9","4509","26.30","21.73","118","수입","2026-08-25","","","SEO26FF"
"Q1011982","계획품","X","X","QFC01","Q_Bolt & Nut","100","100","1","2791","48.80","16.59","10","국내","2026-05-27","","","SEO26FF"
"Q1021614","보험품","X","X","QFC01","Q_Packing & Seal","10","10","1","117.50","44.75","18.80","12","국내","2026-05-27","","","SEO26FF"
"Q1021836","보험품","X","X","QFC01","Q_Packing & Seal","3","16","7","55.59","86.57","78.77","63","수입","2026-05-14","","","SEO26FF"
"Q1021920","보험품","X","X","QFC01","Q_Packing & Seal","15","73","9","611.45","82.23","73.61","88","수입","2026-05-12","","","SEO26FF"
"Q1030043","계획품","X","O","QFC01","Q_Drive Coupling","1","1","4","210000","64.90","24.53","10","국내","2025-11-24","FM Spindle 감속기","","SEO26FF"
"Q1030044","계획품","X","O","QFC01","Q_Drive Coupling","1","1","4","210000","68.60","21.25","10","국내","2025-11-24","FM Spindle 감속기","","SEO26FF"
"Q1030453","계획품","X","X","QFC01","Q_Hydraulic & Pneumatics","6","7","1","51285","57.50","37.83","8","국내","2024-12-26","","","SEO26FF"
"Q1293261","계획품","X","X","QHB24","Q_Hydraulic Cylinder","1","1","1","11770000","84","0","1","국내","2019-01-25","","","SEO26FF"
"Q1297201","보험품","X","X","QFC01","Q_Packing & Seal","22","22","2","342.88","73.11","62.73","38","수입","2026-02-20","","","SEO26FF"
"Q1297240","계획품","X","X","QFC01","Q_Ball & Roller BRG","2","2","1","63716.30","42.20","13.88","5","국내","2018-09-18","","","SEO26FF"
"Q1308654","계획품","X","X","QFC01","Q_Hydraulic & Pneumatics","1","3","1","895678","137.27","49.38","15","국내","2025-02-21","","","SEO26FF"
"Q1012773","계획품","X","X","QHB25","Q_Bolt & Nut","2","2","1","12404","68.50","25.30","4","국내","2026-04-20","","","SEO26FF"
"Q1012781","보험품","X","X","QFC01","Q_Bolt & Nut","50","50","1","4135","61.40","16.89","10","국내","2024-10-21","","","SEO26FF"
"Q1018930","보험품","X","X","QFC01","Q_Ball & Roller BRG","1","14","2","3168.71","134.25","188.40","16","수입","2026-08-14","","","SEO26FF"
"Q1019015","보험품","X","X","QFC01","Q_Ball & Roller BRG","1","1","1","509948.82","57.57","69.78","56","국내","2026-07-02","","","SEO26FF"
"Q1019385","계획품","X","O","QVC03","Q_Ball & Roller BRG","2","2","1","41063883","341.75","140.86","4","국내","2020-06-18","FM Crop Shear","","SEO26FF"
"Q1023561","보험품","X","X","QFC01","Q_Packing & Seal","14","14","1","2300","52.27","18.54","15","국내","2023-08-17","","","SEO26FF"
"Q1023576","보험품","X","X","QFC01","Q_Packing & Seal","1","1","1","12440","47.67","8.96","3","국내","2024-08-19","","","SEO26FF"
"Q1024150","보험품","X","X","QFC01","Q_Packing & Seal","9","9","3","5834.02","56.12","78.04","17","수입","2026-05-29","","","SEO26FF"
"Q1024335","보험품","X","X","QFC01","Q_Packing & Seal","32","45","3","31939.05","120.32","55.19","19","수입","2024-12-12","","","SEO26FF"
"Q1031104","계획품","X","X","QFC01","Q_Hydraulic & Pneumatics","1","1","","401049","","","0","(미확인)","","","","SEO26FF"
"Q1031233","보험품","X","X","QFC01","Q_Hydraulic & Pneumatics","2","2","1","1690348","191.17","59.36","6","국내","2026-03-06","","","SEO26FF"
"Q1031361","계획품","X","X","QHB24","Q_Hydraulic & Pneumatics","3","7","1","939998","209","81.74","15","국내","2026-07-20","","","SEO26FF"
"Q1031708","보험품","X","X","QFC01","Q_Hydraulic & Pneumatics","1","1","1","260175","146","1.41","2","국내","2022-04-27","FM Main Motor","","SEO26FF"
"Q1032182","보험품","X","O","QFC01","Q_Hydraulic & Pneumatics","1","1","1","558639","67.33","7.64","3","국내","2021-07-27","FM Roll Alignment","","SEO26FF"
"Q1035525","계획품","X","X","QHB24","Q_Machinery Common","4","22","5","99452.24","62.30","76.89","439","수입","2026-08-26","","","SEO26FF"
"Q1036694","보험품","X","X","QFC01","Q_Drive Coupling","3","3","2","85000","39.14","17.59","7","국내","2025-09-23","","","SEO26FF"
"Q1036702","보험품","X","X","QFC01","Q_Drive Coupling","3","3","2","82500","58.25","15.75","16","국내","2026-05-28","","","SEO26FF"
"Q1036822","계획품","X","X","QFC01","Q_Expan/Joint(Non-Metal)","2","2","","570000","65","8.49","2","(미확인)","2015-05-22","","","SEO26FF"
"Q1036844","계획품","X","X","QFC01","Q_Expan/Joint(Non-Metal)","4","4","2","650333.33","73.67","23.44","3","국내","2021-06-22","","","SEO26FF"
"Q1036971","계획품","X","X","QFC01","Q_Expan/Joint(Non-Metal)","12","32","6","560000","52.38","25.60","50","국내","2026-06-17","","","SEO26FF"
"Q1040729","보험품","X","X","QFC01","Q_Pneumatic Cylinder","2","3","4","1460000","75.43","18.24","7","국내","2024-11-07","","","SEO26FF"
"Q1041363","계획품","X","X","QFC01","Q_Drive Joint","1","1","","1000000","","","0","(미확인)","","","","SEO26FF"
"Q1041364","보험품","X","X","QFC01","Q_Drive Joint","5","5","3","825000","58.83","16.19","6","국내","2023-06-02","","","SEO26FF"
"Q1041372","보험품","X","X","QFC01","Q_Drive Joint","4","4","3","4700000","59.67","10.17","6","국내","2023-06-15","","","SEO26FF"
"Q1080083","계획품","X","O","QFC01","Q_Bolt & Nut","1","1","","1750000","","","0","(미확인)","","FM Screw Down","","SEO26FF"
"Q1080084","계획품","X","O","QFC01","Q_Bolt & Nut","1","1","","1750000","","","0","(미확인)","","FM Screw Down","","SEO26FF"
"Q1080117","계획품","X","X","QFC01","Q_Machining(General)","2","2","1","20500","60","0","1","국내","2016-11-30","","","SEO26FF"
"Q1010099","계획품","X","X","QFC01","Q_Fitting","9","9","3","43384.12","37","18.24","8","수입","2026-02-05","","","SEO26FF"
"Q1010193","계획품","X","X","QHB24","Q_Fitting","15","25","2","14411","25.90","13.16","21","수입","2026-08-18","","","SEO26FF"
"Q1010224","보험품","X","X","QFC01","Q_Fitting","7","7","2","116059","39","21.32","8","수입","2025-09-12","","","SEO26FF"
"Q1010299","보험품","X","X","QFC01","Q_Fitting","4","4","3","239090.13","59.14","77.94","22","수입","2025-10-26","","","SEO26FF"
"Q1015021","계획품","X","X","QHB24","Q_Machinery Common","54","54","2","41.30","49.75","24.73","8","국내","2026-06-25","","","SEO26FF"
"Q1019683","보험품","X","X","QFC01","Q_Ball & Roller BRG","2","2","1","10049325","177.94","95.76","16","국내","2026-04-17","","","SEO26FF"
"Q1019689","계획품","X","X","QFC01","Q_Ball & Roller BRG","3","3","","8021737.20","","","0","(미확인)","","","","SEO26FF"
"Q1019695","계획품","X","X","QVC03","Q_Ball & Roller BRG","2","2","1","50274148","403.67","200.05","3","국내","2020-08-25","","","SEO26FF"
"Q1019962","보험품","X","X","QFC01","Q_Ball & Roller BRG","1","8","3","310787","67.44","68.41","9","수입","2019-10-18","","","SEO26FF"
"Q1020094","계획품","X","X","QFC01","Q_Ball & Roller BRG","2","2","1","1898633.38","83.80","48.14","5","국내","2025-08-26","","","SEO26FF"
"Q1020168","보험품","X","X","QFC01","Q_Ball & Roller BRG","2","3","1","3293252.14","215.71","214.08","7","국내","2025-09-25","","","SEO26FF"
"Q1020996","보험품","X","X","QFC01","Q_Machinery Common","2","2","1","87855","83.67","40.38","3","국내","2022-04-18","","","SEO26FF"
"Q1024603","보험품","X","X","QFC01","Q_Packing & Seal","14","14","1","16667","55.58","20.21","12","국내","2021-03-03","","","SEO26FF"
"Q1024620","보험품","X","X","QFC01","Q_Packing & Seal","10","10","1","10833","48.95","17.36","21","국내","2025-05-21","","","SEO26FF"
"Q1029602","보험품","X","O","QFC01","Q_Drive Coupling","4","4","2","1650000","63.12","18.91","8","국내","2025-10-16","FM Spindle 감속기","","SEO26FF"
"Q1029614","계획품","X","O","QFC01","Q_Drive Coupling","1","1","1","1241316","57","0","2","국내","2016-01-29","FM Spindle 감속기","","SEO26FF"
"Q1029653","계획품","X","O","QFC01","Q_Drive Coupling","3","3","2","150000","78.33","8.62","3","국내","2025-09-01","FM Crop Shear","","SEO26FF"
"Q1029662","보험품","X","X","QFC01","Q_Drive Coupling","5","5","3","275000","60.40","13.18","5","국내","2025-09-08","","","SEO26FF"
"Q1029893","계획품","X","X","QFC01","Q_Drive Coupling","1","3","4","180000","60","25.27","14","국내","2025-12-18","","","SEO26FF"
"Q1033612","보험품","X","X","QFC01","Q_Hydraulic & Pneumatics","2","2","1","230834","85","0","1","국내","2016-02-03","","","SEO26FF"
"Q1033796","계획품","X","X","QFC01","Q_Hydraulic & Pneumatics","3","3","1","161798.53","97.50","12.02","2","수입","2016-07-07","","","SEO26FF"
"Q1033995","계획품","X","X","QHB27","Q_Hydraulic & Pneumatics","5","5","1","26282850","126.60","45.40","42","국내","2026-08-27","","","SEO26FF"
"Q1034231","계획품","X","X","QHB25","Q_Hydraulic & Pneumatics","3","3","1","97916500","144.70","47.48","10","국내","2026-07-28","","","SEO26FF"
"Q1034397","계획품","X","X","QHB24","Q_Hydraulic & Pneumatics","6","6","2","1442980","81.88","29.78","8","수입","2025-09-17","FM Main Motor","","SEO26FF"
"Q1039075","계획품","X","X","QFC01","Q_Hydraulic Cylinder","9","9","4","3390000","93.32","24.19","19","국내","2026-08-27","","","SEO26FF"
"Q1039945","계획품","X","X","QFC01","Q_Hydraulic Cylinder","3","5","3","830000","102.20","23.32","5","국내","2025-02-25","","","SEO26FF"
"Q1039948","계획품","X","X","QFC01","Q_Hydraulic Cylinder","3","3","5","2350000","99","27.66","10","국내","2026-01-08","","","SEO26FF"
"Q1039950","보험품","X","X","QFC01","Q_Hydraulic Cylinder","4","4","6","3380000","89.33","24.86","9","국내","2026-05-21","","","SEO26FF"
"Q1039951","계획품","X","X","QFC01","Q_Hydraulic Cylinder","1","2","4","2600000","88.67","33.52","6","국내","2025-10-30","","","SEO26FF"
"Q1040051","보험품","O","X","QFC01","Q_Hydraulic Cylinder","1","1","5","3630000","85.62","21.69","8","국내","2026-03-18","","2","SEO26FF"
"Q1040053","계획품","X","X","QFC01","Q_Hydraulic Cylinder","1","1","3","1220000","85.10","13.09","10","국내","2025-05-30","","","SEO26FF"
"Q1040054","보험품","X","X","QFC01","Q_Hydraulic Cylinder","2","2","4","1857000","80.27","20.01","11","국내","2026-05-27","","","SEO26FF"
"Q1040058","보험품","X","X","QFC01","Q_Hydraulic Cylinder","1","1","4","690000","71.13","21.88","15","국내","2026-02-19","","","SEO26FF"
"Q1040060","계획품","X","X","QFC01","Q_Hydraulic Cylinder","7","7","1","630000","122","2.83","2","국내","2017-06-02","","","SEO26FF"
"Q1040061","보험품","X","X","QFC01","Q_Hydraulic Cylinder","4","5","8","1950000","94.23","19.69","13","국내","2026-06-30","","","SEO26FF"
"Q1040065","계획품","X","X","QFC01","Q_Hydraulic Cylinder","1","1","3","2005000","74","22.11","3","국내","2024-02-23","","","SEO26FF"
"Q1040129","계획품","X","X","QFC01","Q_Hydraulic Cylinder","3","3","4","2030000","98.60","15.87","5","국내","2024-02-14","","","SEO26FF"
"Q1080541","계획품","X","X","QFC01","Q_Machining(General)","1","1","5","650000","53.50","10.45","6","국내","2026-08-20","","","SEO26FF"
"Q1080794","계획품","X","X","QHB25","Q_Machining(General)","4","4","1","214800","45.50","9.19","2","국내","2025-11-07","","","SEO26FF"
"Q1080969","계획품","X","X","QFC01","Q_Machining(General)","2","2","1","135000","44","0","1","국내","2020-04-17","","","SEO26FF"
"Q1080970","계획품","X","X","QFC01","Q_Machining(General)","1","1","1","125000","44","0","1","국내","2020-04-17","","","SEO26FF"
"Q1113604","계획품","X","X","QVC07","Q_Steel Material","24","24","1","837206","43.50","27.90","8","국내","2024-04-18","","","SEO26FF"
"Q2008527","보험품","X","X","QFC01","Q_Non/Fe Casting Metal(Copper)","2","2","2","74000","63.20","18.19","5","국내","2024-10-14","","","SEO26FF"
"Q2013987","계획품","X","O","QFC01","Q_Hydraulic Cylinder","2","2","1","5380000","125","0","1","국내","2017-06-30","FM Crop Shear","","SEO26FF"
"Q2015221","계획품","X","X","QFC01","Q_Ball & Roller BRG","3","6","2","626687","335","404.83","3","수입","2025-05-09","","","SEO26FF"
"Q2018730","보험품","X","X","QFC01","Q_Drive Coupling","11","11","2","187000","55.60","14.08","5","국내","2025-09-08","","","SEO26FF"
"Q2019637","계획품","X","X","QHB24","Q_Drive Coupling","3","3","2","1400000","61.57","23.84","14","국내","2025-12-17","","","SEO26FF"
"Q1072616","계획품","X","X","QFC01","Q_Machining(General)","8","8","2","1289380","64","19.52","3","국내","2016-12-07","","","SEO26FF"
"Q1072668","보험품","X","X","QFC01","Q_Machining(General)","20","20","1","6400","41","0","1","국내","2022-01-26","","","SEO26FF"
"Q1072820","보험품","X","X","QFC01","Q_Machining(General)","2","2","1","96000","41.38","16.83","8","국내","2026-01-29","","","SEO26FF"
"Q1072821","보험품","X","X","QFC01","Q_Machining(General)","4","4","2","45200","52.06","16.50","17","국내","2025-06-30","","","SEO26FF"
"Q1072836","보험품","X","X","QVC03","Q_Machining(General)","1","1","2","4200000","86.80","13.75","5","국내","2025-08-25","FM Main Motor","","SEO26FF"
"Q1072924","계획품","X","X","QFC01","Q_Machining(General)","2","2","4","537550","65.86","21.52","7","국내","2019-10-28","","","SEO26FF"
"Q1072926","계획품","X","X","QFC01","Q_Machining(General)","3","3","2","12342666.67","77.38","41.78","8","국내","2020-02-04","","","SEO26FF"
"Q1072928","계획품","X","X","QHB24","Q_Gear & Gear box","2","2","2","20000000","147.43","53.88","7","국내","2026-07-29","","","SEO26FF"
"Q1072961","보험품","X","X","QFC01","Q_Resinoid Class (Bakelite)","4","4","4","76346","46.78","14.99","9","국내","2024-09-06","","","SEO26FF"
"Q1072973","보험품","X","X","QFC01","Q_Machining(General)","14","14","2","40500","55","3.61","3","국내","2022-04-06","","","SEO26FF"
"Q1072995","계획품","X","O","QVC03","Q_Machining(General)","1","1","1","3203333.33","55","0","1","국내","2016-12-29","FM Roll Alignment","","SEO26FF"
"Q1073040","계획품","X","X","QFC01","Q_Machining(General)","1","1","","1080000","","","0","(미확인)","","","","SEO26FF"
"Q1073183","계획품","X","X","QFC01","Q_Machining(General)","1","1","1","38190","52","24.04","2","국내","2019-11-11","","","SEO26FF"
"Q1073184","계획품","X","X","QFC01","Q_Machining(General)","1","1","1","22910","48.50","28.99","2","국내","2019-11-04","","","SEO26FF"
"Q1073210","계획품","X","X","QFC01","Q_Non/Fe Casting Metal(Copper)","1","1","3","320000","80","6.24","3","국내","2019-09-30","","","SEO26FF"
"Q1073215","계획품","X","X","QFC01","Q_Non/Fe Casting Metal(Copper)","1","1","3","320000","80","6.24","3","국내","2019-09-30","","","SEO26FF"
"Q1073310","계획품","X","X","QVC03","Q_Machining(General)","1","1","","3180000","","","0","(미확인)","","","","SEO26FF"
"Q1073449","계획품","X","X","QFC01","Q_Machining(General)","1","1","1","5280","53.33","12.86","3","국내","2020-02-27","","","SEO26FF"
"Q1073553","계획품","X","X","QHB25","Q_Non/Fe Casting Metal(Copper)","4","4","","476739","","","0","(미확인)","","","","SEO26FF"
"Q1073590","보험품","X","X","QHB25","Q_Machining(General)","8","8","2","123500","49.50","19.04","16","국내","2025-07-24","","","SEO26FF"
"Q1073594","계획품","X","X","QFC01","Q_Non/Fe Casting Metal(Copper)","8","8","3","80000","52.25","12.53","8","국내","2023-04-18","","","SEO26FF"
"Q1073859","보험품","X","X","QFC01","Q_Machining(General)","1","1","2","145000","65.67","8.50","3","국내","2021-10-01","","","SEO26FF"
"Q1073865","보험품","X","X","QFC01","Q_Machining(General)","2","2","1","20900","43","0","1","국내","2018-08-30","","","SEO26FF"
"Q1073866","보험품","X","X","QFC01","Q_Machining(General)","2","2","1","4400","49","0","1","국내","2018-09-05","","","SEO26FF"
"Q1073870","보험품","X","X","QFC01","Q_Machining(General)","2","2","1","37400","43","0","1","국내","2018-08-30","","","SEO26FF"
"Q1121309","계획품","X","X","QFC01","Q_Fitting","1","1","1","63430.17","38.25","12.01","4","국내","2022-08-25","","","SEO26FF"
"Q1122097","보험품","X","X","QFC01","Q_Bolt & Nut","100","100","1","1003","35.12","21.83","8","국내","2025-05-15","","","SEO26FF"
"Q1269776","보험품","X","X","QFC01","Q_Spare Parts","2","2","","748071.42","","","0","(미확인)","","","","SEO26FF"
"Q2011794","계획품","X","X","QHB24","Q_Steel Grating","6","6","3","103470","32.52","13.68","50","수입","2026-07-31","","","SEO26FF"
"Q2011846","보험품","X","X","QFC01","Q_Non/Fe Casting Metal(Copper)","3","3","1","545000","78","2","3","국내","2023-07-18","","","SEO26FF"
"Q1076627","계획품","X","X","QFC01","Q_Drive Coupling","1","1","1","1150000","77","3.61","3","국내","2026-08-05","","","SEO26FF"
"Q1076630","계획품","X","X","QFC01","Q_Drive Coupling","2","2","1","3800000","54","28.82","7","국내","2023-01-09","","","SEO26FF"
"Q1077285","보험품","X","X","QFC01","Q_Machining(General)","10","10","1","200000","58.17","8.13","6","국내","2022-06-20","","","SEO26FF"
"Q1077340","계획품","X","X","QHB24","Q_Machining(General)","1","1","2","5100000","70.60","13.24","5","국내","2026-04-28","","","SEO26FF"
"Q1077367","계획품","X","X","QFC01","Q_Machining(General)","3","3","3","127825","51.33","9.67","6","국내","2020-03-05","","","SEO26FF"
"Q1077400","계획품","X","O","QFC01","Q_Non/Fe Casting Metal(Copper)","2","2","1","35150","58","29.21","3","국내","2018-02-12","FM Roll Alignment","","SEO26FF"
"Q1077476","보험품","X","O","QFC01","Q_Gear & Gear box","2","3","4","13800000","87.60","13.01","5","국내","2025-10-15","FM Spindle 감속기","","SEO26FF"
"Q1077486","계획품","X","X","QVC03","Q_Machining(General)","4","4","3","600000","63.33","17.81","15","국내","2026-08-06","","","SEO26FF"
"Q1077487","계획품","X","X","QVC03","Q_Machining(General)","4","4","3","600000","63.33","17.81","15","국내","2026-08-06","","","SEO26FF"
"Q1077622","계획품","X","O","QFC01","Q_Machining(General)","1","1","1","3524000","102","0","1","국내","2020-03-31","FM Roll Alignment","","SEO26FF"
"Q1077624","보험품","X","X","QVC03","Q_Machining(General)","1","1","1","10200000","95.33","13.32","3","국내","2025-07-28","","","SEO26FF"
"Q1077646","계획품","X","X","QFC01","Q_Machining(General)","1","1","1","470000","68","0","1","국내","2014-09-25","","","SEO26FF"
"Q1077670","보험품","X","X","QFC01","Q_Non/Fe Casting Metal(Copper)","10","10","4","2000000","71.31","45.61","32","국내","2026-04-08","","","SEO26FF"
"Q1077676","계획품","X","X","QFC01","Q_Machining(General)","40","40","1","7765.85","49.06","16.34","17","국내","2025-07-30","","","SEO26FF"
"Q1077684","보험품","X","X","QFC01","Q_Gear & Gear box","3","5","3","6700000","81.33","11.68","3","국내","2025-10-02","","","SEO26FF"
"Q1077685","보험품","X","X","QFC01","Q_Gear & Gear box","3","4","1","2600000","86.67","15.70","3","국내","2025-12-30","","","SEO26FF"
"Q1077724","계획품","X","X","QVC03","Q_Machining(General)","6","6","4","550000","62.65","15.03","17","국내","2026-08-06","","","SEO26FF"
"Q1077747","계획품","X","X","QFC01","Q_Machining(General)","1","1","1","63400","50.83","26.45","6","국내","2023-03-22","","","SEO26FF"
"Q1077761","계획품","X","X","QFC01","Q_Machining(General)","7","7","1","141000","57.17","20.83","12","국내","2026-05-12","","","SEO26FF"
"Q1077763","계획품","X","X","QFC01","Q_Machining(General)","7","7","1","101000","66.75","15.91","8","국내","2026-05-12","","","SEO26FF"
"Q1077776","계획품","X","X","QFC01","Q_Non/Fe Casting Metal(Copper)","4","4","4","5450000","79.19","29.91","16","국내","2026-04-23","","","SEO26FF"
"Q1077777","계획품","X","X","QFC01","Q_Non/Fe Casting Metal(Copper)","12","12","3","1680000","61.10","16.60","30","국내","2026-04-08","","","SEO26FF"
"Q1077786","계획품","X","X","QFC01","Q_Machining(General)","1","1","1","1180494.44","65.50","33.88","12","국내","2025-08-28","","","SEO26FF"
"Q1077922","계획품","X","X","QHB25","Q_Machining(General)","1","1","","1100000","","","0","(미확인)","","","","SEO26FF"
"Q1077925","계획품","X","X","QFC01","Q_Machining(General)","4","4","1","1130000","60","2.83","2","국내","2023-04-21","","","SEO26FF"
"Q1077941","보험품","X","X","QHB25","Q_Machining(General)","4","4","2","195000","49.33","6.51","3","국내","2026-02-02","","","SEO26FF"
"Q1078004","보험품","X","X","QFC01","Q_Machining(General)","1","3","2","116025","58.80","13.44","5","국내","2018-09-14","","","SEO26FF"
"Q1078005","보험품","X","X","QHB25","Q_Machining(General)","2","2","1","580000","60","16.97","2","국내","2025-11-06","","","SEO26FF"
"Q1034310","보험품","X","X","QFC01","Q_Hydraulic & Pneumatics","2","13","4","319813","127","95.55","26","수입","2026-07-01","","","SEO26FF"
"Q1072889","계획품","X","X","QFC01","Q_Machining(General)","2","2","3","47520","49.33","20.98","3","국내","2018-10-02","","","SEO26FF"
"Q2024605","보험품","X","X","QFC01","Q_Pneumatic Cylinder","2","2","2","17639000","140","18.38","2","국내","2025-08-12","","","SEO26FF"
"Q2028329","계획품","X","O","QFC01","Q_Drive Joint","1","1","2","491000","61","2.83","2","국내","2022-04-15","FM Crop Shear","","SEO26FF"
"Q1007239","보험품","X","X","QFC01","Q_Belt","5","5","1","14596","40","28.28","2","국내","2016-09-12","FM Main Motor","","SEO26FF"
"Q1021932","보험품","X","X","QFC01","Q_Packing & Seal","2","36","10","1302.58","72.33","65.81","45","수입","2026-06-25","","","SEO26FF"
"Q1072930","계획품","X","X","QHB24","Q_Gear & Gear box","2","2","3","40000000","145.75","48.02","8","국내","2026-07-29","","","SEO26FF"
"Q1073256","보험품","X","X","QFC01","Q_Machining(General)","4","4","1","440000","49.67","1.53","3","국내","2025-10-15","","","SEO26FF"
"Q1080496","계획품","X","O","QFC01","Q_Roller(S)","2","2","5","25000","93.75","126.60","12","국내","2026-08-24","FM Roll Alignment","","SEO26FF"
"Q2026952","보험품","X","X","QFC01","Q_Hydraulic Cylinder","4","4","4","1923333.33","93.67","20.76","12","국내","2026-07-07","","","SEO26FF"
"Q2032488","보험품","X","X","QFC01","Q_Non/Fe Casting Metal(Others)","3","3","2","460000","55","9","3","국내","2024-08-14","","","SEO26FF"
"Q2032490","보험품","X","X","QFC01","Q_Non/Fe Casting Metal(Others)","4","4","2","430000","55","9","3","국내","2024-08-14","","","SEO26FF"
"Q2032491","보험품","X","X","QFC01","Q_Non/Fe Casting Metal(Others)","4","4","2","540000","55","9","3","국내","2024-08-14","","","SEO26FF"
"Q2038307","계획품","X","X","QFC01","Q_Hydraulic Cylinder","4","4","4","950000","84.76","30.52","17","국내","2026-01-26","","","SEO26FF"
"Q2039356","계획품","X","X","QVC03","Q_Machining(General)","1","1","1","3450000","48","4.24","2","국내","2025-11-27","","","SEO26FF"
"Q2040220","계획품","X","X","QFC01","Q_Machinery Common","2","2","1","3634841","70.11","15.43","18","국내","2026-02-23","","","SEO26FF"
"Q2042214","보험품","X","X","QFC01","Q_Drive Coupling","2","2","2","120000","40.60","18.74","5","국내","2025-09-11","","","SEO26FF"
"Q2052411","보험품","X","O","QFC01","Q_Machining(General)","2","2","2","95000","61.33","19.14","3","국내","2023-05-02","FM Main Motor","","SEO26FF"
"Q2054201","보험품","X","X","QFC01","Q_Hydraulic Cylinder","2","3","3","2520000","95","29.53","5","국내","2025-07-29","","","SEO26FF"
"Q2055671","보험품","X","X","QFC01","Q_Machining(General)","8","8","2","1100","59.33","12.44","6","국내","2025-08-21","FM Main Motor","","SEO26FF"
"Q2055672","보험품","X","X","QFC01","Q_Hydraulic Cylinder","1","1","4","680000","107.11","29.76","9","국내","2025-11-05","","","SEO26FF"
"Q2055698","계획품","X","X","QFC01","Q_Non/Fe Casting Metal(Copper)","4","4","3","387081","61.88","7.70","8","국내","2025-09-15","","","SEO26FF"
"Q2056110","보험품","X","X","QHB27","Q_Hydraulic Cylinder","1","1","1","234707","83.50","30.41","2","국내","2020-01-03","","","SEO26FF"
"Q2059079","보험품","X","X","QFC01","Q_Machining(General)","1","1","1","90000","23","0","1","국내","2017-07-19","","","SEO26FF"
"Q2059080","보험품","X","X","QFC01","Q_Machining(General)","10","10","1","14200","31.67","16.62","3","국내","2018-04-09","","","SEO26FF"
"Q2059081","보험품","X","X","QFC01","Q_Machining(General)","10","10","2","14050","47","15.62","3","국내","2018-05-09","","","SEO26FF"
"Q2059082","보험품","X","X","QFC01","Q_Machining(General)","5","5","2","13000","52.50","16.22","4","국내","2018-05-08","","","SEO26FF"
"Q2059083","보험품","X","X","QFC01","Q_Machining(General)","10","10","2","11800","57.33","9.02","3","국내","2017-07-20","","","SEO26FF"
"Q2059088","보험품","X","X","QFC01","Q_Non/Fe Casting Metal(Copper)","4","4","5","130000","47.89","16.52","9","국내","2025-05-26","","","SEO26FF"
"Q2060148","보험품","X","X","QFC01","Q_Machining(General)","10","10","2","20000","45.67","15.31","3","국내","2025-04-30","","","SEO26FF"
"Q2060154","보험품","X","X","QFC01","Q_Machining(General)","2","2","1","76000","82","0","1","국내","2019-06-17","","","SEO26FF"
"Q2060222","보험품","X","X","QFC01","Q_Packing & Seal","5","5","2","95880.19","131.64","51.19","11","수입","2024-06-10","","","SEO26FF"
"Q2060332","보험품","X","X","QVC03","Q_Machinery Common","1","1","1","3300693","66.33","30.89","3","국내","2022-06-21","","","SEO26FF"
"Q2060337","보험품","X","X","QFC01","Q_Machinery Common","1","1","1","4621294","49.20","19.72","5","국내","2026-04-29","","","SEO26FF"
"Q2060460","보험품","X","X","QVC03","Q_Hydraulic Cylinder(Critical)","2","3","4","12700000","86.29","37.57","7","국내","2026-04-07","","","SEO26FF"
"Q2060462","계획품","O","X","QFC01","Q_Hydraulic Cylinder","1","1","5","8030000","96.40","21.68","10","국내","2026-07-07","","2","SEO26FF"
"Q2060463","보험품","X","X","QFC01","Q_Hydraulic Cylinder","1","2","2","4970000","84.33","13.58","3","국내","2026-06-30","","","SEO26FF"
"Q2060465","보험품","X","X","QFC01","Q_Hydraulic Cylinder","1","1","3","7497000","86.75","13.79","4","국내","2022-07-20","","","SEO26FF"
"Q2060474","보험품","X","X","QFC01","Q_Hydraulic Cylinder","1","1","2","3490000","86.67","20.82","3","국내","2021-11-29","","","SEO26FF"
"Q2064661","보험품","X","X","QFC01","Q_Pneumatic Cylinder","1","2","2","970000","99.29","55.97","7","국내","2025-02-10","","","SEO26FF"
"Q2064662","계획품","X","X","QHB25","Q_Hydraulic Cylinder","2","2","1","1690000","86","45.25","2","국내","2018-11-29","","","SEO26FF"
"Q2065292","계획품","X","X","QHB24","Q_Hydraulic & Pneumatics","1","6","1","2623132","165.83","32.29","6","국내","2026-04-02","","","SEO26FF"
"Q2066145","보험품","X","X","QFC01","Q_Machining(General)","1","1","1","1050000","64.33","9.45","3","국내","2025-12-10","","","SEO26FF"
"Q2068400","계획품","X","O","QFC01","Q_Packing & Seal","2","2","1","350778","53.33","18.47","9","국내","2026-07-24","FM Crop Shear","","SEO26FF"
"Q2070790","계획품","O","X","QFC01","Q_Rotary/Swivel Joint","1","1","1","2100000","51.88","8.77","8","국내","2024-12-30","","2","SEO26FF"
"Q2070791","계획품","O","X","QFC01","Q_Rotary/Swivel Joint","3","3","1","2150000","59.27","41.20","22","국내","2026-03-10","","1","SEO26FF"
"Q2070796","계획품","O","X","QFC01","Q_Rotary/Swivel Joint","2","2","1","1400000","62","16.79","6","국내","2026-08-13","","1","SEO26FF"
"Q2070797","계획품","O","X","QFC01","Q_Rotary/Swivel Joint","1","1","2","1450000","58.33","33.32","18","국내","2026-03-10","","1","SEO26FF"
"Q2070800","계획품","O","X","QFC01","Q_Rotary/Swivel Joint","4","4","1","2000000","54.43","31.58","21","국내","2026-03-19","","1","SEO26FF"
"Q2070801","계획품","O","O","QFC01","Q_Rotary/Swivel Joint","4","4","2","1300000","51.38","16.92","16","국내","2026-03-10","FM Roll Alignment","2","SEO26FF"
"Q2074351","보험품","X","X","QFC01","Q_Machining(General)","1","1","1","17320000","120","0","1","국내","2025-12-04","","","SEO26FF"
"Q2076004","보험품","X","X","QFC01","Q_Hydraulic & Pneumatics","2","2","1","4071265","279","51.35","6","국내","2026-01-05","","","SEO26FF"
"Q2076458","보험품","X","X","QFC01","Q_Machining(General)","6","6","1","25000","52.33","9.07","3","국내","2025-03-20","","","SEO26FF"
"Q2076463","보험품","X","X","QHB24","Q_Machining(General)","1","1","1","460000","50","0","1","국내","2025-11-13","","","SEO26FF"
"Q2079650","보험품","X","X","QFC01","Q_Machining(General)","2","2","1","16500","54","1.41","2","국내","2021-10-07","","","SEO26FF"
"Q2079652","보험품","X","X","QFC01","Q_Machining(General)","2","2","1","16500","54","1.41","2","국내","2021-10-07","","","SEO26FF"
"Q2079654","보험품","X","X","QFC01","Q_Machining(General)","2","2","1","16500","54","1.41","2","국내","2021-10-07","","","SEO26FF"
"Q2079803","보험품","X","X","QFC01","Q_Non/Fe Casting Metal(Copper)","8","8","4","1750000","54","17.34","8","국내","2023-03-03","FM Main Motor","","SEO26FF"
"Q2082726","보험품","X","X","QFC01","Q_Machining(General)","10","10","1","23371.88","41.50","6.14","4","국내","2025-04-15","","","SEO26FF"
"Q2082954","보험품","X","X","QFC01","Q_Machining(General)","10","10","2","20000","56","8.49","2","국내","2025-10-15","","","SEO26FF"
"Q2084886","보험품","X","X","QFC01","Q_Non/Fe Casting Metal(Copper)","4","4","1","960000","58","12.73","2","국내","2018-10-04","","","SEO26FF"
"Q2086017","계획품","X","X","QHB27","Q_Hydraulic Cylinder","1","1","","1250000","72","0","1","(미확인)","2026-06-25","","","SEO26FF"
"Q2086434","보험품","X","X","QFC01","Q_Hydraulic & Pneumatics","2","2","1","1185305","62","12.53","3","국내","2025-08-11","FM Main Motor","","SEO26FF"
"Q2086435","보험품","X","X","QFC01","Q_Hydraulic & Pneumatics","2","2","1","1185305","62","12.53","3","국내","2025-08-11","","","SEO26FF"
"Q2086682","보험품","X","X","QFC01","Q_Packing & Seal","10","12","2","2167","57.50","39.28","4","수입","2025-09-23","","","SEO26FF"
"Q2087261","보험품","X","X","QFC01","Q_Mechanical Seal (Ready)","1","1","1","218106.40","49.64","58.09","33","국내","2026-07-29","","","SEO26FF"
"Q2087833","보험품","X","X","QFC01","Q_Non/Fe Casting Metal(Copper)","4","4","1","295000","60","0","1","국내","2015-02-04","","","SEO26FF"
"Q2091278","보험품","O","X","QFC01","Q_Hydraulic Cylinder","1","1","2","6880000","129.50","26.16","2","국내","2023-11-08","","2","SEO26FF"
"Q2091279","보험품","O","X","QFC01","Q_Hydraulic Cylinder","1","1","4","5663000","93","28.31","5","국내","2026-04-02","","1","SEO26FF"
"Q2094313","보험품","X","X","QFC01","Q_Non/Fe Casting Metal(Copper)","2","2","","825000","","","0","(미확인)","","","","SEO26FF"
"Q2095005","계획품","X","X","QHB24","Q_Gear & Gear box","1","1","","810000","","","0","(미확인)","","","","SEO26FF"
"Q2095006","보험품","X","X","QFC01","Q_Gear & Gear box","4","4","1","2908000","118.50","3.54","2","국내","2025-10-29","","","SEO26FF"
"Q2095020","보험품","X","O","QFC01","Q_Machining(General)","10","10","2","15600","44.50","4.95","2","국내","2018-02-13","FM Edge Heater","","SEO26FF"
"Q2095032","계획품","X","X","QFC01","Q_Machining(General)","1","1","1","12500000","104.60","30.61","5","국내","2026-03-31","","","SEO26FF"
"Q2095281","보험품","X","X","QVC03","Q_Machining(General)","1","1","2","1590000","61.33","8.50","3","국내","2025-06-12","","","SEO26FF"
"Q2095868","보험품","X","X","QFC01","Q_Machining(General)","1","1","1","56000","66","0","1","국내","2022-07-18","","","SEO26FF"
"Q2096490","보험품","X","X","QFC01","Q_Machining(General)","1","1","3","1253120","60.33","5.86","3","국내","2017-09-29","","","SEO26FF"
"Q2097306","보험품","X","O","QFC01","Q_Ball & Roller BRG","12","16","2","10830.36","62","34.00","11","수입","2024-01-15","FM Main Motor","","SEO26FF"
"Q2097711","계획품","X","X","QFC01","Q_Hydraulic Cylinder","1","1","4","500000","68.93","24.69","30","국내","2026-08-25","","","SEO26FF"
"Q2097972","계획품","X","X","QFC01","Q_Machinery Common","2","3","1","2079994","42","18.23","19","국내","2026-03-12","","","SEO26FF"
"Q2098351","계획품","X","X","QHB25","Q_Machining(General)","2","2","2","660000","68","19.08","3","국내","2026-04-16","","","SEO26FF"
"Q2098353","계획품","X","X","QHB25","Q_Machining(General)","2","2","1","550000","67.33","25.58","3","국내","2026-04-30","","","SEO26FF"
"Q2098900","계획품","X","X","QVC03","Q_Machining(General)","1","1","1","9500000","59","0","1","국내","2020-09-24","","","SEO26FF"
"Q2100582","계획품","X","O","QFC01","Q_Critical Bearing","8","14","6","794098.35","230.45","127.00","40","수입","2026-07-02","FM Hot Leveller","","SEO26FF"
"Q2101008","보험품","X","O","QFC01","Q_Rubber Class (General)","8","8","2","14444","46.50","4.20","4","국내","2024-08-26","FM Screw Down","","SEO26FF"
"Q2101009","보험품","X","O","QFC01","Q_Rubber Class (General)","4","4","2","13412","46.50","4.20","4","국내","2024-08-26","FM Screw Down","","SEO26FF"
"Q2101010","보험품","X","O","QFC01","Q_Rubber Class (General)","8","8","2","14444","46.50","4.20","4","국내","2024-08-26","FM Screw Down","","SEO26FF"
"Q2101882","계획품","X","X","QVC03","Q_Machining(General)","1","1","1","8900000","77","18.52","3","국내","2026-07-28","","","SEO26FF"
"Q2102570","계획품","X","X","QHB25","Q_Machining(General)","2","2","3","1280000","60","8.19","5","국내","2026-08-11","","","SEO26FF"
"Q2104247","계획품","X","X","QFC01","Q_Grease Pump","2","5","2","197055","69.57","53.50","7","수입","2025-07-14","","","SEO26FF"
"Q2106112","보험품","X","X","QFC01","Q_Non/Fe Casting Metal(Copper)","8","8","1","875000","58","12.73","2","국내","2015-02-16","","","SEO26FF"
"Q2110732","보험품","X","O","QFC01","Q_Machining(General)","1","2","1","16500000","120","0","1","국내","2026-03-10","FM Roll Alignment","","SEO26FF"
"Q2110733","보험품","X","O","QFC01","Q_Machining(General)","1","1","1","16500000","99","29.70","2","국내","2026-03-10","FM Roll Alignment","","SEO26FF"
"Q2116016","계획품","X","O","QFC01","Q_Packing & Seal","8","8","1","404107","66.78","26.52","32","국내","2026-05-26","FM Spindle 감속기","","SEO26FF"
"Q2116265","계획품","X","X","QHB24","Q_Packing & Seal","5","5","1","640686","75.97","27.52","33","국내","2026-05-26","","","SEO26FF"
"Q2116694","보험품","X","X","QVC03","Q_Machinery Common","1","1","1","1479621","55.20","25.55","5","국내","2023-02-27","","","SEO26FF"
"Q2116695","보험품","X","X","QFC01","Q_Machinery Common","1","1","1","1400392","55.40","26.46","5","국내","2026-04-13","","","SEO26FF"
"Q2117078","보험품","X","X","QHB27","Q_Hydraulic & Pneumatics","8","8","1","10307000","171.92","59.21","13","국내","2026-07-09","","","SEO26FF"
"Q2118354","보험품","X","X","QFC01","Q_Packing & Seal","20","20","1","14584","41","7.62","5","국내","2022-01-21","","","SEO26FF"
"Q2118643","보험품","X","X","QHB24","Q_Hydraulic & Pneumatics","2","2","1","383420","199.50","57.63","10","국내","2026-03-10","","","SEO26FF"
"Q2119613","보험품","X","X","QFC01","Q_Non/Fe Casting Metal(Copper)","4","4","3","80000","56.50","19.43","4","국내","2024-10-14","","","SEO26FF"
"Q2120491","보험품","X","O","QFC01","Q_Drive Coupling","6","6","2","130000","48.90","21.12","10","국내","2025-09-01","FM Spindle 감속기","","SEO26FF"
"Q2122540","계획품","X","X","QFC01","Q_Machining(General)","1","1","1","11500000","115.25","31.13","4","국내","2026-03-31","FM Main Motor","","SEO26FF"
"Q2125396","계획품","X","X","QFC01","Q_Machining(General)","2","2","4","13691500","100.78","34.48","9","국내","2025-06-30","","","SEO26FF"
"Q2125412","계획품","X","X","QFC01","Q_Packing & Seal","2","2","1","16049125","108.22","38.13","9","국내","2026-06-08","","","SEO26FF"
"Q2125413","계획품","X","X","QFC01","Q_Packing & Seal","2","2","1","14394278","94.90","24.14","20","국내","2026-05-18","","","SEO26FF"
"Q2125462","계획품","X","X","QFC01","Q_Machining(General)","2","2","2","14630000","82.29","29.72","14","국내","2026-05-11","","","SEO26FF"
"Q2125464","계획품","X","X","QVC03","Q_Machining(General)","2","2","2","18690000","86.38","15.86","8","국내","2025-07-08","","","SEO26FF"
"Q2126080","계획품","X","X","QFC01","Q_Machining(General)","1","1","1","3485350","83","0","1","국내","2019-11-14","","","SEO26FF"
"Q2126459","보험품","X","X","QFC01","Q_Machining(General)","40","40","2","2860","43","9.90","2","국내","2016-10-28","","","SEO26FF"
"Q2133117","보험품","X","X","QFC01","Q_Cast Iron (S)","1","1","1","138716","63","0","1","국내","2016-10-25","","","SEO26FF"
"Q2133118","보험품","X","X","QFC01","Q_Cast Iron (S)","2","2","1","374532","57.67","20.84","3","국내","2019-08-26","","","SEO26FF"
"Q2133119","보험품","X","X","QFC01","Q_Cast Iron (S)","1","1","2","237761","54","11.31","2","국내","2016-12-12","","","SEO26FF"
"Q2135729","보험품","X","X","QVC07","Q_Steel Material","11","28","6","355942","30.83","18.50","94","수입","2026-08-26","","","SEO26FF"
"Q2137371","계획품","X","X","QFC01","Q_Machining(General)","1","1","","2705000","","","0","(미확인)","","","","SEO26FF"
"Q2137920","계획품","X","X","QFC01","Q_Drive Joint","4","5","4","4720000","68.43","21.77","7","국내","2023-06-02","","","SEO26FF"
"Q2137922","계획품","X","X","QVC03","Q_Drive Joint","2","2","2","840000","68","12.73","2","국내","2026-06-25","","","SEO26FF"
"Q2139926","보험품","O","X","QFC01","Q_Rotary/Swivel Joint","1","1","2","1100000","58.80","19.29","10","국내","2026-03-10","","1","SEO26FF"
"Q2140042","보험품","X","X","QFC01","Q_Machining(General)","5","5","1","449400","65","0","1","국내","2017-10-20","","","SEO26FF"
"Q2141016","보험품","X","X","QFC01","Q_Drive Coupling","2","2","1","70000","26","0","1","국내","2017-02-28","","","SEO26FF"
"Q2141021","보험품","X","X","QFC01","Q_Cast Iron (S)","2","2","","319028","53","0","1","(미확인)","2017-03-27","","","SEO26FF"
"Q2142284","계획품","X","O","QFC01","Q_Non/Fe Casting Metal(Copper)","10","10","2","50536","92.60","24.68","5","국내","2025-11-10","FM Main Motor","","SEO26FF"
"Q2142898","계획품","X","O","QFC01","Q_Machining(General)","4","4","3","230000","58.33","14.91","6","국내","2024-01-12","FM Pinion Stand","","SEO26FF"
"Q2143052","보험품","X","X","QFC01","Q_Machining(General)","6","6","1","112500","58","2.83","2","국내","2022-03-22","","","SEO26FF"
"Q2144319","계획품","X","X","QFC01","Q_Hydraulic & Pneumatics","1","2","1","639034","130.80","35.23","5","국내","2020-06-04","","","SEO26FF"
"Q2146787","계획품","X","O","QFC01","Q_Hydraulic & Pneumatics","1","1","1","2793197","222","17.44","3","국내","2024-06-11","QOC Servo","","SEO26FF"
"Q2147980","계획품","X","X","QFC01","Q_Machining(General)","2","2","1","35000","66","0","1","국내","2025-05-12","","","SEO26FF"
"Q2154362","계획품","X","X","QFC01","Q_Hydraulic & Pneumatics","2","3","1","988055.22","156.80","72.25","15","수입","2026-07-30","FM Main Motor","","SEO26FF"
"Q2162230","계획품","X","X","QHB27","Q_Rotary/Swivel Joint","2","2","3","210000","51.80","17.89","10","국내","2026-07-29","","","SEO26FF"
"Q2162413","계획품","X","O","QHB24","Q_Machinery Common","2","2","","794143","","","0","(미확인)","","FM Screw Down","","SEO26FF"
"Q2163394","계획품","X","X","QFC01","Q_Machining(General)","2","2","1","2635000","53","0","1","국내","2019-03-11","FM Main Motor","","SEO26FF"
"Q2166135","계획품","X","X","QHB25","Q_Hydraulic & Pneumatics","2","7","1","96669","61.58","41.17","12","국내","2026-03-05","","","SEO26FF"
"Q2166833","계획품","X","X","QFC01","Q_Machining(General)","4","4","1","129800","53.50","27.27","8","국내","2018-04-12","","","SEO26FF"
"Q2168061","계획품","X","X","QFC01","Q_Hydraulic Cylinder","2","2","6","350000","81.69","20.81","13","국내","2024-10-10","","","SEO26FF"
"Q2168437","계획품","X","X","QFC01","Q_Drive Coupling","2","2","2","250000","57.44","12.13","9","국내","2021-05-14","","","SEO26FF"
"Q2169758","계획품","X","X","QHB24","Q_Machinery Common","1","1","1","2007915","37.67","15.91","6","국내","2026-03-11","","","SEO26FF"
"Q2173282","계획품","X","X","QFC01","Q_Hydraulic Cylinder","1","3","4","4769000","108.71","19.59","7","국내","2023-09-08","","","SEO26FF"
"Q2176849","보험품","X","X","QVC03","Q_Gear & Gear box","1","1","","46720558","","","0","(미확인)","","","","SEO26FF"
"Q2177492","계획품","X","O","QFC01","Q_Drive Joint","1","1","1","1150000","52","4.24","2","국내","2024-07-10","FM Hot Leveller","","SEO26FF"
"Q2177493","계획품","X","X","QFC01","Q_Drive Joint","1","1","1","1180000","47","4.24","2","국내","2023-04-28","","","SEO26FF"
"Q2179246","보험품","X","X","QFC01","Q_Machining(General)","2","2","1","1097000","82","0","1","국내","2019-06-17","","","SEO26FF"
"Q2184244","계획품","X","O","QHB24","Q_Machining(General)","1","1","2","3150000","62","6.93","3","국내","2026-07-27","FM Crop Shear","","SEO26FF"
"Q2184478","계획품","X","O","QHB24","Q_Machining(General)","1","1","2","2790000","60.33","8.74","3","국내","2026-07-22","FM Crop Shear","","SEO26FF"
"Q2184712","계획품","X","X","QFC01","Q_Machining(General)","2","2","1","2454000","69","0","1","국내","2020-02-10","","","SEO26FF"
"Q2187474","보험품","X","X","QFC01","Q_Machining(General)","7","7","","824661","","","0","(미확인)","","FM Main Motor","","SEO26FF"
"Q2190703","계획품","X","O","QFC01","Q_Hydraulic Cylinder","1","1","3","2140000","107.75","30.31","4","국내","2023-12-19","FM Hot Leveller","","SEO26FF"
"Q2191618","계획품","X","X","QFC01","Q_Packing & Seal","30","30","4","46652.64","116.50","78.72","22","수입","2026-06-08","","","SEO26FF"
"Q2191857","보험품","X","X","QFC01","Q_Packing & Seal","10","41","4","1805","65.50","25.00","8","수입","2025-10-13","","","SEO26FF"
"Q2194210","계획품","X","X","QHB25","Q_Cast Steel (S)","3","3","","920800","","","0","(미확인)","","","","SEO26FF"
"Q2194211","계획품","X","X","QHB25","Q_Cast Steel (S)","3","3","","917000","","","0","(미확인)","","","","SEO26FF"
"Q2194827","보험품","X","X","QFC01","Q_Wheel","2","2","4","551000","60.20","17.92","5","국내","2019-07-17","","","SEO26FF"
"Q2195767","계획품","X","X","QHB25","Q_Machining(General)","2","2","","289659","","","0","(미확인)","","","","SEO26FF"
"Q2200004","보험품","X","X","QFC01","Q_Machining(General)","16","16","1","210000","65","0","1","국내","2017-02-15","","","SEO26FF"
"Q2200005","보험품","X","X","QFC01","Q_Machining(General)","16","16","1","515900","64","0","1","국내","2017-02-14","","","SEO26FF"
"Q2200464","보험품","X","X","QFC01","Q_Rubber Class (General)","8","8","2","14444","44.40","4.72","5","국내","2024-08-26","","","SEO26FF"
"Q2200465","보험품","X","X","QFC01","Q_Rubber Class (General)","8","8","2","14444","44.40","4.72","5","국내","2024-08-26","","","SEO26FF"
"Q2200466","보험품","X","X","QFC01","Q_Rubber Class (General)","4","4","3","13412","59.75","29.65","4","국내","2024-08-26","","","SEO26FF"
"Q2202508","보험품","X","O","QFC01","Q_Hydraulic Cylinder","1","1","2","2630000","86","2.83","2","국내","2015-10-21","FM Roll Alignment","","SEO26FF"
"Q2206557","보험품","X","X","QFC01","Q_Fitting","4","5","6","32491.84","76.14","93.64","37","수입","2026-03-10","","","SEO26FF"
"Q2208062","보험품","X","X","QFC01","Q_Hydraulic & Pneumatics","10","36","3","19068","43.56","29.60","16","수입","2026-02-19","","","SEO26FF"
"Q2210205","계획품","X","X","QFC01","Q_Cast Steel (S)","4","4","2","2366496","134.67","94.56","3","국내","2021-07-27","Stand Main TR","","SEO26FF"
"Q2217711","계획품","X","X","QFC01","Q_Machining(General)","1","1","2","455000","74.50","9.19","2","국내","2017-02-06","","","SEO26FF"
"Q2223743","계획품","X","X","QFC01","Q_Hydraulic Cylinder","2","2","3","5025000","73","14.64","8","국내","2026-05-26","","","SEO26FF"
"Q2224741","보험품","X","X","QHB25","Q_Hydraulic Cylinder","2","2","2","4920000","84.67","22.12","3","국내","2024-11-25","","","SEO26FF"
"Q2228118","보험품","X","X","QFC01","Q_Roller(S)","1","1","1","900000","62","0","1","국내","2023-09-08","","","SEO26FF"
"Q2228203","계획품","X","X","QHB27","Q_Machining(General)","2","2","1","2260000","61.50","8.06","4","국내","2026-05-19","","","SEO26FF"
"Q2228264","보험품","X","O","QFC01","Q_Non/Fe Casting Metal(Copper)","2","2","3","140000","45.33","12.41","9","국내","2022-09-14","FM Main Motor","","SEO26FF"
"Q2233578","계획품","X","X","QFC01","Q_Cast Steel (S)","2","2","2","2796768","134.67","94.56","3","국내","2021-07-27","Stand Main TR","","SEO26FF"
"Q2234798","계획품","O","X","QFC01","Q_Drive Joint","1","1","1","9000000","79","32.70","3","국내","2022-01-05","","2","SEO26FF"
"Q2235169","보험품","X","X","QFC01","Q_Machining(General)","1","1","1","1440000","54.25","5.06","4","국내","2022-01-14","","","SEO26FF"
"Q2235172","보험품","X","X","QFC01","Q_Machining(General)","1","1","1","1440000","54.25","5.06","4","국내","2022-01-14","","","SEO26FF"
"Q4002139","보험품","X","X","QFC01","Q_Machining(General)","1","1","1","1025000","54","0","1","국내","2023-04-13","","","SEO26FF"
"Q4003811","보험품","X","X","QFC01","Q_Machining(General)","1","1","","1351680","","","0","(미확인)","","","","SEO26FF"
"Q4005375","계획품","X","X","QHB24","Q_Machining(General)","2","2","1","5210000","86.50","6.36","2","국내","2026-05-28","","","SEO26FF"
"Q4008483","계획품","X","X","QFC01","Q_Resinoid Class (General)","8","8","","26000","","","0","(미확인)","","","","SEO26FF"
"Q4008484","계획품","X","X","QFC01","Q_Resinoid Class (General)","10","10","1","12896","35","5.66","2","국내","2020-04-10","","","SEO26FF"
"Q4008971","계획품","X","X","QFC01","Q_Rotary/Swivel Joint","2","7","3","210000","98.33","81.44","6","수입","2026-03-03","","","SEO26FF"
"Q4011271","계획품","X","X","QFC01","Q_Packing & Seal","5","5","1","3177","52","0","1","국내","2016-08-12","","","SEO26FF"
"Q4012998","보험품","X","O","QFC01","Q_Machining(General)","2","2","","300000","","","0","(미확인)","","Walking Beam 기어베어링","","SEO26FF"
"Q4013000","보험품","X","O","QFC01","Q_Wheel","1","1","","2461000","","","0","(미확인)","","Walking Beam 기어베어링","","SEO26FF"
"Q4014292","계획품","X","X","QFC01","Q_Roller(S)","8","8","1","120000","52","9.90","2","국내","2020-05-06","","","SEO26FF"
"Q4015362","보험품","X","X","QFC01","Q_Wheel","1","1","1","660000","67","0","1","국내","2017-02-17","","","SEO26FF"
"Q4015363","보험품","X","X","QFC01","Q_Machining(General)","1","1","1","248000","57","0","1","국내","2017-02-07","","","SEO26FF"
"Q4015364","보험품","X","X","QFC01","Q_Machining(General)","1","1","1","318000","57","0","1","국내","2017-02-07","","","SEO26FF"
"Q4015365","보험품","X","X","QFC01","Q_Machining(General)","1","1","1","59566.67","56","0","1","국내","2017-02-06","","","SEO26FF"
"Q4015405","계획품","X","O","QFC01","Q_Machining(General)","1","1","2","2119000","60.40","10.55","5","국내","2025-09-02","FM Roll Alignment","","SEO26FF"
"Q4015414","보험품","X","X","QFC01","Q_Machining(General)","1","1","1","39600","52","0","1","국내","2017-02-02","","","SEO26FF"
"Q4015950","계획품","X","X","QHB25","Q_Machining(General)","1","2","1","4200000","69.50","28.99","2","국내","2026-05-15","","","SEO26FF"
"Q4015951","계획품","X","X","QHB25","Q_Machining(General)","1","2","1","4200000","69.50","28.99","2","국내","2026-05-15","","","SEO26FF"
"Q4015952","계획품","X","X","QHB25","Q_Machining(General)","1","2","2","4480000","73","24.04","2","국내","2026-05-15","","","SEO26FF"
"Q4015953","계획품","X","X","QHB25","Q_Machining(General)","1","2","1","4480000","69.50","28.99","2","국내","2026-05-15","","","SEO26FF"
"Q4017406","계획품","X","X","QHB25","Q_Machining(General)","2","2","1","1610500","72","24.04","2","국내","2017-07-17","","","SEO26FF"
"Q4020699","보험품","X","O","QFC01","Q_Fitting","3","3","1","155355","52.12","14.86","8","국내","2022-06-24","Table Roller 기어박스","","SEO26FF"
"Q4026534","계획품","X","X","QHB24","Q_Cast Iron (S)","100","100","3","16000","55","13.59","7","국내","2026-05-07","FM Main Motor","","SEO26FF"
"Q4030002","계획품","X","X","QFC01","Q_Hydraulic Cylinder","4","4","3","850000","83.64","24.28","11","국내","2022-09-05","","","SEO26FF"
"Q4030286","보험품","X","O","QFC01","Q_Machining(General)","1","1","","11500","","","0","(미확인)","","Walking Beam 기어베어링","","SEO26FF"
"Q4030636","보험품","X","O","QFC01","Q_Machining(General)","1","1","","12000","","","0","(미확인)","","Walking Beam 기어베어링","","SEO26FF"
"Q4033165","계획품","X","X","QFC01","Q_Pneumatic Cylinder","2","10","6","3933000","89.11","31.50","28","국내","2026-08-20","","","SEO26FF"
"Q4034332","보험품","X","X","QFC01","Q_Non/Fe Casting Metal(Copper)","2","2","1","1765000","41","26.67","7","국내","2017-07-06","","","SEO26FF"
"Q4037546","계획품","X","X","QFC01","Q_Machining(General)","2","2","1","1017533.33","77","0","1","국내","2018-03-07","","","SEO26FF"
"Q4041104","보험품","X","X","QFC01","Q_Drive Coupling","1","1","2","258000","76","7.94","3","국내","2025-12-16","","","SEO26FF"
"Q4045098","계획품","X","X","QFC01","Q_Machining(General)","2","2","1","79000","49","0","1","국내","2018-08-08","","","SEO26FF"
"Q4045501","계획품","X","X","QFC01","Q_Machining(General)","16","16","1","68000","74.50","23.33","2","국내","2026-07-16","","","SEO26FF"
"Q4045748","계획품","X","X","QFC01","Q_Machining(General)","5","5","1","180000","62","18.25","3","국내","2026-07-29","","","SEO26FF"
"Q4047391","보험품","X","X","QHB25","Q_Control Valve (Ready)","1","1","1","4470495","62","20.45","11","국내","2026-02-27","","","SEO26FF"
"Q4051167","보험품","X","O","QFC01","Q_Non/Fe Casting Metal(Copper)","4","4","2","329000","54","14.63","4","국내","2022-01-07","FM Hot Leveller","","SEO26FF"
"Q4057578","계획품","X","X","QFC01","Q_Hydraulic & Pneumatics","2","2","","982257","168","0","1","(미확인)","2020-03-23","","","SEO26FF"
"Q3200485","보험품","X","X","QFC01","Q_Bolt & Nut","142","142","2","600","44.50","18.68","6","수입","2026-01-02","","","SEO26FF"
"Q4073338","보험품","X","X","QFC01","Q_Cast Steel (S)","2","2","1","2950000","77","0","1","국내","2022-02-10","","","SEO26FF"
"Q4079757","계획품","X","X","QHB25","Q_Machining(General)","2","2","1","4085000","64.75","4.99","4","국내","2026-08-11","","","SEO26FF"
"Q4080226","계획품","X","X","QHB25","Q_Machining(General)","1","1","1","13600000","107.33","31.53","3","국내","2026-06-10","","","SEO26FF"
"Q4080430","계획품","X","O","QFC01","Q_Metal Bearing","1","1","","5700000","","","0","(미확인)","","FM Main Motor","","SEO26FF"
"Q4084463","보험품","X","X","QFC01","Q_Non/Fe Casting Metal(Copper)","4","4","1","927676","58","21.46","4","국내","2019-04-02","","","SEO26FF"
"Q4085105","보험품","X","X","QFC01","Q_Machining(General)","1","1","1","9020000","67.25","12.69","4","국내","2025-12-16","","","SEO26FF"
"Q4089851","보험품","X","O","QFC01","Q_Machining(General)","2","2","2","16600","44.50","4.95","2","국내","2018-02-13","FM Edge Heater","","SEO26FF"
"Q4103142","보험품","X","O","QFC01","Q_Hydraulic & Pneumatics","1","1","","1593938","","","0","(미확인)","","FM Hot Leveller","","SEO26FF"
"Q4104776","계획품","X","X","QFC01","Q_Control Valve (Order)","1","2","3","19980000","126.75","34.61","4","국내","2021-11-17","","","SEO26FF"
"Q4034340","계획품","X","X","QHB24","Q_Steel Material","70.68","141.36","4","5046","31.50","18.66","40","수입","2026-08-13","","","SEO26FF"
"Q4112995","보험품","X","O","QFC01","Q_Roller(S)","4","4","2","27000","43","8.49","2","국내","2020-12-29","FM Hot Leveller","","SEO26FF"
"Q4119198","보험품","X","X","QFC01","Q_Manual Valve","1","1","1","8031660","74.40","17.44","5","국내","2024-01-30","FM Main Motor","","SEO26FF"
"Q4124066","보험품","X","X","QFC01","Q_Ball & Roller BRG","1","1","2","467111.61","239.71","159.81","7","수입","2024-07-05","","","SEO26FF"
"Q4136434","보험품","X","X","QFC01","Q_Machining(General)","2","2","","316390","","","0","(미확인)","","","","SEO26FF"
"Q4140768","보험품","X","X","QFC01","Q_Non/Fe Casting Metal(Copper)","2","2","2","1149100","70.50","7.78","2","국내","2014-12-15","","","SEO26FF"
"Q4140770","보험품","X","X","QFC01","Q_Non/Fe Casting Metal(Copper)","4","4","3","1018100","75.67","11.02","3","국내","2016-10-10","","","SEO26FF"
"Q4156386","보험품","X","X","QFC01","Q_Machining(General)","19","19","1","16005","22.50","19.09","2","국내","2016-10-19","","","SEO26FF"
"Q4168315","계획품","X","X","QFC01","Q_Rotary/Swivel Joint","1","1","1","746428.57","52.33","24.17","12","국내","2026-06-30","","","SEO26FF"
"Q4168388","계획품","X","X","QFC01","Q_Machinery Common","9","9","1","21109","36.90","17.16","10","국내","2026-01-15","FM Main Motor","","SEO26FF"
"Q4169942","보험품","X","X","QFC01","Q_Hydraulic & Pneumatics","1","1","1","5641350","91","0","1","국내","2014-04-18","","","SEO26FF"
"Q4172575","보험품","X","X","QFC01","Q_Control Valve (Order)","1","2","3","27940000","126.75","34.61","4","국내","2021-11-17","","","SEO26FF"
"Q4182619","보험품","X","X","QFC01","Q_Machining(General)","1","1","3","3704000","82","18.38","5","국내","2023-06-09","","","SEO26FF"
"Q4188532","보험품","X","X","QFC01","Q_Machining(General)","4","4","3","194000","66.86","18.18","7","국내","2024-02-14","","","SEO26FF"
"Q4189151","보험품","X","X","QFC01","Q_Machining(General)","6","6","4","81800","64.86","17.70","7","국내","2024-02-01","","","SEO26FF"
"Q4189150","보험품","X","X","QFC01","Q_Machining(General)","4","4","4","75300","63.29","17.02","7","국내","2024-02-01","","","SEO26FF"
"Q4198917","계획품","X","O","QFC01","Q_General Pump (Ready)","2","2","1","2368310","53.40","12.97","5","국내","2026-08-11","FM Main Motor","","SEO26FF"
"Q4200634","계획품","X","X","QHB24","Q_Ball & Roller BRG","3","3","1","993869","202.33","41.77","3","국내","2022-05-19","","","SEO26FF"
"Q4203928","보험품","X","X","QHB24","Q_Machining(General)","1","2","1","46000000","105.50","2.12","2","국내","2026-06-24","FM Main Motor","","SEO26FF"
"Q4204062","보험품","X","O","QHB24","Q_Gear & Gear box","2","2","1","1000000","87","14.14","2","국내","2026-06-17","FM Pinion Stand","","SEO26FF"
"Q4204059","보험품","X","O","QHB24","Q_Gear & Gear box","4","4","1","1200000","87","14.14","2","국내","2026-06-17","FM Pinion Stand","","SEO26FF"
"Q4204061","보험품","X","O","QHB24","Q_Gear & Gear box","1","1","1","1100000","79.50","3.54","2","국내","2026-06-17","FM Pinion Stand","","SEO26FF"
"Q4204060","보험품","X","O","QHB24","Q_Gear & Gear box","2","2","1","1350000","87","14.14","2","국내","2026-06-17","FM Pinion Stand","","SEO26FF"
"Q4208633","계획품","X","X","QHB24","Q_Machining(General)","2","2","2","220000","57","14.14","2","국내","2021-04-27","","","SEO26FF"
"Q4210315","보험품","X","X","QHB27","Q_Hydraulic Cylinder","1","1","1","3630000","101","0","1","국내","2014-10-16","","","SEO26FF"
"Q4210501","보험품","X","X","QFC01","Q_Machining(General)","1","1","1","3503333.33","54","9.90","2","국내","2019-06-14","","","SEO26FF"
"Q4210610","보험품","X","X","QFC01","Q_Non/Fe Casting Metal(Copper)","2","2","2","357000","53.50","17.68","2","국내","2019-06-19","","","SEO26FF"
"Q4210612","보험품","X","X","QFC01","Q_Machining(General)","2","2","1","486666.67","54","9.90","2","국내","2019-06-14","","","SEO26FF"
"Q4225250","계획품","X","X","QHB25","Q_Machining(General)","1","1","2","725000","47.75","16.36","4","국내","2020-09-28","","","SEO26FF"
"Q4229869","계획품","X","X","QHB27","Q_Machining(General)","2","2","1","2490000","62","8.16","4","국내","2026-08-12","","","SEO26FF"
"Q4232430","보험품","X","X","QFC01","Q_Manual Valve","1","1","1","3295040","86.67","28.75","3","국내","2025-05-22","","","SEO26FF"
"Q4232896","계획품","X","X","QHB25","Q_Machining(General)","33","33","2","43000","62","15.56","2","국내","2026-02-27","","","SEO26FF"
"Q4232897","계획품","X","X","QHB25","Q_Machining(General)","66","66","2","20000","62","15.56","2","국내","2026-02-27","","","SEO26FF"
"Q4233153","계획품","X","O","QHB24","Q_Machining(General)","4","4","1","278500","53","0","1","국내","2026-07-22","FM Crop Shear","","SEO26FF"
"Q4239083","보험품","X","X","QHB27","Q_Instrument Parts","3","3","2","1176408.90","163","141.42","2","수입","2026-04-27","","","SEO26FF"
"Q4245535","보험품","X","X","QFC01","Q_Roller(S)","3","3","2","1280000","76","1.41","2","국내","2025-10-29","FM Main Motor","","SEO26FF"
"Q4245876","보험품","X","X","QFC01","Q_Hydraulic & Pneumatics","2","3","1","654977","134.50","24.68","4","국내","2022-12-21","","","SEO26FF"
"Q4246475","보험품","X","X","QFC01","Q_Hydraulic & Pneumatics","2","6","1","389222","139.43","32.23","7","국내","2026-08-18","Stand Main TR","","SEO26FF"
"Q4251042","계획품","X","X","QFC01","Q_Machining(General)","50","50","1","20996.67","52","12.73","2","국내","2020-01-29","","","SEO26FF"
"Q4256411","보험품","X","X","QFC01","Q_Filter(Ready Made)","4","4","1","154755","97.80","14.58","5","국내","2025-10-28","","","SEO26FF"
"Q4264097","보험품","X","X","QFC01","Q_Drive Coupling","5","15","3","110000","58.25","18.84","8","국내","2025-11-24","","","SEO26FF"
"Q4273074","보험품","X","X","QFC01","Q_Machining(General)","2","2","3","1150000","61.20","28.26","5","국내","2023-01-10","","","SEO26FF"
"Q4278883","계획품","X","X","QHB25","Q_Machining(General)","1","1","1","295000","69","22","3","국내","2026-04-27","","","SEO26FF"
"Q4280135","보험품","X","X","QFC01","Q_Bolt & Nut","16","16","1","9303","56","1.41","2","국내","2024-07-23","","","SEO26FF"
"Q4283104","보험품","X","X","QFC01","Q_Manual Valve","1","1","1","895839","39.90","17.65","10","국내","2026-08-31","","","SEO26FF"
"Q4295492","계획품","X","X","QFC01","Q_Manual Valve","3","3","1","260514","45.60","24.69","5","국내","2026-08-12","EP 집진기 TR","","SEO26FF"
"Q4102245","보험품","X","X","QFC01","Q_Hydraulic & Pneumatics","6","14","2","138517.53","111.71","40.85","21","수입","2026-03-09","","","SEO26FF"
"Q3401267","보험품","X","X","QFC01","Q_Hydraulic & Pneumatics","2","7","3","93318","79","71.90","6","수입","2025-05-23","","","SEO26FF"
"Q4308842","계획품","X","O","QFC01","Q_Packing & Seal","1","2","1","205340","67.33","34.70","3","국내","2018-10-26","FM Crop Shear","","SEO26FF"
"Q4310783","계획품","X","O","QFC01","Q_Packing & Seal","2","2","1","17539","107.80","94.61","5","국내","2022-12-28","FM Crop Shear","","SEO26FF"
"Q4312812","보험품","X","X","QHB25","Q_Gear & Gear box","1","1","1","2480000","80","0","1","국내","2016-10-24","","","SEO26FF"
"Q4321160","보험품","X","X","QVC03","Q_Fan & Blower (Order)","1","1","1","4850000","78","0","1","국내","2017-02-03","FM Main Motor","","SEO26FF"
"Q4327789","보험품","X","X","QFC01","Q_Drive Coupling","1","1","2","2100000","67.33","21.03","3","국내","2023-04-10","","","SEO26FF"
"Q4336678","보험품","X","X","QFC01","Q_Machining(General)","1","1","1","7354160","58","3.61","3","국내","2019-06-10","","","SEO26FF"
"Q4342710","계획품","X","X","QFC01","Q_Bolt & Nut","20","20","2","2791","122.33","126.69","3","수입","2020-10-28","","","SEO26FF"
"Q4347498","계획품","X","O","QHB24","Q_Machining(General)","1","1","1","125000","60.50","13.44","2","국내","2026-01-29","FM Spindle 감속기","","SEO26FF"
"Q4348128","보험품","X","X","QFC01","Q_Bolt & Nut","400","400","2","3220","66.86","52.48","7","수입","2023-01-18","","","SEO26FF"
"Q4349846","계획품","X","X","QHB25","Q_Machining(General)","6","8","2","35800000","107","38.18","2","국내","2026-06-10","","","SEO26FF"
"Q4354776","계획품","X","X","QFC01","Q_Hydraulic & Pneumatics","12","12","1","183980","42.89","9.20","9","국내","2024-03-06","","","SEO26FF"
"Q4357975","보험품","X","X","QFC01","Q_Control Valve (Ready)","1","1","1","3802490","68.50","24.77","8","국내","2025-03-06","","","SEO26FF"
"Q4383840","계획품","X","X","QFC01","Q_Hydraulic Cylinder","1","1","5","1870000","106.25","64.51","12","국내","2025-10-29","","","SEO26FF"
"Q4383841","계획품","X","X","QFC01","Q_Hydraulic Cylinder","2","2","5","1680000","124.89","63.67","9","국내","2025-10-29","","","SEO26FF"
"Q4384099","보험품","X","X","QFC01","Q_Hydraulic & Pneumatics","2","3","2","904166","151.75","52.32","4","수입","2023-07-25","","","SEO26FF"
"Q4386124","보험품","X","O","QFC01","Q_Hydraulic & Pneumatics","2","2","1","8923590","135.50","20.51","2","국내","2019-04-04","QOC Servo","","SEO26FF"
"Q4390457","보험품","X","X","QFC01","Q_Machining(General)","2","2","1","17928000","91","0","1","국내","2018-03-30","","","SEO26FF"
"Q4390712","계획품","X","X","QHB27","Q_Hydraulic & Pneumatics","1","1","1","17212690","175.67","31.21","3","국내","2026-06-11","","","SEO26FF"
"Q4394089","보험품","X","X","QVC03","Q_Rotary/Swivel Joint","1","1","1","3970000","76","8.29","4","국내","2021-04-02","","","SEO26FF"
"Q4398385","보험품","X","X","QFC01","Q_Filter(Ready Made)","1","1","1","7049560","102","26.85","3","국내","2023-07-21","","","SEO26FF"
"Q4403031","보험품","X","X","QFC01","Q_Instrument Parts","4","4","1","87355","41.55","18.17","20","국내","2025-02-18","","","SEO26FF"
"Q4410007","보험품","X","X","QFC01","Q_Non/Fe Casting Metal(Copper)","6","6","2","43000","54","19.08","3","국내","2021-06-10","","","SEO26FF"
"Q4412119","보험품","X","O","QFC01","Q_Chain","2","2","1","81019","36","6.56","3","국내","2023-03-20","FM Roll Alignment","","SEO26FF"
"Q4412288","계획품","X","O","QFC01","Q_Gear & Gear box","2","2","1","2500000","107","5.66","2","국내","2018-10-01","FM Spindle 감속기","","SEO26FF"
"Q4412576","계획품","X","X","QFC01","Q_Rotary/Swivel Joint","1","1","2","11850000","71","13.08","3","국내","2025-12-29","","","SEO26FF"
"Q4416013","계획품","X","O","QFC01","Q_Drive Coupling","1","1","1","250000","78","0","1","국내","2018-09-28","FM Spindle 감속기","","SEO26FF"
"Q4416076","계획품","X","X","QFC01","Q_Rotary/Swivel Joint","2","2","1","975000","63","16.09","3","국내","2026-07-27","","","SEO26FF"
"Q4416082","계획품","X","X","QFC01","Q_Rotary/Swivel Joint","1","1","1","600000","83.25","48.69","4","국내","2026-03-10","","","SEO26FF"
"Q4418347","계획품","X","X","QVC03","Q_Machining(General)","1","1","1","51170000","77.50","19.64","4","국내","2022-06-15","","","SEO26FF"
"Q4419677","계획품","X","O","QFC01","Q_Machining(General)","4","4","2","800000","77.67","8.82","6","국내","2026-08-11","FM Roll Alignment","","SEO26FF"
"Q4419678","계획품","X","X","QFC01","Q_Machining(General)","3","3","3","863000","66.86","11.82","7","국내","2026-08-12","","","SEO26FF"
"Q4423761","계획품","X","X","QFC01","Q_Machining(General)","2","2","1","935000","55","0","1","국내","2018-11-30","","","SEO26FF"
"Q4435466","보험품","X","X","QFC01","Q_Roller(S)","4","4","3","341000","58.33","17.16","3","국내","2025-08-26","FM Main Motor","","SEO26FF"
"Q4439263","보험품","X","O","QFC01","Q_Hydraulic Cylinder(Critical)","1","2","2","11500000","103","35.36","2","국내","2023-03-24","QOC Servo","","SEO26FF"
"Q4439264","보험품","X","O","QFC01","Q_Hydraulic Cylinder(Critical)","1","2","2","11900000","92","31.43","3","국내","2025-03-17","QOC Servo","","SEO26FF"
"Q4439265","보험품","X","O","QFC01","Q_Hydraulic Cylinder(Critical)","1","1","2","11900000","108.50","43.13","2","국내","2023-04-20","QOC Servo","","SEO26FF"
"Q4439266","보험품","X","O","QFC01","Q_Hydraulic Cylinder(Critical)","1","1","2","14806000","201.50","174.66","2","국내","2023-10-23","QOC Servo","","SEO26FF"
"Q4439269","보험품","X","X","QFC01","Q_Hydraulic Cylinder","1","2","2","9990000","97","12.73","2","국내","2023-05-16","","","SEO26FF"
"Q4439270","보험품","X","X","QFC01","Q_Hydraulic Cylinder","1","1","1","1378541","76","0","1","국내","2019-04-29","","","SEO26FF"
"Q4443501","보험품","X","X","QFC01","Q_Machining(General)","6","6","4","8000","40.50","6.06","6","국내","2026-01-09","","","SEO26FF"
"Q4444346","계획품","X","X","QFC01","Q_Drive Coupling","1","1","1","180000","52","0","1","국내","2019-06-05","","","SEO26FF"
"Q4450272","보험품","X","X","QFC01","Q_Hydraulic Cylinder","1","1","2","3800000","73.50","12.02","2","국내","2019-12-10","","","SEO26FF"
"Q4453988","보험품","X","X","QFC01","Q_Control Valve (Ready)","1","1","1","8726315","70.50","7.78","2","국내","2023-01-19","","","SEO26FF"
"Q4459402","보험품","X","X","QHB25","Q_Drive Joint","2","2","1","400000","42","0","1","국내","2019-10-14","","","SEO26FF"
"Q4460076","보험품","X","O","QFC01","Q_Gear & Gear box","1","1","1","2685000","42","0","1","국내","2019-11-01","FM Edge Heater","","SEO26FF"
"Q4465267","보험품","X","X","QVC03","Q_Hydraulic Cylinder(Critical)","1","1","3","13900000","114.55","42.24","11","국내","2026-05-19","","","SEO26FF"
"Q4468493","계획품","X","O","QFC01","Q_Machining(General)","2","2","1","199680","48","0","1","국내","2020-03-02","FM Main Motor","","SEO26FF"
"Q4468503","계획품","X","X","QFC01","Q_Machining(General)","1","1","1","763840","58","0","1","국내","2020-03-12","FM Main Motor","","SEO26FF"
"Q4468504","계획품","X","X","QFC01","Q_Machining(General)","1","1","1","763840","48","0","1","국내","2020-03-02","FM Main Motor","","SEO26FF"
"Q4470227","계획품","X","O","QFC01","Q_Machining(General)","1","1","1","99290","45","0","1","국내","2020-02-28","FM Main Motor","","SEO26FF"
"Q4471030","계획품","X","X","QFC01","Q_Machining(General)","1","1","1","1462350","45","0","1","국내","2020-02-28","","","SEO26FF"
"Q4471765","보험품","X","X","QFC01","Q_Hydraulic Cylinder","1","1","3","2420000","106.33","44.77","3","국내","2026-04-15","","","SEO26FF"
"QS414625","보험품","X","X","QHB24","Q_QS_Thermal Spraying(General)","9.72","33.30498","1","667780.88","6.64","7.63","403","국내","2026-08-31","","","SEO26FF"
"Q4474243","계획품","X","X","QFC01","Q_Machining(General)","1","1","1","550700","51","0","1","국내","2020-04-24","FM Main Motor","","SEO26FF"
"Q4480769","보험품","X","X","QFC01","Q_Hydraulic Cylinder","2","2","2","3976000","90.60","17.70","5","국내","2026-04-08","","","SEO26FF"
"Q4485045","보험품","X","X","QFC01","Q_Machining(General)","1","1","1","730000","53","0","1","국내","2023-04-12","","","SEO26FF"
"Q4485080","보험품","X","X","QVC03","Q_Ball & Roller BRG","1","1","1","12883750","109","0","1","국내","2020-09-16","","","SEO26FF"
"Q4485081","보험품","X","X","QVC03","Q_Ball & Roller BRG","1","1","1","11646910","109","0","1","국내","2020-09-16","","","SEO26FF"
"Q4485087","보험품","X","X","QFC01","Q_Machining(General)","1","1","1","620000","53","0","1","국내","2023-04-12","","","SEO26FF"
"Q4493662","보험품","X","X","QFC01","Q_Wheel","2","2","1","1200000","95","0","1","국내","2020-12-17","","","SEO26FF"
"Q4497103","보험품","X","X","QFC01","Q_Machining(General)","4","4","1","100000","72.67","18.45","3","국내","2022-09-21","","","SEO26FF"
"Q4499010","보험품","X","X","QFC01","Q_Machinery Common","4","5","1","36657320","166.94","59.20","16","국내","2026-05-18","","","SEO26FF"
"Q4501966","보험품","X","O","QFC01","Q_Machining(General)","8","8","1","32000","51","0","1","국내","2021-01-12","FM Hot Leveller","","SEO26FF"
"Q4503767","보험품","X","O","QFC01","Q_Common items","15","15","1","115326","44.80","6.06","5","국내","2024-05-23","FM Hot Leveller","","SEO26FF"
"Q4503770","계획품","X","O","QFC01","Q_Common items","10","10","1","41188","47.75","3.30","4","국내","2026-03-11","FM Hot Leveller","","SEO26FF"
"Q4504475","보험품","X","O","QFC01","Q_Machining(General)","1","1","1","630000","68","0","1","국내","2021-03-09","FM Hot Leveller","","SEO26FF"
"Q4504476","보험품","X","O","QFC01","Q_Machining(General)","2","2","1","490000","68","0","1","국내","2021-03-09","FM Roll Alignment","","SEO26FF"
"Q4504478","보험품","X","O","QFC01","Q_Machining(General)","2","2","1","420000","68","0","1","국내","2021-03-09","FM Roll Alignment","","SEO26FF"
"QS418165","보험품","X","X","QHB25","Q_QS_Machining(Special)","1","1","1","65000000","136.80","26.12","5","국내","2026-07-15","","","SEO26FF"
"Q4515205","보험품","X","O","QFC01","Q_Bolt & Nut","20","20","1","15061","33.67","12.10","3","국내","2022-07-05","FM Roll Alignment","","SEO26FF"
"Q4515206","보험품","X","O","QFC01","Q_Bolt & Nut","8","8","1","21083","40.50","3.54","2","국내","2022-01-13","FM Roll Alignment","","SEO26FF"
"Q4515573","보험품","X","X","QFC01","Q_Wheel","2","3","1","2650000","64","8.49","2","국내","2023-06-23","","","SEO26FF"
"Q4517465","보험품","X","X","QFC01","Q_Wheel","2","2","1","845000","107","0","1","국내","2021-07-28","","","SEO26FF"
"Q4517801","보험품","X","X","QFC01","Q_Wheel","6","6","1","795000","107","0","1","국내","2021-07-28","","","SEO26FF"
"Q4524604","보험품","X","X","QVC03","Q_Machining(General)","1","1","2","4300000","82","15.13","3","국내","2025-06-12","","","SEO26FF"
"Q4524949","보험품","X","X","QFC01","Q_Hydraulic Cylinder","2","2","1","1100000","86.33","24.91","3","국내","2025-06-12","","","SEO26FF"
"Q4530897","보험품","X","X","QFC01","Q_Machining(General)","1","1","1","920000","115","0","1","국내","2021-12-10","","","SEO26FF"
"Q4531078","계획품","X","X","QVC03","Q_Machining(General)","3","3","1","1370000","54.67","5.13","3","국내","2026-03-05","FM Main Motor","","SEO26FF"
"Q4532058","보험품","X","X","QHB25","Q_Machining(General)","1","1","1","630000","50","0","1","국내","2021-10-19","Stand Main TR","","SEO26FF"
"Q4535892","계획품","X","O","QHB24","Q_Cast Iron (L)","2","2","1","31900000","132","50.51","3","국내","2026-08-14","FM Roll Alignment","","SEO26FF"
"Q4535894","계획품","X","O","QHB24","Q_Cast Iron (L)","2","2","1","31900000","132","50.51","3","국내","2026-08-14","FM Roll Alignment","","SEO26FF"
"Q4535900","계획품","X","O","QHB24","Q_Cast Iron (L)","1","1","1","41000000","114.33","59.21","3","국내","2026-07-31","FM Roll Alignment","","SEO26FF"
"Q4535902","계획품","X","O","QHB24","Q_Cast Iron (L)","1","1","1","41000000","135.50","65.76","2","국내","2026-07-31","FM Roll Alignment","","SEO26FF"
"Q4536719","보험품","X","X","QFC01","Q_Machining(General)","4","4","1","870000","53","0","1","국내","2022-01-03","","","SEO26FF"
"Q4537595","계획품","X","X","QHB25","Q_Control Valve (Ready)","2","3","1","5297586","112.25","10.31","4","국내","2026-07-20","","","SEO26FF"
"Q4541491","보험품","X","X","QFC01","Q_Machining(General)","2","2","1","875000","46","8.66","3","국내","2023-04-14","","","SEO26FF"
"Q4541492","보험품","X","X","QFC01","Q_Machining(General)","2","2","1","875000","46","8.66","3","국내","2023-04-14","","","SEO26FF"
"Q4543363","보험품","X","X","QFC01","Q_Gear & Gear box","1","1","1","3300000","141","0","1","국내","2022-04-29","","","SEO26FF"
"Q4546235","보험품","X","X","QHB24","Q_Hydraulic & Pneumatics","1","2","1","711183","98.75","63.76","4","국내","2025-11-19","","","SEO26FF"
"Q4548256","계획품","X","X","QHB25","Q_Machining(General)","1","1","1","465000","62.50","9.19","2","국내","2025-11-24","","","SEO26FF"
"Q4548258","계획품","X","X","QHB25","Q_Machining(General)","1","1","1","475000","62.50","9.19","2","국내","2025-11-24","","","SEO26FF"
"Q4548259","계획품","X","X","QHB25","Q_Machining(General)","1","1","1","485000","62.50","9.19","2","국내","2025-11-24","","","SEO26FF"
"Q4548260","계획품","X","X","QHB25","Q_Machining(General)","1","1","1","570000","62.50","9.19","2","국내","2025-11-24","","","SEO26FF"
"Q4551506","계획품","X","X","QFC01","Q_Anti-abrasion class(H/F)","1","1","1","13700000","119","0","1","국내","2026-05-21","","","SEO26FF"
"Q4551507","보험품","X","X","QVC03","Q_Anti-abrasion class(H/F)","1","1","1","12500000","169","0","1","국내","2025-07-02","","","SEO26FF"
"Q4559574","보험품","X","X","QFC01","Q_Drive Coupling","6","6","1","400000","61","0","1","국내","2022-07-13","","","SEO26FF"
"Q4559575","보험품","X","X","QFC01","Q_Drive Coupling","3","3","1","400000","61","0","1","국내","2022-07-13","","","SEO26FF"
"Q4559600","보험품","X","X","QFC01","Q_Hydraulic & Pneumatics","3","3","1","409909","37.71","23.14","7","국내","2026-03-30","","","SEO26FF"
"Q4559686","보험품","X","X","QFC01","Q_Machining(General)","3","3","1","1180000","52","0","1","국내","2022-07-04","","","SEO26FF"
"Q4562126","보험품","X","X","QFC01","Q_Cast Iron (S)","1","1","1","910000","35","0","1","국내","2022-07-20","","","SEO26FF"
"Q4562194","보험품","X","X","QFC01","Q_Machining(General)","1","1","1","946000","42","0","1","국내","2022-07-27","","","SEO26FF"
"Q4572470","보험품","X","X","QFC01","Q_Machining(General)","1","1","1","363895","35","0","1","국내","2022-11-11","","","SEO26FF"
"Q4572473","보험품","X","X","QFC01","Q_Machining(General)","1","1","1","634217","42","0","1","국내","2022-11-18","","","SEO26FF"
"Q4573456","보험품","X","X","QFC01","Q_Drive Coupling","1","1","1","660000","75","0","1","국내","2023-01-30","","","SEO26FF"
"Q4575867","보험품","X","X","QFC01","Q_Machining(General)","1","1","1","363000","62","0","1","국내","2022-12-22","","","SEO26FF"
"Q4576432","보험품","X","X","QFC01","Q_Machining(General)","4","4","1","1350000","59.50","2.12","2","국내","2024-07-11","","","SEO26FF"
"Q4576623","보험품","X","X","QFC01","Q_Anti-abrasion class(H/F)","1","1","2","1541000","66","7.07","2","국내","2024-07-24","","","SEO26FF"
"Q4576624","보험품","X","X","QFC01","Q_Anti-abrasion class(H/F)","1","1","2","1543000","66","7.07","2","국내","2024-07-24","","","SEO26FF"
"Q4582819","보험품","X","X","QVC07","Q_Steel Material","1","18","1","1605534.17","32.44","15.98","9","국내","2026-08-25","","","SEO26FF"
"Q4585577","보험품","X","O","QFC01","Q_Drive Coupling","3","7","1","130000","37.50","2.12","2","국내","2025-09-23","RM Stand Adjust","","SEO26FF"
"Q4585578","보험품","X","X","QFC01","Q_Machining(General)","5","5","1","59000","42","1.41","2","국내","2023-05-15","","","SEO26FF"
"Q4587154","보험품","X","O","QVC03","Q_Hydraulic & Pneumatics","5","5","1","13399100","199","0","1","국내","2023-09-04","QOC Servo","","SEO26FF"
"Q4588343","보험품","X","X","QHB25","Q_Machining(Special)","1","1","1","98870000","96","31.11","2","국내","2026-06-04","","","SEO26FF"
"Q4590955","보험품","X","X","QFC01","Q_Cast Steel (S)","2","2","1","1700000","50","0","1","국내","2023-05-04","","","SEO26FF"
"Q4597580","보험품","X","O","QFC01","Q_Common items","30","30","1","100911","48","0","1","국내","2023-06-15","FM Hot Leveller","","SEO26FF"
"Q4598537","보험품","X","X","QFC01","Q_Control Valve (Ready)","1","1","1","19269375","114.33","24.79","3","국내","2024-09-24","","","SEO26FF"
"Q4605205","보험품","X","X","QFC01","Q_Non/Fe Casting Metal(Copper)","2","2","1","1350000","95","0","1","국내","2024-11-11","","","SEO26FF"
"Q4605206","보험품","X","X","QFC01","Q_Machining(General)","2","2","1","586000","76","0","1","국내","2024-10-23","","","SEO26FF"
"Q4606740","보험품","X","X","QFC01","Q_Bolt & Nut","28","28","1","3101","44","12.73","2","국내","2025-02-11","","","SEO26FF"
"Q4610709","계획품","X","X","QHB24","Q_Machining(General)","10","10","2","19000","47.33","7.51","3","국내","2026-07-28","","","SEO26FF"
"Q4611811","보험품","X","X","QFC01","Q_Machining(General)","4","4","1","135000","52","8.49","2","국내","2024-09-09","","","SEO26FF"
"Q4612557","보험품","X","X","QFC01","Q_Control Valve (Ready)","2","2","1","2774790","92","0","1","국내","2023-12-22","","","SEO26FF"
"Q4616814","보험품","X","X","QFC01","Q_Hydraulic & Pneumatics","2","2","1","304057","272","0","1","국내","2024-07-23","","","SEO26FF"
"Q4625628","보험품","X","X","QFC01","Q_Control Valve (Ready)","1","1","1","27439590","116.50","34.65","2","국내","2024-09-24","","","SEO26FF"
"Q4625646","보험품","X","X","QVC03","Q_Control Valve (Ready)","1","1","1","39463680","141","0","1","국내","2024-06-04","","","SEO26FF"
"Q4626564","계획품","X","X","QHB24","Q_Bolt & Nut","150","150","1","538","33.67","10.69","3","국내","2026-06-10","","","SEO26FF"
"Q4627208","계획품","X","X","QHB27","Q_Hydraulic & Pneumatics","1","1","1","17212690","179.67","34.65","3","국내","2026-06-11","","","SEO26FF"
"Q4653124","보험품","X","X","QFC01","Q_Hydraulic & Pneumatics","2","2","1","9688580","212","32.53","2","국내","2026-01-08","","","SEO26FF"
"Q4635563","보험품","X","X","QFC01","Q_Machining(General)","10","10","1","18000","32","2.83","2","국내","2024-06-11","","","SEO26FF"
"Q4636078","보험품","X","X","QFC01","Q_Bolt & Nut","20","20","1","124044","48.50","2.12","2","국내","2024-06-12","","","SEO26FF"
"Q4635441","보험품","X","X","QFC01","Q_Machining(General)","2","2","1","35000","32","2.83","2","국내","2024-06-11","","","SEO26FF"
"Q4642447","보험품","X","X","QFC01","Q_Machining(General)","1","1","1","1080000","53","0","1","국내","2024-09-06","","","SEO26FF"
"Q4662921","보험품","X","X","QFC01","Q_Non/Fe Casting Metal(Copper)","8","8","1","13000","99","0","1","국내","2025-05-14","","","SEO26FF"
"Q4663525","계획품","X","X","QHB24","Q_Common items","3","3","1","116356","44","9.90","2","국내","2026-02-26","","","SEO26FF"
"Q4652294","보험품","X","X","QHB25","Q_Cast Steel (S)","2","2","1","4145000","49","0","1","국내","2024-12-02","","","SEO26FF"
"Q4640645","보험품","X","X","QFC01","Q_Machining(General)","3","3","1","840000","39","0","1","국내","2024-07-23","","","SEO26FF"
"Q4671514","보험품","X","X","QFC01","Q_Machining(General)","1","1","1","1800000","72","0","1","국내","2025-07-03","","","SEO26FF"
"Q4659090","계획품","X","X","QHB27","Q_Hydraulic Cylinder","1","1","2","17400000","167.50","38.89","2","국내","2026-06-11","","","SEO26FF"
"Q4675700","보험품","X","X","QFC01","Q_Machining(General)","1","1","1","1015000","68","0","1","국내","2025-08-12","","","SEO26FF"
"Q4676007","계획품","X","O","QFC01","Q_Hydraulic & Pneumatics","1","1","1","2009865","39.44","12.80","9","국내","2026-04-14","FM Main Motor","","SEO26FF"
"Q4668630","보험품","X","X","QFC01","Q_Machining(General)","1","1","1","134000","61","0","1","국내","2025-05-26","","","SEO26FF"
"Q4668643","보험품","X","X","QFC01","Q_Machining(General)","1","1","1","5840000","76","0","1","국내","2025-06-10","","","SEO26FF"
"Q4670923","보험품","X","X","QFC01","Q_Machining(General)","1","1","1","99000","34","0","1","국내","2025-05-26","","","SEO26FF"
"QS429155","보험품","X","O","QHB24","Q_QS_Thermal Spraying(Roller)","1","3","1","14300000","108","12.53","3","국내","2026-08-04","Table Roller 기어박스","","SEO26FF"
"Q4677113","보험품","X","X","QHB24","Q_Machining(General)","2","2","1","5820000","104","0","1","국내","2026-05-19","","","SEO26FF"
"Q4679740","계획품","X","X","QHB25","Q_Machining(General)","3","6","1","95000","68.50","3.54","2","국내","2026-07-23","","","SEO26FF"
"Q4681514","계획품","X","X","QHB25","Q_Bolt & Nut","8","8","1","806286","85","0","1","국내","2025-10-22","","","SEO26FF"
"Q4681315","계획품","X","X","QHB25","Q_Anti-abrasion class(H/F)","1","1","1","10625000","84.50","9.19","2","국내","2026-04-27","","","SEO26FF"
"Q4704375","계획품","X","X","QHB24","Q_Machining(General)","1","1","1","48000000","132","0","1","국내","2026-08-06","FM Main Motor","","SEO26FF"
"Q4686594","보험품","X","O","QFC01","Q_Non/Fe Casting Metal(Copper)","2","2","1","355000","49","0","1","국내","2025-10-30","QOC Servo","","SEO26FF"
"Q4691588","보험품","X","X","QFC01","Q_Machining(General)","1","1","1","5250000","65","0","1","국내","2026-01-14","","","SEO26FF"
"Q4696404","계획품","X","X","QHB25","Q_Machining(General)","2","2","1","870000","58","0","1","국내","2026-03-04","","","SEO26FF"
"Q4697155","계획품","X","X","QHB24","Q_Exchanger (Ready)","1","1","1","52616700","103","0","1","국내","2026-04-20","","","SEO26FF"
"Q4709438","계획품","X","O","QHB24","Q_Hydraulic & Pneumatics","2","2","1","15693210","57","0","1","국내","2026-07-10","FM Main Motor","","SEO26FF"
"Q4695959","계획품","X","X","QHB25","Q_Machining(General)","1","1","1","9490000","71","0","1","국내","2026-05-26","","","SEO26FF"
"Q4695963","계획품","X","X","QHB25","Q_Machining(General)","1","1","1","9490000","71","0","1","국내","2026-05-26","","","SEO26FF"
"Q4695964","계획품","X","X","QHB25","Q_Machining(General)","1","1","1","9490000","71","0","1","국내","2026-05-26","","","SEO26FF"
"Q4695965","계획품","X","X","QHB25","Q_Machining(General)","1","1","1","9490000","71","0","1","국내","2026-05-26","","","SEO26FF"
"Q4709544","계획품","X","X","QVC03","Q_Non/Fe Casting Metal(Others)","3","3","","2000000","70","0","1","(미확인)","2026-07-28","","","SEO26FF"
"Q4709545","계획품","X","X","QVC03","Q_Non/Fe Casting Metal(Others)","4","4","","2000000","70","0","1","(미확인)","2026-07-28","","","SEO26FF"
"Q4688109","보험품","X","X","QFC01","Q_Hydraulic & Pneumatics","1","1","1","925972.60","175","0","1","수입","2026-04-06","","","SEO26FF"
"Q4699400","보험품","X","X","QHB24","Q_Control Valve (Ready)","2","3","1","16340430","115","15.56","2","국내","2026-06-10","","","SEO26FF"
"Q4699194","계획품","X","X","QHB24","Q_Hydraulic & Pneumatics","2","2","1","515350","89","0","1","국내","2026-04-21","","","SEO26FF"
"Q4698941","계획품","X","O","QHB24","Q_Non/Fe Casting Metal(Copper)","2","2","1","38000","55","0","1","국내","2026-03-17","FM Hot Leveller","","SEO26FF"
"Q4712148","계획품","X","X","QFC01","Q_Manual Valve","1","1","1","380989","58","0","1","국내","2026-08-19","","","SEO26FF"
"Q4712149","계획품","X","X","QFC01","Q_Manual Valve","1","1","1","581781","58","0","1","국내","2026-08-19","","","SEO26FF"
"Q4712150","계획품","X","X","QFC01","Q_Manual Valve","1","1","1","1714451","58","0","1","국내","2026-08-19","","","SEO26FF"
"Q4712151","계획품","X","X","QFC01","Q_Manual Valve","1","1","1","1122373","53","7.07","2","국내","2026-08-19","","","SEO26FF"
"Q4712152","계획품","X","X","QFC01","Q_Manual Valve","1","1","1","844354","58","0","1","국내","2026-08-19","","","SEO26FF"
"Q4712503","계획품","X","X","QHB24","Q_Machining(General)","1","1","1","25160000","70","0","1","국내","2026-08-20","","","SEO26FF"
"Q4712672","계획품","X","O","QHB24","Q_Machining(General)","1","1","1","25860000","71","0","1","국내","2026-08-25","FM Crop Shear","","SEO26FF"
"Q4716626","계획품","X","X","QHB27","Q_Machining(General)","40","40","1","280000","37","0","1","국내","2026-08-20","","","SEO26FF"
"Q4716627","계획품","X","X","QHB27","Q_Machining(General)","40","40","1","280000","37","0","1","국내","2026-08-20","","","SEO26FF"
"Q4702499","계획품","X","X","QHB27","Q_Machining(General)","2","2","1","462000","48","0","1","국내","2026-04-29","","","SEO26FF"
"Q4702501","계획품","X","X","QHB27","Q_Machining(General)","10","10","1","515000","48","0","1","국내","2026-04-29","","","SEO26FF"
"Q4702503","계획품","X","X","QHB27","Q_Machining(General)","1","1","1","1480000","71","0","1","국내","2026-05-27","","","SEO26FF"
"Q4702505","계획품","X","X","QHB27","Q_Machining(General)","2","2","1","505000","48","0","1","국내","2026-04-29","","","SEO26FF"
"Q4702518","계획품","X","X","QHB27","Q_Machining(General)","1","1","1","2540000","71","0","1","국내","2026-05-27","","","SEO26FF"
"Q4702521","계획품","X","X","QHB27","Q_Machining(General)","1","1","1","2540000","71","0","1","국내","2026-05-27","","","SEO26FF"
"Q4702522","계획품","X","X","QHB27","Q_Machining(General)","1","1","1","2480000","71","0","1","국내","2026-05-27","","","SEO26FF"
"Q4702525","계획품","X","X","QHB27","Q_Machining(General)","1","1","1","1510000","71","0","1","국내","2026-05-27","","","SEO26FF"
"Q4702528","계획품","X","X","QHB27","Q_Machining(General)","1","1","1","2540000","71","0","1","국내","2026-05-27","","","SEO26FF"
"Q4702532","계획품","X","X","QHB27","Q_Machining(General)","1","1","1","1510000","71","0","1","국내","2026-05-27","","","SEO26FF"
"Q4702536","계획품","X","X","QHB27","Q_Machining(General)","1","1","1","1480000","71","0","1","국내","2026-05-27","","","SEO26FF"
"Q4701430","계획품","X","X","QHB24","Q_Machining(General)","6","6","1","2100000","49","0","1","국내","2026-04-15","FM Main Motor","","SEO26FF"
"Q4700741","보험품","X","X","QFC01","Q_Machining(General)","1","1","1","378000","86","0","1","국내","2026-05-07","","","SEO26FF"
"Q4700628","계획품","X","X","QFC01","Q_Machining(General)","1","1","1","1863000","61","0","1","국내","2026-04-07","","","SEO26FF"
"Q4700632","계획품","X","X","QHB25","Q_Bolt & Nut","2","2","1","48584","60","0","1","국내","2026-04-06","","","SEO26FF"
"Q4700633","계획품","X","X","QHB25","Q_Bolt & Nut","2","2","1","68224","60","0","1","국내","2026-04-06","","","SEO26FF"
"Q4700636","계획품","X","X","QFC01","Q_Gear & Gear box","1","1","","2900000","165","0","1","(미확인)","2026-07-20","","","SEO26FF"
"Q4710841","계획품","X","X","QHB24","Q_Machining(General)","10","10","1","21000","56","0","1","국내","2026-07-28","","","SEO26FF"
"Q4711186","계획품","X","X","QHB24","Q_Machining(General)","1","1","1","39000","35","0","1","국내","2026-07-07","","","SEO26FF"
"Q4711077","계획품","X","X","QHB24","Q_Machining(General)","1","1","1","3870000","58","0","1","국내","2026-07-27","","","SEO26FF"
"Q4711472","계획품","X","X","QVC03","Q_Machining(General)","1","1","1","3838000","63","0","1","국내","2026-08-04","","","SEO26FF"
"Q4711473","계획품","X","X","QHB24","Q_Machining(General)","2","2","1","2922800","44","0","1","국내","2026-07-16","","","SEO26FF"
"Q4693469","계획품","X","X","QFC01","Q_Machining(General)","1","1","1","770000","66","0","1","국내","2026-02-02","","","SEO26FF"
"Q4694508","계획품","X","X","QHB25","Q_Machining(General)","42","42","1","50000","73","0","1","국내","2026-02-27","","","SEO26FF"
"Q4693461","계획품","X","X","QFC01","Q_Machining(General)","1","1","1","1540000","66","0","1","국내","2026-02-02","","","SEO26FF"
"Q4693466","계획품","X","X","QFC01","Q_Machining(General)","1","1","1","1078000","66","0","1","국내","2026-02-02","","","SEO26FF"
"Q1000737","보험품","O","X","QFC01","Q_Hydraulic Cylinder","0","3","3","760000.00","92.50","25.49","4","국내","2026-05-28","","1","SEO26FF"
"Q1000745","보험품","O","X","QFC01","Q_Hydraulic Cylinder","2","2","5","1220000.00","74.95","31.24","22","국내","2025-11-27","","2","SEO26FF"
"Q1000781","보험품","O","X","QFC01","Q_Hydraulic Cylinder","0","0","1","5456724.00","117.00","0.00","1","국내","2017-11-15","","2","SEO26FF"
"Q1000971","보험품","O","X","QFC01","Q_Motor (Ready)","0","3","","3567054.48","196.00","66.04","0","(미확인)","","","1","SEO26FF"
"Q1032374","보험품","O","X","QFC01","Q_Hydraulic & Pneumatics","0","1","1","208614.00","123.53","108.29","38","국내","2026-08-05","","2","SEO26FF"
"Q1039284","보험품","O","X","QFC01","Q_Hydraulic Cylinder(Critical)","0","1","3","5435000.00","121.33","69.30","3","국내","2024-06-10","","1","SEO26FF"
"Q1039371","보험품","O","X","QFC01","Q_Hydraulic Cylinder","1","1","3","1179555.00","86.75","10.81","4","국내","2024-02-29","","1","SEO26FF"
"Q1040012","보험품","O","X","QFC01","Q_Hydraulic Cylinder","0","0","1","6820905.00","113.00","0.00","1","국내","2018-02-23","","2","SEO26FF"
"Q1040224","보험품","O","X","QFC01","Q_Hydraulic Cylinder","0","0","2","8936000.00","95.00","26.87","2","국내","2015-09-30","","2","SEO26FF"
"Q1040225","보험품","O","X","QFC01","Q_Hydraulic Cylinder","0","0","2","5261841.00","105.00","0.00","2","국내","2017-11-29","","2","SEO26FF"
"Q1040312","보험품","O","X","QFC01","Q_Hydraulic Cylinder","0","1","3","1120000.00","91.73","25.20","15","국내","2025-12-24","","1","SEO26FF"
"Q1042306","보험품","O","X","QFC01","Q_Rotary/Swivel Joint","3","8","2","205000.00","56.22","15.73","9","국내","2026-08-13","","1","SEO26FF"
"Q1042421","보험품","O","X","QFC01","Q_Rotary/Swivel Joint","0","0","","5550000.00","196.00","66.04","0","(미확인)","","","1","SEO26FF"
"Q1048997","보험품","O","X","QFC01","Q_Electrical & Electron","2","4","","2149164.13","196.00","66.04","0","(미확인)","","","1","SEO26FF"
"Q1049004","보험품","O","X","QFC01","Q_Electrical & Electron","0","6","1","3016845.51","223.00","0.00","1","수입","2017-04-06","","1","SEO26FF"
"Q1071793","보험품","O","X","QFC01","Q_Bolt & Nut","0","0","1","76349.00","72.96","84.87","25","국내","2025-09-25","","6","SEO26FF"
"Q1073119","보험품","O","X","QFC01","Q_Roller(S)","0","0","2","6502210.00","85.00","22.63","2","수입","2021-08-30","","1","SEO26FF"
"Q1073185","보험품","O","X","QFC01","Q_Bolt & Nut","0","0","1","74104.00","64.94","42.46","16","국내","2026-03-20","","6","SEO26FF"
"Q1073416","보험품","O","X","QFC01","Q_Bolt & Nut","0","0","1","76349.00","82.18","86.79","11","국내","2025-09-25","","6","SEO26FF"
"Q1073453","보험품","O","X","QFC01","Q_Bolt & Nut","0","0","1","76349.00","55.50","25.51","12","국내","2025-09-25","","6","SEO26FF"
"Q1074634","보험품","O","X","QFC01","Q_WEDGE SEGMENT MANDREL","0","1","1","63152000.00","163.50","68.25","6","국내","2024-01-04","","2","SEO26FF"
"Q1074772","보험품","O","X","QFC01","Q_WEDGE SEGMENT MANDREL","0","4","","52155000.00","196.00","66.04","0","(미확인)","","","4","SEO26FF"
"Q1078283","보험품","O","X","QFC01","Q_Hydraulic & Pneumatics","0","5","1","5949060.00","211.45","41.43","11","국내","2026-07-23","","2","SEO26FF"
"Q1137969","보험품","O","X","QFC01","Q_Electrical & Electron","4","18","2","9302622.96","223.31","78.07","16","수입","2022-04-27","","1","SEO26FF"
"Q1218357","보험품","O","X","QFC01","Q_Electrical & Electron","3","4","1","10789575.13","237.60","35.96","5","수입","2017-02-09","","1","SEO26FF"
"Q1218391","보험품","O","X","QFC01","Q_Electrical & Electron","1","10","","706653.71","196.00","66.04","0","(미확인)","","","1","SEO26FF"
"Q1218393","보험품","O","X","QFC01","Q_Electrical & Electron","0","3","","2577600.00","196.00","66.04","0","(미확인)","","","1","SEO26FF"
"Q1219164","보험품","O","X","QFC01","Q_Electrical & Electron","3","4","2","1888444.72","111.60","63.28","5","수입","2019-07-29","","1","SEO26FF"
"Q1260654","보험품","O","X","QFC01","Q_Electrical & Electron","4","20","2","440836.00","98.56","63.20","9","수입","2019-09-20","","1","SEO26FF"
"Q1292612","보험품","O","X","QFC01","Q_Drive Joint","0","0","3","4900000.00","85.44","39.23","9","국내","2022-01-20","","4","SEO26FF"
"Q1314441","보험품","O","X","QFC01","Q_Electrical & Electron","0","0","","3598518.00","196.00","66.04","0","(미확인)","","","1","SEO26FF"
"Q1316039","보험품","O","X","QFC01","Q_Spare Parts","0","4","","135333.42","196.00","66.04","0","(미확인)","","","1","SEO26FF"
"Q2010934","보험품","O","X","QFC01","Q_WEDGE SEGMENT MANDREL","0","0","","","196.00","66.04","0","(미확인)","","","2","SEO26FF"
"Q2024559","보험품","O","X","QFC01","Q_Drive Joint","1","3","3","9000000.00","82.00","52.02","6","국내","2019-09-16","","3","SEO26FF"
"Q2028061","보험품","O","X","QFC01","Q_Control Valve (Ready)","0","0","2","84025400.00","165.82","40.63","11","국내","2026-03-09","","1","SEO26FF"
"Q2028134","보험품","O","X","QFC01","Q_Roller(L)","0","0","1","9333184.34","41.00","0.00","1","국내","2021-01-05","","1","SEO26FF"
"Q2045742","보험품","O","X","QFC01","Q_Electrical & Electron","0","2","1","4099280.36","265.33","41.10","3","수입","2017-10-11","","1","SEO26FF"
"Q2054727","보험품","O","X","QFC01","Q_Electrical & Electron","16","22","1","3945375.50","230.43","22.01","7","수입","2019-06-11","","1","SEO26FF"
"Q2062201","보험품","O","X","QFC01","Q_Electrical & Electron","1","16","2","2325187.98","188.75","90.91","16","수입","2019-10-23","","1","SEO26FF"
"Q2074769","보험품","O","X","QFC01","Q_Drive Joint","0","0","2","410000.00","45.00","19.74","9","국내","2021-09-13","","2","SEO26FF"
"Q2088228","보험품","O","X","QFC01","Q_Electrical & Electron","3","5","2","5351956.83","162.00","72.37","11","수입","2021-01-25","","1","SEO26FF"
"Q2094703","보험품","O","X","QFC01","Q_Hydraulic & Pneumatics","0","0","1","18565170.00","113.33","48.60","3","국내","2025-12-10","","1","SEO26FF"
"Q2118996","보험품","O","X","QFC01","Q_Electrical & Electron","0","5","1","2396595.00","295.00","90.51","2","수입","2019-01-30","","1","SEO26FF"
"Q2124049","보험품","O","X","QFC01","Q_Drive Joint","0","0","3","400000.00","49.44","17.34","9","국내","2022-03-25","","10","SEO26FF"
"Q2130291","보험품","O","X","QFC01","Q_Electrical & Electron","3","13","2","6024409.50","192.17","206.76","12","수입","2020-06-04","","1","SEO26FF"
"Q2130293","보험품","O","X","QFC01","Q_Electrical & Electron","0","4","","4616560.31","196.00","66.04","0","(미확인)","","","1","SEO26FF"
"Q2139998","보험품","O","X","QFC01","Q_Hydraulic Cylinder","1","1","1","5745152.00","126.00","0.00","1","국내","2023-07-14","","1","SEO26FF"
"Q2143592","보험품","O","X","QFC01","Q_Electrical & Electron","0","8","1","7982500.00","217.00","47.70","3","수입","2019-07-12","","1","SEO26FF"
"Q2143616","보험품","O","X","QFC01","Q_Electrical & Electron","0","12","1","541021.50","55.50","36.06","2","국내","2021-12-17","","1","SEO26FF"
"Q2185181","보험품","O","X","QFC01","Q_Electrical & Electron","5","8","2","5433560.00","110.92","47.41","12","수입","2019-09-18","","1","SEO26FF"
"Q2212113","보험품","O","X","QFC01","Q_Drive Joint","1","2","2","5700000.00","42.56","18.23","9","국내","2018-08-27","","1","SEO26FF"
"Q2226242","보험품","O","X","QFC01","Q_Electrical & Electron","0","1","","11730000.00","196.00","66.04","0","(미확인)","","","1","SEO26FF"
"Q4017996","보험품","O","X","QFC01","Q_Electrical & Electron","3","8","3","4882524.50","279.08","80.56","13","수입","2025-03-07","","1","SEO26FF"
"Q4017997","보험품","O","X","QFC01","Q_Electrical & Electron","3","10","3","2160174.09","240.00","49.47","14","수입","2022-01-26","","1","SEO26FF"
"Q4017998","보험품","O","X","QFC01","Q_Electrical & Electron","1","9","4","17510328.75","286.81","91.78","32","수입","2026-08-14","","1","SEO26FF"
"Q4017999","보험품","O","X","QFC01","Q_Electrical & Electron","4","22","4","5486984.10","284.57","95.42","23","수입","2026-07-02","","1","SEO26FF"
"Q4018000","보험품","O","X","QFC01","Q_Electrical & Electron","4","14","1","5476819.50","246.11","62.06","9","수입","2026-07-02","","1","SEO26FF"
"Q4018004","보험품","O","X","QFC01","Q_Electrical & Electron","2","14","2","1431351.36","245.30","100.74","10","수입","2024-05-28","","1","SEO26FF"
"Q4018005","보험품","O","X","QFC01","Q_Electrical & Electron","13","27","3","2492261.50","267.50","90.70","32","수입","2026-08-14","","4","SEO26FF"
"Q4018007","보험품","O","X","QFC01","Q_Electrical & Electron","5","26","4","1081893.85","250.24","80.53","17","수입","2025-10-31","","7","SEO26FF"
"Q4018011","보험품","O","X","QFC01","Q_Electrical & Electron","3","28","2","735324.30","286.59","94.23","17","수입","2026-08-14","","10","SEO26FF"
"Q4018012","보험품","O","X","QFC01","Q_Electrical & Electron","3","14","2","883061.87","250.62","51.33","8","수입","2022-01-26","","1","SEO26FF"
"Q4018014","보험품","O","X","QFC01","Q_Electrical & Electron","3","18","3","2290425.30","227.57","105.12","21","수입","2026-08-14","","1","SEO26FF"
"Q4018015","보험품","O","X","QFC01","Q_Electrical & Electron","1","29","4","2532781.20","264.88","88.44","24","수입","2026-08-14","","8","SEO26FF"
"Q4018016","보험품","O","X","QFC01","Q_Electrical & Electron","1","7","3","1723854.25","252.91","78.93","11","수입","2026-08-14","","1","SEO26FF"
"Q4018018","보험품","O","X","QFC01","Q_Electrical & Electron","1","27","3","3050316.42","276.74","109.59","19","수입","2025-10-31","","13","SEO26FF"
"Q4018019","보험품","O","X","QFC01","Q_Electrical & Electron","1","6","3","2360507.71","322.71","91.79","7","수입","2024-07-16","","1","SEO26FF"
"Q4018022","보험품","O","X","QFC01","Q_Electrical & Electron","2","15","4","10592620.60","296.38","89.96","34","수입","2026-07-06","","2","SEO26FF"
"Q4018023","보험품","O","X","QFC01","Q_Electrical & Electron","0","10","3","2757626.14","227.72","86.52","18","수입","2026-05-12","","1","SEO26FF"
"Q4018210","보험품","O","X","QFC01","Q_Electrical & Electron","3","15","4","2911134.80","265.17","79.81","24","수입","2026-08-18","","1","SEO26FF"
"Q4039953","보험품","O","X","QFC01","Q_Rotary/Swivel Joint","2","2","2","22320000.00","76.33","23.10","9","국내","2026-07-27","","1","SEO26FF"
"Q4169627","보험품","O","X","QFC01","Q_Electrical & Electron","4","30","2","416357.08","249.65","71.40","17","수입","2023-06-19","","2","SEO26FF"
"Q4169634","보험품","O","X","QFC01","Q_Electrical & Electron","0","3","2","5243066.24","232.00","165.46","2","수입","2024-09-19","","2","SEO26FF"
"Q4169635","보험품","O","X","QFC01","Q_Electrical & Electron","1","7","3","2710126.46","220.73","106.47","11","수입","2023-02-17","","1","SEO26FF"
"Q4173290","보험품","O","X","QFC01","Q_Electrical & Electron","2","7","4","15145170.64","263.71","78.38","14","수입","2026-03-04","","1","SEO26FF"
"Q4174454","보험품","O","X","QFC01","Q_Electrical & Electron","1","13","4","3012982.04","319.14","155.59","21","수입","2026-02-04","","1","SEO26FF"
"Q4174455","보험품","O","X","QFC01","Q_Electrical & Electron","1","10","3","31841015.60","251.93","66.04","14","수입","2026-05-08","","1","SEO26FF"
"Q4178355","보험품","O","X","QFC01","Q_Rotary/Swivel Joint","0","0","3","19450000.00","75.18","34.48","34","국내","2026-01-14","","2","SEO26FF"
"Q4185031","보험품","O","X","QFC01","Q_Roller(S)","0","0","5","1960000.00","62.38","10.80","13","국내","2020-03-10","","1","SEO26FF"
"Q4192133","보험품","O","X","QFC01","Q_Electrical & Electron","2","7","2","5560876.81","228.33","73.34","6","수입","2022-01-26","","1","SEO26FF"
"Q4192171","보험품","O","X","QFC01","Q_Electrical & Electron","2","7","2","5560876.81","232.33","73.97","6","수입","2022-01-26","","1","SEO26FF"
"Q4192179","보험품","O","X","QFC01","Q_Electrical & Electron","1","6","2","8200889.22","232.33","73.97","6","수입","2022-01-26","","1","SEO26FF"
"Q4210213","보험품","O","X","QFC01","Q_Rotary/Swivel Joint","0","0","2","9950000.00","130.22","160.42","9","국내","2023-09-14","","1","SEO26FF"
"Q4230326","보험품","O","X","QFC01","Q_Electrical & Electron","2","2","1","4206655.83","210.00","0.00","1","수입","2015-06-06","","1","SEO26FF"
"Q4257701","보험품","O","X","QFC01","Q_Manual Valve","1","1","1","57383200.00","171.67","52.87","9","국내","2026-07-27","","1","SEO26FF"
"Q4269272","보험품","O","X","QFC01","Q_Fan & Blower (Ready)","2","6","3","1622916.84","215.47","69.77","15","수입","2024-03-05","","1","SEO26FF"
"Q4441695","보험품","O","X","QFC01","Q_Motor (Ready)","1","1","1","56339008.85","233.00","0.00","1","수입","2019-11-06","","1","SEO26FF"
"Q4521625","보험품","O","X","QFC01","Q_Drive Coupling","0","0","1","1040000000.00","511.00","0.00","1","국내","2022-12-06","","1","SEO26FF"
"Q4604630","보험품","O","X","QFC01","Q_General Pump (Ready)","0","1","1","1503362000.00","416.50","31.82","2","국내","2026-07-07","","1","SEO26FF"
"QS424543","보험품","O","X","QFC01","Q_QS_Build Up(Special)","0","0","1","98500000.00","170.50","61.52","2","국내","2025-06-27","","1","SEO26FF"
