"Signal","Status","Item","Type","Equipment","Kind","StopDate","OrderByDate","D_days","ExpectedNeed","CurrentStock","OrderNeed","OrderAmount","DeptCode"
"red","즉시발주","Q1119526","보험품","","상시","","","","3","0","3","953259","SEO26FF"
"red","즉시발주","Q1121188","보험품","","상시","","","","2","0","2","768902","SEO26FF"
"red","즉시발주","Q1021836","보험품","","상시","","","","63","3","60","3335","SEO26FF"
"red","즉시발주","Q1019015","보험품","","상시","","","","3","1","2","1019898","SEO26FF"
"red","즉시발주","Q1023576","보험품","","상시","","","","3","1","2","24880","SEO26FF"
"red","즉시발주","Q1031233","보험품","","상시","","","","5","2","3","5071044","SEO26FF"
"red","즉시발주","Q1019683","보험품","","상시","","","","7","2","5","50246625","SEO26FF"
"red","즉시발주","Q1020168","보험품","","상시","","","","6","2","4","13173009","SEO26FF"
"red","즉시발주","Q1040058","보험품","","상시","","","","3","1","2","1380000","SEO26FF"
"red","즉시발주","Q2011846","보험품","","상시","","","","10","3","7","3815000","SEO26FF"
"red","즉시발주","Q1021932","보험품","","상시","","","","5","2","3","3908","SEO26FF"
"red","즉시발주","Q2055672","보험품","","상시","","","","8","1","7","4760000","SEO26FF"
"red","즉시발주","Q2060154","보험품","","상시","","","","5","2","3","228000","SEO26FF"
"red","즉시발주","Q2060222","보험품","","상시","","","","16","5","11","1054682","SEO26FF"
"red","즉시발주","Q2118354","보험품","","상시","","","","52","20","32","466688","SEO26FF"
"red","즉시발주","Q2118643","보험품","","상시","","","","7","2","5","1917100","SEO26FF"
"red","즉시발주","Q2139926","보험품","","상시","","","","3","1","2","2200000","SEO26FF"
"red","즉시발주","Q2228264","보험품","FM Main Motor","상시","","","","5","2","3","420000","SEO26FF"
"red","즉시발주","Q4013000","보험품","Walking Beam 기어베어링","상시","","","","4","1","3","7383000","SEO26FF"
"red","즉시발주","Q4015362","보험품","","상시","","","","4","1","3","1980000","SEO26FF"
"red","즉시발주","Q4015364","보험품","","상시","","","","4","1","3","954000","SEO26FF"
"red","즉시발주","Q4015365","보험품","","상시","","","","8","1","7","416967","SEO26FF"
"red","즉시발주","Q4015405","계획품","FM Roll Alignment","대수리","2026-09-04","2026-05-17","-109","2","1","1","2119000","SEO26FF"
"red","즉시발주","Q4015414","보험품","","상시","","","","4","1","3","118800","SEO26FF"
"red","즉시발주","Q4026534","계획품","FM Main Motor","대수리","2026-09-04","2026-05-21","-105","200","100","100","1600000","SEO26FF"
"red","즉시발주","Q4080430","계획품","FM Main Motor","대수리","2026-09-04","2026-05-05","-121","2","1","1","5700000","SEO26FF"
"red","즉시발주","Q4246475","보험품","Stand Main TR","상시","","","","10","2","8","3113776","SEO26FF"
"red","즉시발주","Q4357975","보험품","","상시","","","","3","1","2","7604980","SEO26FF"
"red","즉시발주","Q4419677","계획품","FM Roll Alignment","대수리","2026-09-04","2026-05-01","-125","8","4","4","3200000","SEO26FF"
"red","즉시발주","Q4541491","보험품","","상시","","","","8","2","6","5250000","SEO26FF"
"red","즉시발주","Q4541492","보험품","","상시","","","","8","2","6","5250000","SEO26FF"
"red","즉시발주","Q1000737","보험품","","상시","","","","1","0","1","760000","SEO26FF"
"red","즉시발주","Q1000781","보험품","","상시","","","","2","0","2","10913448","SEO26FF"
"red","즉시발주","Q1000971","보험품","","상시","","","","1","0","1","3567054","SEO26FF"
"red","즉시발주","Q1032374","보험품","","상시","","","","3","0","3","625842","SEO26FF"
"red","즉시발주","Q1039284","보험품","","상시","","","","2","0","2","10870000","SEO26FF"
"red","즉시발주","Q1040012","보험품","","상시","","","","2","0","2","13641810","SEO26FF"
"red","즉시발주","Q1040224","보험품","","상시","","","","2","0","2","17872000","SEO26FF"
"red","즉시발주","Q1040225","보험품","","상시","","","","2","0","2","10523682","SEO26FF"
"red","즉시발주","Q1040312","보험품","","상시","","","","4","0","4","4480000","SEO26FF"
"red","즉시발주","Q1042421","보험품","","상시","","","","1","0","1","5550000","SEO26FF"
"red","즉시발주","Q1049004","보험품","","상시","","","","1","0","1","3016846","SEO26FF"
"red","즉시발주","Q1071793","보험품","","상시","","","","25","0","25","1908725","SEO26FF"
"red","즉시발주","Q1073119","보험품","","상시","","","","1","0","1","6502210","SEO26FF"
"red","즉시발주","Q1073185","보험품","","상시","","","","24","0","24","1778496","SEO26FF"
"red","즉시발주","Q1073416","보험품","","상시","","","","24","0","24","1832376","SEO26FF"
"red","즉시발주","Q1073453","보험품","","상시","","","","21","0","21","1603329","SEO26FF"
"red","즉시발주","Q1074634","보험품","","상시","","","","2","0","2","126304000","SEO26FF"
"red","즉시발주","Q1074772","보험품","","상시","","","","4","0","4","208620000","SEO26FF"
"red","즉시발주","Q1078283","보험품","","상시","","","","4","0","4","23796240","SEO26FF"
"red","즉시발주","Q1218393","보험품","","상시","","","","1","0","1","2577600","SEO26FF"
"red","즉시발주","Q1292612","보험품","","상시","","","","6","0","6","29400000","SEO26FF"
"red","즉시발주","Q1314441","보험품","","상시","","","","1","0","1","3598518","SEO26FF"
"red","즉시발주","Q1316039","보험품","","상시","","","","1","0","1","135333","SEO26FF"
"red","즉시발주","Q2010934","보험품","","상시","","","","2","0","2","0","SEO26FF"
"red","즉시발주","Q2024559","보험품","","상시","","","","3","1","2","18000000","SEO26FF"
"red","즉시발주","Q2028061","보험품","","상시","","","","2","0","2","168050800","SEO26FF"
"red","즉시발주","Q2028134","보험품","","상시","","","","1","0","1","9333184","SEO26FF"
"red","즉시발주","Q2045742","보험품","","상시","","","","1","0","1","4099280","SEO26FF"
"red","즉시발주","Q2074769","보험품","","상시","","","","4","0","4","1640000","SEO26FF"
"red","즉시발주","Q2094703","보험품","","상시","","","","1","0","1","18565170","SEO26FF"
"red","즉시발주","Q2118996","보험품","","상시","","","","1","0","1","2396595","SEO26FF"
"red","즉시발주","Q2124049","보험품","","상시","","","","15","0","15","6000000","SEO26FF"
"red","즉시발주","Q2130293","보험품","","상시","","","","1","0","1","4616560","SEO26FF"
"red","즉시발주","Q2143592","보험품","","상시","","","","1","0","1","7982500","SEO26FF"
"red","즉시발주","Q2143616","보험품","","상시","","","","1","0","1","541022","SEO26FF"
"red","즉시발주","Q2226242","보험품","","상시","","","","1","0","1","11730000","SEO26FF"
"red","즉시발주","Q4018011","보험품","","상시","","","","10","3","7","5147270","SEO26FF"
"red","즉시발주","Q4018015","보험품","","상시","","","","8","1","7","17729468","SEO26FF"
"red","즉시발주","Q4018018","보험품","","상시","","","","13","1","12","36603797","SEO26FF"
"red","즉시발주","Q4018023","보험품","","상시","","","","1","0","1","2757626","SEO26FF"
"red","즉시발주","Q4169634","보험품","","상시","","","","2","0","2","10486132","SEO26FF"
"red","즉시발주","Q4178355","보험품","","상시","","","","4","0","4","77800000","SEO26FF"
"red","즉시발주","Q4185031","보험품","","상시","","","","4","0","4","7840000","SEO26FF"
"red","즉시발주","Q4210213","보험품","","상시","","","","2","0","2","19900000","SEO26FF"
"red","즉시발주","Q4521625","보험품","","상시","","","","1","0","1","1040000000","SEO26FF"
"red","즉시발주","Q4604630","보험품","","상시","","","","1","0","1","1503362000","SEO26FF"
"red","즉시발주","QS424543","보험품","","상시","","","","1","0","1","98500000","SEO26FF"
"yellow","발주임박","Q1000108","보험품","","상시","","","","2","1","1","1422190","SEO26FF"
"yellow","발주임박","Q1052919","보험품","","상시","","","","3","2","1","39000","SEO26FF"
"yellow","발주임박","Q1201276","보험품","","상시","","","","2","1","1","475153","SEO26FF"
"yellow","발주임박","Q1201564","보험품","","상시","","","","2","1","1","98467200","SEO26FF"
"yellow","발주임박","Q1012781","보험품","","상시","","","","100","50","50","206750","SEO26FF"
"yellow","발주임박","Q1032182","보험품","FM Roll Alignment","상시","","","","2","1","1","558639","SEO26FF"
"yellow","발주임박","Q1010299","보험품","","상시","","","","7","4","3","717270","SEO26FF"
"yellow","발주임박","Q1024620","보험품","","상시","","","","12","10","2","21666","SEO26FF"
"yellow","발주임박","Q1040051","보험품","","상시","","","","2","1","1","3630000","SEO26FF"
"yellow","발주임박","Q1072820","보험품","","상시","","","","3","2","1","96000","SEO26FF"
"yellow","발주임박","Q1072836","보험품","FM Main Motor","상시","","","","2","1","1","4200000","SEO26FF"
"yellow","발주임박","Q1073590","보험품","","상시","","","","15","8","7","864500","SEO26FF"
"yellow","발주임박","Q1077285","보험품","","상시","","","","14","10","4","800000","SEO26FF"
"yellow","발주임박","Q1078004","보험품","","상시","","","","2","1","1","116025","SEO26FF"
"yellow","발주임박","Q1034310","보험품","","상시","","","","4","2","2","639626","SEO26FF"
"yellow","발주임박","Q2059082","보험품","","상시","","","","7","5","2","26000","SEO26FF"
"yellow","발주임박","Q2060148","보험품","","상시","","","","14","10","4","80000","SEO26FF"
"yellow","발주임박","Q2060463","보험품","","상시","","","","2","1","1","4970000","SEO26FF"
"yellow","발주임박","Q2060474","보험품","","상시","","","","2","1","1","3490000","SEO26FF"
"yellow","발주임박","Q2064661","보험품","","상시","","","","2","1","1","970000","SEO26FF"
"yellow","발주임박","Q2066145","보험품","","상시","","","","2","1","1","1050000","SEO26FF"
"yellow","발주임박","Q2076004","보험품","","상시","","","","4","2","2","8142530","SEO26FF"
"yellow","발주임박","Q2087261","보험품","","상시","","","","2","1","1","218106","SEO26FF"
"yellow","발주임박","Q2091278","보험품","","상시","","","","2","1","1","6880000","SEO26FF"
"yellow","발주임박","Q2095281","보험품","","상시","","","","2","1","1","1590000","SEO26FF"
"yellow","발주임박","Q2096490","보험품","","상시","","","","2","1","1","1253120","SEO26FF"
"yellow","발주임박","Q2101009","보험품","FM Screw Down","상시","","","","6","4","2","26824","SEO26FF"
"yellow","발주임박","Q2194827","보험품","","상시","","","","3","2","1","551000","SEO26FF"
"yellow","발주임박","Q2200466","보험품","","상시","","","","6","4","2","26824","SEO26FF"
"yellow","발주임박","Q2228118","보험품","","상시","","","","2","1","1","900000","SEO26FF"
"yellow","발주임박","Q4012998","보험품","Walking Beam 기어베어링","상시","","","","3","2","1","300000","SEO26FF"
"yellow","발주임박","Q4020699","보험품","Table Roller 기어박스","상시","","","","5","3","2","310710","SEO26FF"
"yellow","발주임박","Q4047391","보험품","","상시","","","","2","1","1","4470495","SEO26FF"
"yellow","발주임박","Q4124066","보험품","","상시","","","","2","1","1","467112","SEO26FF"
"yellow","발주임박","Q4169942","보험품","","상시","","","","2","1","1","5641350","SEO26FF"
"yellow","발주임박","Q4172575","보험품","","상시","","","","2","1","1","27940000","SEO26FF"
"yellow","발주임박","Q4182619","보험품","","상시","","","","2","1","1","3704000","SEO26FF"
"yellow","발주임박","Q4188532","보험품","","상시","","","","5","4","1","194000","SEO26FF"
"yellow","발주임박","Q4210315","보험품","","상시","","","","2","1","1","3630000","SEO26FF"
"yellow","발주임박","Q4256411","보험품","","상시","","","","5","4","1","154755","SEO26FF"
"yellow","발주임박","Q4273074","보험품","","상시","","","","3","2","1","1150000","SEO26FF"
"yellow","발주임박","Q4283104","보험품","","상시","","","","2","1","1","895839","SEO26FF"
"yellow","발주임박","Q4327789","보험품","","상시","","","","2","1","1","2100000","SEO26FF"
"yellow","발주임박","Q4384099","보험품","","상시","","","","3","2","1","904166","SEO26FF"
"yellow","발주임박","Q4386124","보험품","QOC Servo","상시","","","","3","2","1","8923590","SEO26FF"
"yellow","발주임박","Q4439265","보험품","QOC Servo","상시","","","","2","1","1","11900000","SEO26FF"
"yellow","발주임박","Q4439266","보험품","QOC Servo","상시","","","","2","1","1","14806000","SEO26FF"
"yellow","발주임박","Q4465267","보험품","","상시","","","","2","1","1","13900000","SEO26FF"
"yellow","발주임박","QS418165","보험품","","상시","","","","2","1","1","65000000","SEO26FF"
"yellow","발주임박","Q4515205","보험품","FM Roll Alignment","상시","","","","36","20","16","240976","SEO26FF"
"yellow","발주임박","Q1000745","보험품","","상시","","","","4","2","2","2440000","SEO26FF"
"yellow","발주임박","Q1039371","보험품","","상시","","","","2","1","1","1179555","SEO26FF"
"yellow","발주임박","Q2054727","보험품","","상시","","","","21","16","5","19726878","SEO26FF"
"yellow","발주임박","Q2212113","보험품","","상시","","","","2","1","1","5700000","SEO26FF"
"yellow","발주임박","Q4017998","보험품","","상시","","","","2","1","1","17510329","SEO26FF"
"yellow","발주임박","Q4018007","보험품","","상시","","","","7","5","2","2163788","SEO26FF"
"yellow","발주임박","Q4018210","보험품","","상시","","","","6","3","3","8733404","SEO26FF"
"yellow","발주임박","Q4039953","보험품","","상시","","","","3","2","1","22320000","SEO26FF"
"yellow","발주임박","Q4173290","보험품","","상시","","","","3","2","1","15145171","SEO26FF"
"green","여유","Q1042338","보험품","","상시","","","","1","1","0","0","SEO26FF"
"green","여유","Q1053133","보험품","","상시","","","","2","2","0","0","SEO26FF"
"green","여유","Q1078248","보험품","FM Main Motor","상시","","","","2","2","0","0","SEO26FF"
"green","여유","Q1078249","보험품","FM Main Motor","상시","","","","1","1","0","0","SEO26FF"
"green","여유","Q1053247","보험품","FM Main Motor","상시","","","","4","4","0","0","SEO26FF"
"green","여유","Q1053248","보험품","FM Main Motor","상시","","","","4","4","0","0","SEO26FF"
"green","여유","Q1053401","보험품","","상시","","","","1","1","0","0","SEO26FF"
"green","여유","Q1053581","보험품","","상시","","","","1","1","0","0","SEO26FF"
"green","여유","Q1053588","보험품","","상시","","","","4","4","0","0","SEO26FF"
"green","여유","Q1119795","보험품","","상시","","","","1","1","0","0","SEO26FF"
"green","여유","Q1120753","보험품","","상시","","","","2","2","0","0","SEO26FF"
"green","여유","Q1002238","보험품","","상시","","","","1","1","0","0","SEO26FF"
"green","여유","Q1021614","보험품","","상시","","","","10","10","0","0","SEO26FF"
"green","여유","Q1031708","보험품","FM Main Motor","상시","","","","1","1","0","0","SEO26FF"
"green","여유","Q1040729","보험품","","상시","","","","2","2","0","0","SEO26FF"
"green","여유","Q1019962","보험품","","상시","","","","1","1","0","0","SEO26FF"
"green","여유","Q1040054","보험품","","상시","","","","2","2","0","0","SEO26FF"
"green","여유","Q1040061","보험품","","상시","","","","4","4","0","0","SEO26FF"
"green","여유","Q1072821","보험품","","상시","","","","4","4","0","0","SEO26FF"
"green","여유","Q1073859","보험품","","상시","","","","1","1","0","0","SEO26FF"
"green","여유","Q1269776","보험품","","상시","","","","2","2","0","0","SEO26FF"
"green","여유","Q1077476","보험품","FM Spindle 감속기","상시","","","","2","2","0","0","SEO26FF"
"green","여유","Q1077624","보험품","","상시","","","","1","1","0","0","SEO26FF"
"green","여유","Q1077670","보험품","","상시","","","","10","10","0","0","SEO26FF"
"green","여유","Q1077941","보험품","","상시","","","","4","4","0","0","SEO26FF"
"green","여유","Q2024605","보험품","","상시","","","","2","2","0","0","SEO26FF"
"green","여유","Q2042214","보험품","","상시","","","","2","2","0","0","SEO26FF"
"green","여유","Q2054201","보험품","","상시","","","","2","2","0","0","SEO26FF"
"green","여유","Q2056110","보험품","","상시","","","","1","1","0","0","SEO26FF"
"green","여유","Q2059088","보험품","","상시","","","","4","4","0","0","SEO26FF"
"green","여유","Q2060332","보험품","","상시","","","","1","1","0","0","SEO26FF"
"green","여유","Q2060337","보험품","","상시","","","","1","1","0","0","SEO26FF"
"green","여유","Q2060465","보험품","","상시","","","","1","1","0","0","SEO26FF"
"green","여유","Q2070797","계획품","","상시","","","","1","1","0","0","SEO26FF"
"green","여유","Q2084886","보험품","","상시","","","","4","4","0","0","SEO26FF"
"green","여유","Q2087833","보험품","","상시","","","","4","4","0","0","SEO26FF"
"green","여유","Q2091279","보험품","","상시","","","","1","1","0","0","SEO26FF"
"green","여유","Q2094313","보험품","","상시","","","","2","2","0","0","SEO26FF"
"green","여유","Q2095868","보험품","","상시","","","","1","1","0","0","SEO26FF"
"green","여유","Q2106112","보험품","","상시","","","","8","8","0","0","SEO26FF"
"green","여유","Q2110732","보험품","FM Roll Alignment","상시","","","","1","1","0","0","SEO26FF"
"green","여유","Q2110733","보험품","FM Roll Alignment","상시","","","","1","1","0","0","SEO26FF"
"green","여유","Q2116694","보험품","","상시","","","","1","1","0","0","SEO26FF"
"green","여유","Q2116695","보험품","","상시","","","","1","1","0","0","SEO26FF"
"green","여유","Q2133118","보험품","","상시","","","","2","2","0","0","SEO26FF"
"green","여유","Q2133119","보험품","","상시","","","","1","1","0","0","SEO26FF"
"green","여유","Q2140042","보험품","","상시","","","","5","5","0","0","SEO26FF"
"green","여유","Q2141016","보험품","","상시","","","","2","2","0","0","SEO26FF"
"green","여유","Q2141021","보험품","","상시","","","","2","2","0","0","SEO26FF"
"green","여유","Q2176849","보험품","","상시","","","","1","1","0","0","SEO26FF"
"green","여유","Q2179246","보험품","","상시","","","","2","2","0","0","SEO26FF"
"green","여유","Q2200004","보험품","","상시","","","","16","16","0","0","SEO26FF"
"green","여유","Q2200005","보험품","","상시","","","","16","16","0","0","SEO26FF"
"green","여유","Q2202508","보험품","FM Roll Alignment","상시","","","","1","1","0","0","SEO26FF"
"green","여유","Q2206557","보험품","","상시","","","","4","4","0","0","SEO26FF"
"green","여유","Q2224741","보험품","","상시","","","","2","2","0","0","SEO26FF"
"green","여유","Q2235169","보험품","","상시","","","","1","1","0","0","SEO26FF"
"green","여유","Q2235172","보험품","","상시","","","","1","1","0","0","SEO26FF"
"green","여유","Q4002139","보험품","","상시","","","","1","1","0","0","SEO26FF"
"green","여유","Q4003811","보험품","","상시","","","","1","1","0","0","SEO26FF"
"green","여유","Q4015363","보험품","","상시","","","","1","1","0","0","SEO26FF"
"green","여유","Q4030286","보험품","Walking Beam 기어베어링","상시","","","","1","1","0","0","SEO26FF"
"green","여유","Q4030636","보험품","Walking Beam 기어베어링","상시","","","","1","1","0","0","SEO26FF"
"green","여유","Q4034332","보험품","","상시","","","","2","2","0","0","SEO26FF"
"green","여유","Q4041104","보험품","","상시","","","","1","1","0","0","SEO26FF"
"green","여유","Q4073338","보험품","","상시","","","","2","2","0","0","SEO26FF"
"green","여유","Q4085105","보험품","","상시","","","","1","1","0","0","SEO26FF"
"green","여유","Q4089851","보험품","FM Edge Heater","상시","","","","2","2","0","0","SEO26FF"
"green","여유","Q4103142","보험품","FM Hot Leveller","상시","","","","1","1","0","0","SEO26FF"
"green","여유","Q4112995","보험품","FM Hot Leveller","상시","","","","4","4","0","0","SEO26FF"
"green","여유","Q4119198","보험품","FM Main Motor","상시","","","","1","1","0","0","SEO26FF"
"green","여유","Q4136434","보험품","","상시","","","","2","2","0","0","SEO26FF"
"green","여유","Q4140768","보험품","","상시","","","","2","2","0","0","SEO26FF"
"green","여유","Q4189151","보험품","","상시","","","","6","6","0","0","SEO26FF"
"green","여유","Q4203928","보험품","FM Main Motor","상시","","","","1","1","0","0","SEO26FF"
"green","여유","Q4204059","보험품","FM Pinion Stand","상시","","","","4","4","0","0","SEO26FF"
"green","여유","Q4204061","보험품","FM Pinion Stand","상시","","","","1","1","0","0","SEO26FF"
"green","여유","Q4204060","보험품","FM Pinion Stand","상시","","","","2","2","0","0","SEO26FF"
"green","여유","Q4210501","보험품","","상시","","","","1","1","0","0","SEO26FF"
"green","여유","Q4210610","보험품","","상시","","","","2","2","0","0","SEO26FF"
"green","여유","Q4210612","보험품","","상시","","","","2","2","0","0","SEO26FF"
"green","여유","Q4232430","보험품","","상시","","","","1","1","0","0","SEO26FF"
"green","여유","Q4239083","보험품","","상시","","","","3","3","0","0","SEO26FF"
"green","여유","Q4264097","보험품","","상시","","","","5","5","0","0","SEO26FF"
"green","여유","Q4312812","보험품","","상시","","","","1","1","0","0","SEO26FF"
"green","여유","Q4321160","보험품","FM Main Motor","상시","","","","1","1","0","0","SEO26FF"
"green","여유","Q4336678","보험품","","상시","","","","1","1","0","0","SEO26FF"
"green","여유","Q4390457","보험품","","상시","","","","2","2","0","0","SEO26FF"
"green","여유","Q4394089","보험품","","상시","","","","1","1","0","0","SEO26FF"
"green","여유","Q4398385","보험품","","상시","","","","1","1","0","0","SEO26FF"
"green","여유","Q4435466","보험품","FM Main Motor","상시","","","","4","4","0","0","SEO26FF"
"green","여유","Q4439263","보험품","QOC Servo","상시","","","","1","1","0","0","SEO26FF"
"green","여유","Q4439264","보험품","QOC Servo","상시","","","","1","1","0","0","SEO26FF"
"green","여유","Q4439269","보험품","","상시","","","","1","1","0","0","SEO26FF"
"green","여유","Q4439270","보험품","","상시","","","","1","1","0","0","SEO26FF"
"green","여유","Q4443501","보험품","","상시","","","","6","6","0","0","SEO26FF"
"green","여유","Q4450272","보험품","","상시","","","","1","1","0","0","SEO26FF"
"green","여유","Q4453988","보험품","","상시","","","","1","1","0","0","SEO26FF"
"green","여유","Q4459402","보험품","","상시","","","","2","2","0","0","SEO26FF"
"green","여유","Q4460076","보험품","FM Edge Heater","상시","","","","1","1","0","0","SEO26FF"
"green","여유","Q4471765","보험품","","상시","","","","1","1","0","0","SEO26FF"
"green","여유","Q4480769","보험품","","상시","","","","2","2","0","0","SEO26FF"
"green","여유","Q4485045","보험품","","상시","","","","1","1","0","0","SEO26FF"
"green","여유","Q4485080","보험품","","상시","","","","1","1","0","0","SEO26FF"
"green","여유","Q4485081","보험품","","상시","","","","1","1","0","0","SEO26FF"
"green","여유","Q4485087","보험품","","상시","","","","1","1","0","0","SEO26FF"
"green","여유","Q4493662","보험품","","상시","","","","2","2","0","0","SEO26FF"
"green","여유","Q4504475","보험품","FM Hot Leveller","상시","","","","1","1","0","0","SEO26FF"
"green","여유","Q4504476","보험품","FM Roll Alignment","상시","","","","2","2","0","0","SEO26FF"
"green","여유","Q4504478","보험품","FM Roll Alignment","상시","","","","2","2","0","0","SEO26FF"
"green","여유","Q4515206","보험품","FM Roll Alignment","상시","","","","8","8","0","0","SEO26FF"
"green","여유","Q4515573","보험품","","상시","","","","2","2","0","0","SEO26FF"
"green","여유","Q4517465","보험품","","상시","","","","2","2","0","0","SEO26FF"
"green","여유","Q4517801","보험품","","상시","","","","6","6","0","0","SEO26FF"
"green","여유","Q4524604","보험품","","상시","","","","1","1","0","0","SEO26FF"
"green","여유","Q4524949","보험품","","상시","","","","2","2","0","0","SEO26FF"
"green","여유","Q4532058","보험품","Stand Main TR","상시","","","","1","1","0","0","SEO26FF"
"green","여유","Q4536719","보험품","","상시","","","","4","4","0","0","SEO26FF"
"green","여유","Q4546235","보험품","","상시","","","","1","1","0","0","SEO26FF"
"green","여유","Q4551507","보험품","","상시","","","","1","1","0","0","SEO26FF"
"green","여유","Q4559574","보험품","","상시","","","","6","6","0","0","SEO26FF"
"green","여유","Q4559575","보험품","","상시","","","","3","3","0","0","SEO26FF"
"green","여유","Q4559686","보험품","","상시","","","","3","3","0","0","SEO26FF"
"green","여유","Q4562126","보험품","","상시","","","","1","1","0","0","SEO26FF"
"green","여유","Q4562194","보험품","","상시","","","","1","1","0","0","SEO26FF"
"green","여유","Q4572470","보험품","","상시","","","","1","1","0","0","SEO26FF"
"green","여유","Q4572473","보험품","","상시","","","","1","1","0","0","SEO26FF"
"green","여유","Q4575867","보험품","","상시","","","","1","1","0","0","SEO26FF"
"green","여유","Q4576623","보험품","","상시","","","","1","1","0","0","SEO26FF"
"green","여유","Q4576624","보험품","","상시","","","","1","1","0","0","SEO26FF"
"green","여유","Q4582819","보험품","","상시","","","","1","1","0","0","SEO26FF"
"green","여유","Q4587154","보험품","QOC Servo","상시","","","","5","5","0","0","SEO26FF"
"green","여유","Q4588343","보험품","","상시","","","","1","1","0","0","SEO26FF"
"green","여유","Q4590955","보험품","","상시","","","","2","2","0","0","SEO26FF"
"green","여유","Q4597580","보험품","FM Hot Leveller","상시","","","","30","30","0","0","SEO26FF"
"green","여유","Q4598537","보험품","","상시","","","","1","1","0","0","SEO26FF"
"green","여유","Q4612557","보험품","","상시","","","","2","2","0","0","SEO26FF"
"green","여유","Q4625628","보험품","","상시","","","","1","1","0","0","SEO26FF"
"green","여유","Q4625646","보험품","","상시","","","","1","1","0","0","SEO26FF"
"green","여유","Q4652294","보험품","","상시","","","","2","2","0","0","SEO26FF"
"green","여유","QS429155","보험품","Table Roller 기어박스","상시","","","","1","1","0","0","SEO26FF"
"green","여유","Q1042306","보험품","","상시","","","","3","3","0","0","SEO26FF"
"green","여유","Q1218391","보험품","","상시","","","","1","1","0","0","SEO26FF"
"green","여유","Q2062201","보험품","","상시","","","","1","1","0","0","SEO26FF"
"green","여유","Q2139998","보험품","","상시","","","","1","1","0","0","SEO26FF"
"green","여유","Q4018016","보험품","","상시","","","","1","1","0","0","SEO26FF"
"green","여유","Q4018019","보험품","","상시","","","","1","1","0","0","SEO26FF"
"green","여유","Q4018022","보험품","","상시","","","","2","2","0","0","SEO26FF"
"green","여유","Q4169635","보험품","","상시","","","","1","1","0","0","SEO26FF"
"green","여유","Q4174454","보험품","","상시","","","","1","1","0","0","SEO26FF"
"green","여유","Q4174455","보험품","","상시","","","","1","1","0","0","SEO26FF"
"green","여유","Q4192179","보험품","","상시","","","","1","1","0","0","SEO26FF"
"green","여유","Q4257701","보험품","","상시","","","","1","1","0","0","SEO26FF"
"green","여유","Q4441695","보험품","","상시","","","","1","1","0","0","SEO26FF"
"gray","재고불요","Q1042383","계획품","","상시","","","","0","2","0","0","SEO26FF"
"gray","재고불요","Q1052933","계획품","","상시","","","","0","2","0","0","SEO26FF"
"gray","충분","Q1053112","보험품","FM Crop Shear","상시","","","","2","4","0","0","SEO26FF"
"gray","충분","Q1053113","보험품","FM Crop Shear","상시","","","","2","4","0","0","SEO26FF"
"gray","재고불요","Q1053117","계획품","","상시","","","","0","2","0","0","SEO26FF"
"gray","재고불요","Q1053210","계획품","","상시","","","","0","3","0","0","SEO26FF"
"gray","재고불요","Q1078241","계획품","","상시","","","","0","1","0","0","SEO26FF"
"gray","재고불요","Q1078244","보험품","","상시","","","","0","1","0","0","SEO26FF"
"gray","충분","Q1053287","보험품","FM Main Motor","상시","","","","1","3","0","0","SEO26FF"
"gray","재고충분","Q1053317","계획품","FM Main Motor","대수리","2026-09-04","2026-05-17","-109","1","2","0","0","SEO26FF"
"gray","재고충분","Q1053318","계획품","FM Main Motor","대수리","2026-09-04","2026-05-16","-110","1","2","0","0","SEO26FF"
"gray","재고충분","Q1053378","계획품","FM Main Motor","대수리","2026-09-04","2026-05-17","-109","1","2","0","0","SEO26FF"
"gray","재고불요","Q1053392","계획품","","상시","","","","0","2","0","0","SEO26FF"
"gray","충분","Q1053400","보험품","","상시","","","","1","2","0","0","SEO26FF"
"gray","재고불요","Q1053468","계획품","","상시","","","","0","2","0","0","SEO26FF"
"gray","충분","Q1053590","보험품","","상시","","","","2","4","0","0","SEO26FF"
"gray","재고불요","Q1117822","보험품","","상시","","","","0","1","0","0","SEO26FF"
"gray","충분","Q1051490","보험품","","상시","","","","2","8","0","0","SEO26FF"
"gray","재고불요","Q1119268","계획품","","상시","","","","0","60","0","0","SEO26FF"
"gray","재고불요","Q1119452","계획품","","상시","","","","0","2","0","0","SEO26FF"
"gray","충분","Q1119649","보험품","","상시","","","","7","20","0","0","SEO26FF"
"gray","재고불요","Q1000751","계획품","","상시","","","","0","2","0","0","SEO26FF"
"gray","충분","Q1204795","보험품","","상시","","","","3","12","0","0","SEO26FF"
"gray","충분","Q1204949","보험품","","상시","","","","4","13","0","0","SEO26FF"
"gray","재고불요","Q1305036","계획품","","상시","","","","0","10","0","0","SEO26FF"
"gray","재고불요","Q1002292","보험품","","상시","","","","0","10","0","0","SEO26FF"
"gray","재고불요","Q1004847","계획품","","상시","","","","0","30","0","0","SEO26FF"
"gray","재고불요","Q1005323","계획품","","상시","","","","0","323","0","0","SEO26FF"
"gray","재고불요","Q1011982","계획품","","상시","","","","0","100","0","0","SEO26FF"
"gray","충분","Q1021920","보험품","","상시","","","","8","15","0","0","SEO26FF"
"gray","재고충분","Q1030043","계획품","FM Spindle 감속기","대수리","2026-09-04","2026-05-06","-120","1","1","0","0","SEO26FF"
"gray","재고충분","Q1030044","계획품","FM Spindle 감속기","대수리","2026-09-04","2026-05-04","-122","1","1","0","0","SEO26FF"
"gray","재고불요","Q1030453","계획품","","상시","","","","0","6","0","0","SEO26FF"
"gray","재고불요","Q1293261","계획품","","상시","","","","0","1","0","0","SEO26FF"
"gray","충분","Q1297201","보험품","","상시","","","","2","22","0","0","SEO26FF"
"gray","재고불요","Q1297240","계획품","","상시","","","","0","2","0","0","SEO26FF"
"gray","재고불요","Q1308654","계획품","","상시","","","","0","1","0","0","SEO26FF"
"gray","재고불요","Q1012773","계획품","","상시","","","","0","2","0","0","SEO26FF"
"gray","재고불요","Q1018930","보험품","","상시","","","","0","1","0","0","SEO26FF"
"gray","재고불요","Q1019385","계획품","FM Crop Shear","상시","","","","0","2","0","0","SEO26FF"
"gray","충분","Q1023561","보험품","","상시","","","","7","14","0","0","SEO26FF"
"gray","충분","Q1024150","보험품","","상시","","","","6","9","0","0","SEO26FF"
"gray","충분","Q1024335","보험품","","상시","","","","6","32","0","0","SEO26FF"
"gray","재고불요","Q1031104","계획품","","상시","","","","0","1","0","0","SEO26FF"
"gray","재고불요","Q1031361","계획품","","상시","","","","0","3","0","0","SEO26FF"
"gray","재고불요","Q1035525","계획품","","상시","","","","0","4","0","0","SEO26FF"
"gray","재고불요","Q1036694","보험품","","상시","","","","0","3","0","0","SEO26FF"
"gray","충분","Q1036702","보험품","","상시","","","","2","3","0","0","SEO26FF"
"gray","재고불요","Q1036822","계획품","","상시","","","","0","2","0","0","SEO26FF"
"gray","재고불요","Q1036844","계획품","","상시","","","","0","4","0","0","SEO26FF"
"gray","재고불요","Q1036971","계획품","","상시","","","","0","12","0","0","SEO26FF"
"gray","재고불요","Q1041363","계획품","","상시","","","","0","1","0","0","SEO26FF"
"gray","충분","Q1041364","보험품","","상시","","","","2","5","0","0","SEO26FF"
"gray","충분","Q1041372","보험품","","상시","","","","2","4","0","0","SEO26FF"
"gray","재고충분","Q1080083","계획품","FM Screw Down","대수리","2026-09-04","2026-05-17","-109","1","1","0","0","SEO26FF"
"gray","재고충분","Q1080084","계획품","FM Screw Down","대수리","2026-09-04","2026-05-17","-109","1","1","0","0","SEO26FF"
"gray","재고불요","Q1080117","계획품","","상시","","","","0","2","0","0","SEO26FF"
"gray","재고불요","Q1010099","계획품","","상시","","","","0","9","0","0","SEO26FF"
"gray","재고불요","Q1010193","계획품","","상시","","","","0","15","0","0","SEO26FF"
"gray","충분","Q1010224","보험품","","상시","","","","3","7","0","0","SEO26FF"
"gray","재고불요","Q1015021","계획품","","상시","","","","0","54","0","0","SEO26FF"
"gray","재고불요","Q1019689","계획품","","상시","","","","0","3","0","0","SEO26FF"
"gray","재고불요","Q1019695","계획품","","상시","","","","0","2","0","0","SEO26FF"
"gray","재고불요","Q1020094","계획품","","상시","","","","0","2","0","0","SEO26FF"
"gray","재고불요","Q1020996","보험품","","상시","","","","0","2","0","0","SEO26FF"
"gray","충분","Q1024603","보험품","","상시","","","","11","14","0","0","SEO26FF"
"gray","충분","Q1029602","보험품","FM Spindle 감속기","상시","","","","2","4","0","0","SEO26FF"
"gray","재고충분","Q1029614","계획품","FM Spindle 감속기","대수리","2026-09-04","2026-05-15","-111","1","1","0","0","SEO26FF"
"gray","재고불요","Q1029653","계획품","FM Crop Shear","상시","","","","0","3","0","0","SEO26FF"
"gray","충분","Q1029662","보험품","","상시","","","","2","5","0","0","SEO26FF"
"gray","재고불요","Q1029893","계획품","","상시","","","","0","1","0","0","SEO26FF"
"gray","충분","Q1033612","보험품","","상시","","","","1","2","0","0","SEO26FF"
"gray","재고불요","Q1033796","계획품","","상시","","","","0","3","0","0","SEO26FF"
"gray","재고불요","Q1033995","계획품","","상시","","","","0","5","0","0","SEO26FF"
"gray","재고불요","Q1034231","계획품","","상시","","","","0","3","0","0","SEO26FF"
"gray","재고충분","Q1034397","계획품","FM Main Motor","대수리","2026-09-04","2026-04-17","-139","2","6","0","0","SEO26FF"
"gray","재고불요","Q1039075","계획품","","상시","","","","0","9","0","0","SEO26FF"
"gray","재고불요","Q1039945","계획품","","상시","","","","0","3","0","0","SEO26FF"
"gray","재고불요","Q1039948","계획품","","상시","","","","0","3","0","0","SEO26FF"
"gray","충분","Q1039950","보험품","","상시","","","","2","4","0","0","SEO26FF"
"gray","재고불요","Q1039951","계획품","","상시","","","","0","1","0","0","SEO26FF"
"gray","재고불요","Q1040053","계획품","","상시","","","","0","1","0","0","SEO26FF"
"gray","재고불요","Q1040060","계획품","","상시","","","","0","7","0","0","SEO26FF"
"gray","재고불요","Q1040065","계획품","","상시","","","","0","1","0","0","SEO26FF"
"gray","재고불요","Q1040129","계획품","","상시","","","","0","3","0","0","SEO26FF"
"gray","재고불요","Q1080541","계획품","","상시","","","","0","1","0","0","SEO26FF"
"gray","재고불요","Q1080794","계획품","","상시","","","","0","4","0","0","SEO26FF"
"gray","재고불요","Q1080969","계획품","","상시","","","","0","2","0","0","SEO26FF"
"gray","재고불요","Q1080970","계획품","","상시","","","","0","1","0","0","SEO26FF"
"gray","재고불요","Q1113604","계획품","","상시","","","","0","24","0","0","SEO26FF"
"gray","충분","Q2008527","보험품","","상시","","","","1","2","0","0","SEO26FF"
"gray","재고불요","Q2013987","계획품","FM Crop Shear","상시","","","","0","2","0","0","SEO26FF"
"gray","재고불요","Q2015221","계획품","","상시","","","","0","3","0","0","SEO26FF"
"gray","충분","Q2018730","보험품","","상시","","","","1","11","0","0","SEO26FF"
"gray","재고불요","Q2019637","계획품","","상시","","","","0","3","0","0","SEO26FF"
"gray","재고불요","Q1072616","계획품","","상시","","","","0","8","0","0","SEO26FF"
"gray","재고불요","Q1072668","보험품","","상시","","","","0","20","0","0","SEO26FF"
"gray","재고불요","Q1072924","계획품","","상시","","","","0","2","0","0","SEO26FF"
"gray","재고불요","Q1072926","계획품","","상시","","","","0","3","0","0","SEO26FF"
"gray","재고불요","Q1072928","계획품","","상시","","","","0","2","0","0","SEO26FF"
"gray","충분","Q1072961","보험품","","상시","","","","2","4","0","0","SEO26FF"
"gray","충분","Q1072973","보험품","","상시","","","","9","14","0","0","SEO26FF"
"gray","재고충분","Q1072995","계획품","FM Roll Alignment","대수리","2026-09-04","2026-05-17","-109","1","1","0","0","SEO26FF"
"gray","재고불요","Q1073040","계획품","","상시","","","","0","1","0","0","SEO26FF"
"gray","재고불요","Q1073183","계획품","","상시","","","","0","1","0","0","SEO26FF"
"gray","재고불요","Q1073184","계획품","","상시","","","","0","1","0","0","SEO26FF"
"gray","재고불요","Q1073210","계획품","","상시","","","","0","1","0","0","SEO26FF"
"gray","재고불요","Q1073215","계획품","","상시","","","","0","1","0","0","SEO26FF"
"gray","재고불요","Q1073310","계획품","","상시","","","","0","1","0","0","SEO26FF"
"gray","재고불요","Q1073449","계획품","","상시","","","","0","1","0","0","SEO26FF"
"gray","재고불요","Q1073553","계획품","","상시","","","","0","4","0","0","SEO26FF"
"gray","재고불요","Q1073594","계획품","","상시","","","","0","8","0","0","SEO26FF"
"gray","재고불요","Q1073865","보험품","","상시","","","","0","2","0","0","SEO26FF"
"gray","재고불요","Q1073866","보험품","","상시","","","","0","2","0","0","SEO26FF"
"gray","재고불요","Q1073870","보험품","","상시","","","","0","2","0","0","SEO26FF"
"gray","재고불요","Q1121309","계획품","","상시","","","","0","1","0","0","SEO26FF"
"gray","재고불요","Q1122097","보험품","","상시","","","","0","100","0","0","SEO26FF"
"gray","재고불요","Q2011794","계획품","","상시","","","","0","6","0","0","SEO26FF"
"gray","재고불요","Q1076627","계획품","","상시","","","","0","1","0","0","SEO26FF"
"gray","재고불요","Q1076630","계획품","","상시","","","","0","2","0","0","SEO26FF"
"gray","재고불요","Q1077340","계획품","","상시","","","","0","1","0","0","SEO26FF"
"gray","재고불요","Q1077367","계획품","","상시","","","","0","3","0","0","SEO26FF"
"gray","재고충분","Q1077400","계획품","FM Roll Alignment","대수리","2026-09-04","2026-05-10","-116","1","2","0","0","SEO26FF"
"gray","재고불요","Q1077486","계획품","","상시","","","","0","4","0","0","SEO26FF"
"gray","재고불요","Q1077487","계획품","","상시","","","","0","4","0","0","SEO26FF"
"gray","재고충분","Q1077622","계획품","FM Roll Alignment","대수리","2026-09-04","2026-03-29","-158","1","1","0","0","SEO26FF"
"gray","재고불요","Q1077646","계획품","","상시","","","","0","1","0","0","SEO26FF"
"gray","재고불요","Q1077676","계획품","","상시","","","","0","40","0","0","SEO26FF"
"gray","충분","Q1077684","보험품","","상시","","","","1","3","0","0","SEO26FF"
"gray","충분","Q1077685","보험품","","상시","","","","1","3","0","0","SEO26FF"
"gray","재고불요","Q1077724","계획품","","상시","","","","0","6","0","0","SEO26FF"
"gray","재고불요","Q1077747","계획품","","상시","","","","0","1","0","0","SEO26FF"
"gray","재고불요","Q1077761","계획품","","상시","","","","0","7","0","0","SEO26FF"
"gray","재고불요","Q1077763","계획품","","상시","","","","0","7","0","0","SEO26FF"
"gray","재고불요","Q1077776","계획품","","상시","","","","0","4","0","0","SEO26FF"
"gray","재고불요","Q1077777","계획품","","상시","","","","0","12","0","0","SEO26FF"
"gray","재고불요","Q1077786","계획품","","상시","","","","0","1","0","0","SEO26FF"
"gray","재고불요","Q1077922","계획품","","상시","","","","0","1","0","0","SEO26FF"
"gray","재고불요","Q1077925","계획품","","상시","","","","0","4","0","0","SEO26FF"
"gray","충분","Q1078005","보험품","","상시","","","","1","2","0","0","SEO26FF"
"gray","재고불요","Q1072889","계획품","","상시","","","","0","2","0","0","SEO26FF"
"gray","재고불요","Q2028329","계획품","FM Crop Shear","상시","","","","0","1","0","0","SEO26FF"
"gray","재고불요","Q1007239","보험품","FM Main Motor","상시","","","","0","5","0","0","SEO26FF"
"gray","재고불요","Q1072930","계획품","","상시","","","","0","2","0","0","SEO26FF"
"gray","충분","Q1073256","보험품","","상시","","","","2","4","0","0","SEO26FF"
"gray","재고충분","Q1080496","계획품","FM Roll Alignment","대수리","2026-09-04","2026-02-15","-200","2","2","0","0","SEO26FF"
"gray","충분","Q2026952","보험품","","상시","","","","3","4","0","0","SEO26FF"
"gray","충분","Q2032488","보험품","","상시","","","","2","3","0","0","SEO26FF"
"gray","충분","Q2032490","보험품","","상시","","","","1","4","0","0","SEO26FF"
"gray","충분","Q2032491","보험품","","상시","","","","1","4","0","0","SEO26FF"
"gray","재고불요","Q2038307","계획품","","상시","","","","0","4","0","0","SEO26FF"
"gray","재고불요","Q2039356","계획품","","상시","","","","0","1","0","0","SEO26FF"
"gray","재고불요","Q2040220","계획품","","상시","","","","0","2","0","0","SEO26FF"
"gray","충분","Q2052411","보험품","FM Main Motor","상시","","","","1","2","0","0","SEO26FF"
"gray","충분","Q2055671","보험품","FM Main Motor","상시","","","","6","8","0","0","SEO26FF"
"gray","재고불요","Q2055698","계획품","","상시","","","","0","4","0","0","SEO26FF"
"gray","재고불요","Q2059079","보험품","","상시","","","","0","1","0","0","SEO26FF"
"gray","충분","Q2059080","보험품","","상시","","","","5","10","0","0","SEO26FF"
"gray","충분","Q2059081","보험품","","상시","","","","2","10","0","0","SEO26FF"
"gray","충분","Q2059083","보험품","","상시","","","","8","10","0","0","SEO26FF"
"gray","충분","Q2060460","보험품","","상시","","","","1","2","0","0","SEO26FF"
"gray","재고불요","Q2060462","계획품","","상시","","","","0","1","0","0","SEO26FF"
"gray","재고불요","Q2064662","계획품","","상시","","","","0","2","0","0","SEO26FF"
"gray","재고불요","Q2065292","계획품","","상시","","","","0","1","0","0","SEO26FF"
"gray","재고불요","Q2068400","계획품","FM Crop Shear","상시","","","","0","2","0","0","SEO26FF"
"gray","재고불요","Q2070790","계획품","","상시","","","","0","1","0","0","SEO26FF"
"gray","충분","Q2070791","계획품","","상시","","","","1","3","0","0","SEO26FF"
"gray","재고불요","Q2070796","계획품","","상시","","","","0","2","0","0","SEO26FF"
"gray","재고불요","Q2070800","계획품","","상시","","","","0","4","0","0","SEO26FF"
"gray","재고충분","Q2070801","계획품","FM Roll Alignment","대수리","2026-09-04","2026-05-23","-103","2","4","0","0","SEO26FF"
"gray","재고불요","Q2074351","보험품","","상시","","","","0","1","0","0","SEO26FF"
"gray","충분","Q2076458","보험품","","상시","","","","5","6","0","0","SEO26FF"
"gray","재고불요","Q2076463","보험품","","상시","","","","0","1","0","0","SEO26FF"
"gray","충분","Q2079650","보험품","","상시","","","","1","2","0","0","SEO26FF"
"gray","충분","Q2079652","보험품","","상시","","","","1","2","0","0","SEO26FF"
"gray","충분","Q2079654","보험품","","상시","","","","1","2","0","0","SEO26FF"
"gray","충분","Q2079803","보험품","FM Main Motor","상시","","","","4","8","0","0","SEO26FF"
"gray","재고불요","Q2082726","보험품","","상시","","","","0","10","0","0","SEO26FF"
"gray","충분","Q2082954","보험품","","상시","","","","4","10","0","0","SEO26FF"
"gray","재고불요","Q2086017","계획품","","상시","","","","0","1","0","0","SEO26FF"
"gray","충분","Q2086434","보험품","FM Main Motor","상시","","","","1","2","0","0","SEO26FF"
"gray","충분","Q2086435","보험품","","상시","","","","1","2","0","0","SEO26FF"
"gray","재고불요","Q2086682","보험품","","상시","","","","0","10","0","0","SEO26FF"
"gray","재고불요","Q2095005","계획품","","상시","","","","0","1","0","0","SEO26FF"
"gray","충분","Q2095006","보험품","","상시","","","","1","4","0","0","SEO26FF"
"gray","충분","Q2095020","보험품","FM Edge Heater","상시","","","","4","10","0","0","SEO26FF"
"gray","재고불요","Q2095032","계획품","","상시","","","","0","1","0","0","SEO26FF"
"gray","충분","Q2097306","보험품","FM Main Motor","상시","","","","4","12","0","0","SEO26FF"
"gray","재고불요","Q2097711","계획품","","상시","","","","0","1","0","0","SEO26FF"
"gray","재고불요","Q2097972","계획품","","상시","","","","0","2","0","0","SEO26FF"
"gray","재고불요","Q2098351","계획품","","상시","","","","0","2","0","0","SEO26FF"
"gray","재고불요","Q2098353","계획품","","상시","","","","0","2","0","0","SEO26FF"
"gray","재고불요","Q2098900","계획품","","상시","","","","0","1","0","0","SEO26FF"
"gray","재고불요","Q2100582","계획품","FM Hot Leveller","상시","","","","0","8","0","0","SEO26FF"
"gray","충분","Q2101008","보험품","FM Screw Down","상시","","","","2","8","0","0","SEO26FF"
"gray","충분","Q2101010","보험품","FM Screw Down","상시","","","","2","8","0","0","SEO26FF"
"gray","재고불요","Q2101882","계획품","","상시","","","","0","1","0","0","SEO26FF"
"gray","재고불요","Q2102570","계획품","","상시","","","","0","2","0","0","SEO26FF"
"gray","재고불요","Q2104247","계획품","","상시","","","","0","2","0","0","SEO26FF"
"gray","재고충분","Q2116016","계획품","FM Spindle 감속기","대수리","2026-09-04","2026-05-03","-123","6","8","0","0","SEO26FF"
"gray","재고불요","Q2116265","계획품","","상시","","","","0","5","0","0","SEO26FF"
"gray","충분","Q2117078","보험품","","상시","","","","4","8","0","0","SEO26FF"
"gray","재고불요","Q2119613","보험품","","상시","","","","0","4","0","0","SEO26FF"
"gray","충분","Q2120491","보험품","FM Spindle 감속기","상시","","","","4","6","0","0","SEO26FF"
"gray","재고충분","Q2122540","계획품","FM Main Motor","대수리","2026-09-04","2026-03-13","-174","1","1","0","0","SEO26FF"
"gray","재고불요","Q2125396","계획품","","상시","","","","0","2","0","0","SEO26FF"
"gray","재고불요","Q2125412","계획품","","상시","","","","0","2","0","0","SEO26FF"
"gray","재고불요","Q2125413","계획품","","상시","","","","0","2","0","0","SEO26FF"
"gray","재고불요","Q2125462","계획품","","상시","","","","0","2","0","0","SEO26FF"
"gray","재고불요","Q2125464","계획품","","상시","","","","0","2","0","0","SEO26FF"
"gray","재고불요","Q2126080","계획품","","상시","","","","0","1","0","0","SEO26FF"
"gray","재고불요","Q2126459","보험품","","상시","","","","0","40","0","0","SEO26FF"
"gray","재고불요","Q2133117","보험품","","상시","","","","0","1","0","0","SEO26FF"
"gray","충분","Q2135729","보험품","","상시","","","","9","11","0","0","SEO26FF"
"gray","재고불요","Q2137371","계획품","","상시","","","","0","1","0","0","SEO26FF"
"gray","재고불요","Q2137920","계획품","","상시","","","","0","4","0","0","SEO26FF"
"gray","재고불요","Q2137922","계획품","","상시","","","","0","2","0","0","SEO26FF"
"gray","재고충분","Q2142284","계획품","FM Main Motor","대수리","2026-09-04","2026-04-08","-148","2","10","0","0","SEO26FF"
"gray","재고충분","Q2142898","계획품","FM Pinion Stand","대수리","2026-09-04","2026-05-17","-109","3","4","0","0","SEO26FF"
"gray","충분","Q2143052","보험품","","상시","","","","4","6","0","0","SEO26FF"
"gray","재고불요","Q2144319","계획품","","상시","","","","0","1","0","0","SEO26FF"
"gray","재고충분","Q2146787","계획품","QOC Servo","대수리","2026-09-04","2025-12-03","-274","1","1","0","0","SEO26FF"
"gray","재고불요","Q2147980","계획품","","상시","","","","0","2","0","0","SEO26FF"
"gray","재고충분","Q2154362","계획품","FM Main Motor","대수리","2026-09-04","2026-01-10","-236","2","2","0","0","SEO26FF"
"gray","재고불요","Q2162230","계획품","","상시","","","","0","2","0","0","SEO26FF"
"gray","재고충분","Q2162413","계획품","FM Screw Down","대수리","2026-09-04","2026-05-17","-109","2","2","0","0","SEO26FF"
"gray","재고충분","Q2163394","계획품","FM Main Motor","대수리","2026-09-04","2026-05-19","-107","1","2","0","0","SEO26FF"
"gray","재고불요","Q2166135","계획품","","상시","","","","0","2","0","0","SEO26FF"
"gray","재고불요","Q2166833","계획품","","상시","","","","0","4","0","0","SEO26FF"
"gray","재고불요","Q2168061","계획품","","상시","","","","0","2","0","0","SEO26FF"
"gray","재고불요","Q2168437","계획품","","상시","","","","0","2","0","0","SEO26FF"
"gray","재고불요","Q2169758","계획품","","상시","","","","0","1","0","0","SEO26FF"
"gray","재고불요","Q2173282","계획품","","상시","","","","0","1","0","0","SEO26FF"
"gray","재고불요","Q2177492","계획품","FM Hot Leveller","상시","","","","0","1","0","0","SEO26FF"
"gray","재고불요","Q2177493","계획품","","상시","","","","0","1","0","0","SEO26FF"
"gray","재고불요","Q2184244","계획품","FM Crop Shear","상시","","","","0","1","0","0","SEO26FF"
"gray","재고불요","Q2184478","계획품","FM Crop Shear","상시","","","","0","1","0","0","SEO26FF"
"gray","재고불요","Q2184712","계획품","","상시","","","","0","2","0","0","SEO26FF"
"gray","충분","Q2187474","보험품","FM Main Motor","상시","","","","5","7","0","0","SEO26FF"
"gray","재고불요","Q2190703","계획품","FM Hot Leveller","상시","","","","0","1","0","0","SEO26FF"
"gray","재고불요","Q2191618","계획품","","상시","","","","0","30","0","0","SEO26FF"
"gray","재고불요","Q2191857","보험품","","상시","","","","0","10","0","0","SEO26FF"
"gray","재고불요","Q2194210","계획품","","상시","","","","0","3","0","0","SEO26FF"
"gray","재고불요","Q2194211","계획품","","상시","","","","0","3","0","0","SEO26FF"
"gray","재고불요","Q2195767","계획품","","상시","","","","0","2","0","0","SEO26FF"
"gray","충분","Q2200464","보험품","","상시","","","","2","8","0","0","SEO26FF"
"gray","충분","Q2200465","보험품","","상시","","","","2","8","0","0","SEO26FF"
"gray","충분","Q2208062","보험품","","상시","","","","4","10","0","0","SEO26FF"
"gray","재고충분","Q2210205","계획품","Stand Main TR","대수리","2026-09-04","2026-01-21","-225","2","4","0","0","SEO26FF"
"gray","재고불요","Q2217711","계획품","","상시","","","","0","1","0","0","SEO26FF"
"gray","재고불요","Q2223743","계획품","","상시","","","","0","2","0","0","SEO26FF"
"gray","재고불요","Q2228203","계획품","","상시","","","","0","2","0","0","SEO26FF"
"gray","재고충분","Q2233578","계획품","Stand Main TR","대수리","2026-09-04","2026-01-21","-225","1","2","0","0","SEO26FF"
"gray","재고불요","Q2234798","계획품","","상시","","","","0","1","0","0","SEO26FF"
"gray","재고불요","Q4005375","계획품","","상시","","","","0","2","0","0","SEO26FF"
"gray","재고불요","Q4008483","계획품","","상시","","","","0","8","0","0","SEO26FF"
"gray","재고불요","Q4008484","계획품","","상시","","","","0","10","0","0","SEO26FF"
"gray","재고불요","Q4008971","계획품","","상시","","","","0","2","0","0","SEO26FF"
"gray","재고불요","Q4011271","계획품","","상시","","","","0","5","0","0","SEO26FF"
"gray","재고불요","Q4014292","계획품","","상시","","","","0","8","0","0","SEO26FF"
"gray","재고불요","Q4015950","계획품","","상시","","","","0","1","0","0","SEO26FF"
"gray","재고불요","Q4015951","계획품","","상시","","","","0","1","0","0","SEO26FF"
"gray","재고불요","Q4015952","계획품","","상시","","","","0","1","0","0","SEO26FF"
"gray","재고불요","Q4015953","계획품","","상시","","","","0","1","0","0","SEO26FF"
"gray","재고불요","Q4017406","계획품","","상시","","","","0","2","0","0","SEO26FF"
"gray","재고불요","Q4030002","계획품","","상시","","","","0","4","0","0","SEO26FF"
"gray","재고불요","Q4033165","계획품","","상시","","","","0","2","0","0","SEO26FF"
"gray","재고불요","Q4037546","계획품","","상시","","","","0","2","0","0","SEO26FF"
"gray","재고불요","Q4045098","계획품","","상시","","","","0","2","0","0","SEO26FF"
"gray","재고불요","Q4045501","계획품","","상시","","","","0","16","0","0","SEO26FF"
"gray","재고불요","Q4045748","계획품","","상시","","","","0","5","0","0","SEO26FF"
"gray","충분","Q4051167","보험품","FM Hot Leveller","상시","","","","3","4","0","0","SEO26FF"
"gray","재고불요","Q4057578","계획품","","상시","","","","0","2","0","0","SEO26FF"
"gray","충분","Q3200485","보험품","","상시","","","","8","142","0","0","SEO26FF"
"gray","재고불요","Q4079757","계획품","","상시","","","","0","2","0","0","SEO26FF"
"gray","재고불요","Q4080226","계획품","","상시","","","","0","1","0","0","SEO26FF"
"gray","충분","Q4084463","보험품","","상시","","","","3","4","0","0","SEO26FF"
"gray","재고불요","Q4104776","계획품","","상시","","","","0","1","0","0","SEO26FF"
"gray","재고불요","Q4034340","계획품","","상시","","","","0","71","0","0","SEO26FF"
"gray","충분","Q4140770","보험품","","상시","","","","2","4","0","0","SEO26FF"
"gray","충분","Q4156386","보험품","","상시","","","","4","19","0","0","SEO26FF"
"gray","재고불요","Q4168315","계획품","","상시","","","","0","1","0","0","SEO26FF"
"gray","재고충분","Q4168388","계획품","FM Main Motor","대수리","2026-09-04","2026-06-07","-88","9","9","0","0","SEO26FF"
"gray","충분","Q4189150","보험품","","상시","","","","3","4","0","0","SEO26FF"
"gray","재고충분","Q4198917","계획품","FM Main Motor","대수리","2026-09-04","2026-05-23","-103","1","2","0","0","SEO26FF"
"gray","재고불요","Q4200634","계획품","","상시","","","","0","3","0","0","SEO26FF"
"gray","충분","Q4204062","보험품","FM Pinion Stand","상시","","","","1","2","0","0","SEO26FF"
"gray","재고불요","Q4208633","계획품","","상시","","","","0","2","0","0","SEO26FF"
"gray","재고불요","Q4225250","계획품","","상시","","","","0","1","0","0","SEO26FF"
"gray","재고불요","Q4229869","계획품","","상시","","","","0","2","0","0","SEO26FF"
"gray","재고불요","Q4232896","계획품","","상시","","","","0","33","0","0","SEO26FF"
"gray","재고불요","Q4232897","계획품","","상시","","","","0","66","0","0","SEO26FF"
"gray","재고불요","Q4233153","계획품","FM Crop Shear","상시","","","","0","4","0","0","SEO26FF"
"gray","충분","Q4245535","보험품","FM Main Motor","상시","","","","1","3","0","0","SEO26FF"
"gray","충분","Q4245876","보험품","","상시","","","","1","2","0","0","SEO26FF"
"gray","재고불요","Q4251042","계획품","","상시","","","","0","50","0","0","SEO26FF"
"gray","재고불요","Q4278883","계획품","","상시","","","","0","1","0","0","SEO26FF"
"gray","충분","Q4280135","보험품","","상시","","","","4","16","0","0","SEO26FF"
"gray","재고충분","Q4295492","계획품","EP 집진기 TR","대수리","2026-09-04","2026-05-25","-101","1","3","0","0","SEO26FF"
"gray","재고불요","Q4102245","보험품","","상시","","","","0","6","0","0","SEO26FF"
"gray","재고불요","Q3401267","보험품","","상시","","","","0","2","0","0","SEO26FF"
"gray","재고불요","Q4308842","계획품","FM Crop Shear","상시","","","","0","1","0","0","SEO26FF"
"gray","재고불요","Q4310783","계획품","FM Crop Shear","상시","","","","0","2","0","0","SEO26FF"
"gray","재고불요","Q4342710","계획품","","상시","","","","0","20","0","0","SEO26FF"
"gray","재고충분","Q4347498","계획품","FM Spindle 감속기","대수리","2026-09-04","2026-05-16","-110","1","1","0","0","SEO26FF"
"gray","재고불요","Q4348128","보험품","","상시","","","","0","400","0","0","SEO26FF"
"gray","재고불요","Q4349846","계획품","","상시","","","","0","6","0","0","SEO26FF"
"gray","재고불요","Q4354776","계획품","","상시","","","","0","12","0","0","SEO26FF"
"gray","재고불요","Q4383840","계획품","","상시","","","","0","1","0","0","SEO26FF"
"gray","재고불요","Q4383841","계획품","","상시","","","","0","2","0","0","SEO26FF"
"gray","재고불요","Q4390712","계획품","","상시","","","","0","1","0","0","SEO26FF"
"gray","충분","Q4403031","보험품","","상시","","","","2","4","0","0","SEO26FF"
"gray","충분","Q4410007","보험품","","상시","","","","3","6","0","0","SEO26FF"
"gray","충분","Q4412119","보험품","FM Roll Alignment","상시","","","","1","2","0","0","SEO26FF"
"gray","재고충분","Q4412288","계획품","FM Spindle 감속기","대수리","2026-09-04","2026-04-03","-153","1","2","0","0","SEO26FF"
"gray","재고불요","Q4412576","계획품","","상시","","","","0","1","0","0","SEO26FF"
"gray","재고충분","Q4416013","계획품","FM Spindle 감속기","대수리","2026-09-04","2026-04-24","-132","1","1","0","0","SEO26FF"
"gray","재고불요","Q4416076","계획품","","상시","","","","0","2","0","0","SEO26FF"
"gray","재고불요","Q4416082","계획품","","상시","","","","0","1","0","0","SEO26FF"
"gray","재고불요","Q4418347","계획품","","상시","","","","0","1","0","0","SEO26FF"
"gray","재고불요","Q4419678","계획품","","상시","","","","0","3","0","0","SEO26FF"
"gray","재고불요","Q4423761","계획품","","상시","","","","0","2","0","0","SEO26FF"
"gray","재고불요","Q4444346","계획품","","상시","","","","0","1","0","0","SEO26FF"
"gray","재고충분","Q4468493","계획품","FM Main Motor","대수리","2026-09-04","2026-05-24","-102","1","2","0","0","SEO26FF"
"gray","재고충분","Q4468503","계획품","FM Main Motor","대수리","2026-09-04","2026-05-14","-112","1","1","0","0","SEO26FF"
"gray","재고충분","Q4468504","계획품","FM Main Motor","대수리","2026-09-04","2026-05-24","-102","1","1","0","0","SEO26FF"
"gray","재고충분","Q4470227","계획품","FM Main Motor","대수리","2026-09-04","2026-05-27","-99","1","1","0","0","SEO26FF"
"gray","재고불요","Q4471030","계획품","","상시","","","","0","1","0","0","SEO26FF"
"gray","충분","QS414625","보험품","","상시","","","","4","10","0","0","SEO26FF"
"gray","재고충분","Q4474243","계획품","FM Main Motor","대수리","2026-09-04","2026-05-21","-105","1","1","0","0","SEO26FF"
"gray","충분","Q4497103","보험품","","상시","","","","1","4","0","0","SEO26FF"
"gray","충분","Q4499010","보험품","","상시","","","","1","4","0","0","SEO26FF"
"gray","충분","Q4501966","보험품","FM Hot Leveller","상시","","","","1","8","0","0","SEO26FF"
"gray","충분","Q4503767","보험품","FM Hot Leveller","상시","","","","8","15","0","0","SEO26FF"
"gray","재고불요","Q4503770","계획품","FM Hot Leveller","상시","","","","0","10","0","0","SEO26FF"
"gray","재고불요","Q4530897","보험품","","상시","","","","0","1","0","0","SEO26FF"
"gray","재고충분","Q4531078","계획품","FM Main Motor","대수리","2026-09-04","2026-05-26","-100","2","3","0","0","SEO26FF"
"gray","재고충분","Q4535892","계획품","FM Roll Alignment","대수리","2026-09-04","2026-02-14","-201","1","2","0","0","SEO26FF"
"gray","재고충분","Q4535894","계획품","FM Roll Alignment","대수리","2026-09-04","2026-02-14","-201","1","2","0","0","SEO26FF"
"gray","재고충분","Q4535900","계획품","FM Roll Alignment","대수리","2026-09-04","2026-02-28","-187","1","1","0","0","SEO26FF"
"gray","재고충분","Q4535902","계획품","FM Roll Alignment","대수리","2026-09-04","2026-02-04","-211","1","1","0","0","SEO26FF"
"gray","재고불요","Q4537595","계획품","","상시","","","","0","2","0","0","SEO26FF"
"gray","재고불요","Q4543363","보험품","","상시","","","","0","1","0","0","SEO26FF"
"gray","재고불요","Q4548256","계획품","","상시","","","","0","1","0","0","SEO26FF"
"gray","재고불요","Q4548258","계획품","","상시","","","","0","1","0","0","SEO26FF"
"gray","재고불요","Q4548259","계획품","","상시","","","","0","1","0","0","SEO26FF"
"gray","재고불요","Q4548260","계획품","","상시","","","","0","1","0","0","SEO26FF"
"gray","재고불요","Q4551506","계획품","","상시","","","","0","1","0","0","SEO26FF"
"gray","충분","Q4559600","보험품","","상시","","","","2","3","0","0","SEO26FF"
"gray","재고불요","Q4573456","보험품","","상시","","","","0","1","0","0","SEO26FF"
"gray","충분","Q4576432","보험품","","상시","","","","2","4","0","0","SEO26FF"
"gray","충분","Q4585577","보험품","RM Stand Adjust","상시","","","","1","3","0","0","SEO26FF"
"gray","재고불요","Q4585578","보험품","","상시","","","","0","5","0","0","SEO26FF"
"gray","재고불요","Q4605205","보험품","","상시","","","","0","2","0","0","SEO26FF"
"gray","재고불요","Q4605206","보험품","","상시","","","","0","2","0","0","SEO26FF"
"gray","충분","Q4606740","보험품","","상시","","","","7","28","0","0","SEO26FF"
"gray","재고불요","Q4610709","계획품","","상시","","","","0","10","0","0","SEO26FF"
"gray","재고불요","Q4611811","보험품","","상시","","","","0","4","0","0","SEO26FF"
"gray","재고불요","Q4616814","보험품","","상시","","","","0","2","0","0","SEO26FF"
"gray","재고불요","Q4626564","계획품","","상시","","","","0","150","0","0","SEO26FF"
"gray","재고불요","Q4627208","계획품","","상시","","","","0","1","0","0","SEO26FF"
"gray","충분","Q4653124","보험품","","상시","","","","1","2","0","0","SEO26FF"
"gray","재고불요","Q4635563","보험품","","상시","","","","0","10","0","0","SEO26FF"
"gray","재고불요","Q4636078","보험품","","상시","","","","0","20","0","0","SEO26FF"
"gray","재고불요","Q4635441","보험품","","상시","","","","0","2","0","0","SEO26FF"
"gray","재고불요","Q4642447","보험품","","상시","","","","0","1","0","0","SEO26FF"
"gray","재고불요","Q4662921","보험품","","상시","","","","0","8","0","0","SEO26FF"
"gray","재고불요","Q4663525","계획품","","상시","","","","0","3","0","0","SEO26FF"
"gray","충분","Q4640645","보험품","","상시","","","","1","3","0","0","SEO26FF"
"gray","재고불요","Q4671514","보험품","","상시","","","","0","1","0","0","SEO26FF"
"gray","재고불요","Q4659090","계획품","","상시","","","","0","1","0","0","SEO26FF"
"gray","재고불요","Q4675700","보험품","","상시","","","","0","1","0","0","SEO26FF"
"gray","재고충분","Q4676007","계획품","FM Main Motor","대수리","2026-09-04","2026-06-06","-89","1","1","0","0","SEO26FF"
"gray","재고불요","Q4668630","보험품","","상시","","","","0","1","0","0","SEO26FF"
"gray","재고불요","Q4668643","보험품","","상시","","","","0","1","0","0","SEO26FF"
"gray","재고불요","Q4670923","보험품","","상시","","","","0","1","0","0","SEO26FF"
"gray","재고불요","Q4677113","보험품","","상시","","","","0","2","0","0","SEO26FF"
"gray","재고불요","Q4679740","계획품","","상시","","","","0","3","0","0","SEO26FF"
"gray","재고불요","Q4681514","계획품","","상시","","","","0","8","0","0","SEO26FF"
"gray","재고불요","Q4681315","계획품","","상시","","","","0","1","0","0","SEO26FF"
"gray","재고충분","Q4704375","계획품","FM Main Motor","대수리","2026-09-04","2026-02-23","-192","1","1","0","0","SEO26FF"
"gray","충분","Q4686594","보험품","QOC Servo","상시","","","","1","2","0","0","SEO26FF"
"gray","재고불요","Q4691588","보험품","","상시","","","","0","1","0","0","SEO26FF"
"gray","재고불요","Q4696404","계획품","","상시","","","","0","2","0","0","SEO26FF"
"gray","재고불요","Q4697155","계획품","","상시","","","","0","1","0","0","SEO26FF"
"gray","재고충분","Q4709438","계획품","FM Main Motor","대수리","2026-09-04","2026-05-15","-111","1","2","0","0","SEO26FF"
"gray","재고불요","Q4695959","계획품","","상시","","","","0","1","0","0","SEO26FF"
"gray","재고불요","Q4695963","계획품","","상시","","","","0","1","0","0","SEO26FF"
"gray","재고불요","Q4695964","계획품","","상시","","","","0","1","0","0","SEO26FF"
"gray","재고불요","Q4695965","계획품","","상시","","","","0","1","0","0","SEO26FF"
"gray","재고불요","Q4709544","계획품","","상시","","","","0","3","0","0","SEO26FF"
"gray","재고불요","Q4709545","계획품","","상시","","","","0","4","0","0","SEO26FF"
"gray","재고불요","Q4688109","보험품","","상시","","","","0","1","0","0","SEO26FF"
"gray","재고불요","Q4699400","보험품","","상시","","","","0","2","0","0","SEO26FF"
"gray","재고불요","Q4699194","계획품","","상시","","","","0","2","0","0","SEO26FF"
"gray","충분","Q4698941","계획품","FM Hot Leveller","상시","","","","1","2","0","0","SEO26FF"
"gray","재고불요","Q4712148","계획품","","상시","","","","0","1","0","0","SEO26FF"
"gray","재고불요","Q4712149","계획품","","상시","","","","0","1","0","0","SEO26FF"
"gray","재고불요","Q4712150","계획품","","상시","","","","0","1","0","0","SEO26FF"
"gray","재고불요","Q4712151","계획품","","상시","","","","0","1","0","0","SEO26FF"
"gray","재고불요","Q4712152","계획품","","상시","","","","0","1","0","0","SEO26FF"
"gray","재고불요","Q4712503","계획품","","상시","","","","0","1","0","0","SEO26FF"
"gray","재고불요","Q4712672","계획품","FM Crop Shear","상시","","","","0","1","0","0","SEO26FF"
"gray","재고불요","Q4716626","계획품","","상시","","","","0","40","0","0","SEO26FF"
"gray","재고불요","Q4716627","계획품","","상시","","","","0","40","0","0","SEO26FF"
"gray","재고불요","Q4702499","계획품","","상시","","","","0","2","0","0","SEO26FF"
"gray","재고불요","Q4702501","계획품","","상시","","","","0","10","0","0","SEO26FF"
"gray","재고불요","Q4702503","계획품","","상시","","","","0","1","0","0","SEO26FF"
"gray","재고불요","Q4702505","계획품","","상시","","","","0","2","0","0","SEO26FF"
"gray","재고불요","Q4702518","계획품","","상시","","","","0","1","0","0","SEO26FF"
"gray","재고불요","Q4702521","계획품","","상시","","","","0","1","0","0","SEO26FF"
"gray","재고불요","Q4702522","계획품","","상시","","","","0","1","0","0","SEO26FF"
"gray","재고불요","Q4702525","계획품","","상시","","","","0","1","0","0","SEO26FF"
"gray","재고불요","Q4702528","계획품","","상시","","","","0","1","0","0","SEO26FF"
"gray","재고불요","Q4702532","계획품","","상시","","","","0","1","0","0","SEO26FF"
"gray","재고불요","Q4702536","계획품","","상시","","","","0","1","0","0","SEO26FF"
"gray","재고충분","Q4701430","계획품","FM Main Motor","대수리","2026-09-04","2026-05-23","-103","1","6","0","0","SEO26FF"
"gray","재고불요","Q4700741","보험품","","상시","","","","0","1","0","0","SEO26FF"
"gray","재고불요","Q4700628","계획품","","상시","","","","0","1","0","0","SEO26FF"
"gray","재고불요","Q4700632","계획품","","상시","","","","0","2","0","0","SEO26FF"
"gray","재고불요","Q4700633","계획품","","상시","","","","0","2","0","0","SEO26FF"
"gray","재고불요","Q4700636","계획품","","상시","","","","0","1","0","0","SEO26FF"
"gray","재고불요","Q4710841","계획품","","상시","","","","0","10","0","0","SEO26FF"
"gray","재고불요","Q4711186","계획품","","상시","","","","0","1","0","0","SEO26FF"
"gray","재고불요","Q4711077","계획품","","상시","","","","0","1","0","0","SEO26FF"
"gray","재고불요","Q4711472","계획품","","상시","","","","0","1","0","0","SEO26FF"
"gray","재고불요","Q4711473","계획품","","상시","","","","0","2","0","0","SEO26FF"
"gray","재고불요","Q4693469","계획품","","상시","","","","0","1","0","0","SEO26FF"
"gray","재고불요","Q4694508","계획품","","상시","","","","0","42","0","0","SEO26FF"
"gray","재고불요","Q4693461","계획품","","상시","","","","0","1","0","0","SEO26FF"
"gray","재고불요","Q4693466","계획품","","상시","","","","0","1","0","0","SEO26FF"
"gray","충분","Q1048997","보험품","","상시","","","","1","2","0","0","SEO26FF"
"gray","충분","Q1137969","보험품","","상시","","","","1","4","0","0","SEO26FF"
"gray","충분","Q1218357","보험품","","상시","","","","1","3","0","0","SEO26FF"
"gray","충분","Q1219164","보험품","","상시","","","","1","3","0","0","SEO26FF"
"gray","충분","Q1260654","보험품","","상시","","","","1","4","0","0","SEO26FF"
"gray","충분","Q2088228","보험품","","상시","","","","1","3","0","0","SEO26FF"
"gray","충분","Q2130291","보험품","","상시","","","","1","3","0","0","SEO26FF"
"gray","충분","Q2185181","보험품","","상시","","","","1","5","0","0","SEO26FF"
"gray","충분","Q4017996","보험품","","상시","","","","1","3","0","0","SEO26FF"
"gray","충분","Q4017997","보험품","","상시","","","","1","3","0","0","SEO26FF"
"gray","충분","Q4017999","보험품","","상시","","","","1","4","0","0","SEO26FF"
"gray","충분","Q4018000","보험품","","상시","","","","1","4","0","0","SEO26FF"
"gray","충분","Q4018004","보험품","","상시","","","","1","2","0","0","SEO26FF"
"gray","충분","Q4018005","보험품","","상시","","","","4","13","0","0","SEO26FF"
"gray","충분","Q4018012","보험품","","상시","","","","1","3","0","0","SEO26FF"
"gray","충분","Q4018014","보험품","","상시","","","","2","3","0","0","SEO26FF"
"gray","충분","Q4169627","보험품","","상시","","","","2","4","0","0","SEO26FF"
"gray","충분","Q4192133","보험품","","상시","","","","1","2","0","0","SEO26FF"
"gray","충분","Q4192171","보험품","","상시","","","","1","2","0","0","SEO26FF"
"gray","충분","Q4230326","보험품","","상시","","","","1","2","0","0","SEO26FF"
"gray","충분","Q4269272","보험품","","상시","","","","1","2","0","0","SEO26FF"
