"Item","Type","Grade","CSP","CEQ","UnitCost","StockDept","StockAll","Target","OrderNeed","OrderAmount","Action","Reason","DeptCode"
"Q1000108","보험품","C","X","X","1422190","1","4","2","1","1422190","발주","비핵심보험[C] μ_LT+SS(Z1.28)=2,상한5→2","SEO26FF"
"Q1042338","보험품","B","X","X","420000","1","1","1","0","0","유지","비핵심보험[B] μ_LT+SS(Z1.65)=1,상한2→1","SEO26FF"
"Q1042383","계획품","B","X","X","1137500","2","2","0","0","0","감축","계획품 원칙0(비핵심설비→수리일정발주)","SEO26FF"
"Q1052919","보험품","C","X","X","39000","2","2","3","1","39000","발주","비핵심보험[C] μ_LT+SS(Z1.28)=3,상한8→3","SEO26FF"
"Q1052933","계획품","C","X","X","27500","2","2","0","0","0","감축","계획품 원칙0(비핵심설비→수리일정발주)","SEO26FF"
"Q1053112","보험품","A","X","O","164100","4","4","2","0","0","감축","핵심보험[A] μ_LT+SS(Z2.05)=2,상한4,기준1→2","SEO26FF"
"Q1053113","보험품","A","X","O","120800","4","4","2","0","0","감축","핵심보험[A] μ_LT+SS(Z2.05)=2,상한4,기준1→2","SEO26FF"
"Q1053117","계획품","C","X","X","340000","2","2","0","0","0","감축","계획품 원칙0(비핵심설비→수리일정발주)","SEO26FF"
"Q1053133","보험품","C","X","X","425000","2","2","2","0","0","유지","비핵심보험[C] μ_LT+SS(Z1.28)=2,상한2→2","SEO26FF"
"Q1053210","계획품","C","X","X","20000","3","3","0","0","0","감축","계획품 원칙0(비핵심설비→수리일정발주)","SEO26FF"
"Q1078241","계획품","C","X","X","465000","1","1","0","0","0","감축","계획품 원칙0(비핵심설비→수리일정발주)","SEO26FF"
"Q1078244","보험품","B","X","X","415000","1","1","0","0","0","감축","비핵심보험[B] 소요無→0","SEO26FF"
"Q1078248","보험품","A","X","O","150000","2","2","2","0","0","유지","핵심보험[A] μ_LT+SS(Z2.05)=2,상한2,기준1→2","SEO26FF"
"Q1078249","보험품","A","X","O","141000","1","1","1","0","0","유지","핵심보험[A] μ_LT+SS(Z2.05)=1,상한1,기준1→1","SEO26FF"
"Q1053247","보험품","A","X","O","26881","4","4","4","0","0","유지","핵심보험[A] μ_LT+SS(Z2.05)=4,상한8,기준1→4","SEO26FF"
"Q1053248","보험품","A","X","O","21000","4","4","4","0","0","유지","핵심보험[A] μ_LT+SS(Z2.05)=4,상한8,기준1→4","SEO26FF"
"Q1053287","보험품","A","X","O","25000","3","3","1","0","0","감축","핵심보험[A] μ_LT+SS(Z2.05)=1,상한1,기준1→1","SEO26FF"
"Q1053317","계획품","A","X","O","36000","2","2","0","0","0","감축","핵심설비 계획품이나 3년무소요→0","SEO26FF"
"Q1053318","계획품","A","X","O","36850","2","2","0","0","0","감축","핵심설비 계획품이나 3년무소요→0","SEO26FF"
"Q1053378","계획품","A","X","O","67000","2","2","0","0","0","감축","핵심설비 계획품이나 3년무소요→0","SEO26FF"
"Q1053392","계획품","C","X","X","176000","2","2","0","0","0","감축","계획품 원칙0(비핵심설비→수리일정발주)","SEO26FF"
"Q1053400","보험품","C","X","X","150000","2","2","1","0","0","감축","비핵심보험[C] μ_LT+SS(Z1.28)=1,상한1→1","SEO26FF"
"Q1053401","보험품","C","X","X","150000","1","1","1","0","0","유지","비핵심보험[C] μ_LT+SS(Z1.28)=1,상한1→1","SEO26FF"
"Q1053468","계획품","C","X","X","190000","2","2","0","0","0","감축","계획품 원칙0(비핵심설비→수리일정발주)","SEO26FF"
"Q1053581","보험품","B","X","X","9634025","1","1","1","0","0","유지","비핵심보험[B] μ_LT+SS(Z1.65)=1,상한3→1","SEO26FF"
"Q1053588","보험품","C","X","X","65000","4","4","4","0","0","유지","비핵심보험[C] μ_LT+SS(Z1.28)=4,상한8→4","SEO26FF"
"Q1053590","보험품","C","X","X","68750","4","4","2","0","0","감축","비핵심보험[C] μ_LT+SS(Z1.28)=2,상한4→2","SEO26FF"
"Q1117822","보험품","C","X","X","1029700","1","1","0","0","0","감축","비핵심보험[C] 소요無→0","SEO26FF"
"Q1051490","보험품","C","X","X","19716","8","8","2","0","0","감축","비핵심보험[C] μ_LT+SS(Z1.28)=2,상한2→2","SEO26FF"
"Q1119268","계획품","C","X","X","23591","60","60","0","0","0","감축","계획품 원칙0(비핵심설비→수리일정발주)","SEO26FF"
"Q1119452","계획품","B","X","X","30637","2","2","0","0","0","감축","계획품 원칙0(비핵심설비→수리일정발주)","SEO26FF"
"Q1119526","보험품","C","X","X","317753","0","2","3","3","953259","발주","비핵심보험[C] μ_LT+SS(Z1.28)=3,상한5→3","SEO26FF"
"Q1119649","보험품","C","X","X","103890","20","90","7","0","0","감축","비핵심보험[C] μ_LT+SS(Z1.28)=7,상한20→7","SEO26FF"
"Q1119795","보험품","C","X","X","728590","1","6","1","0","0","유지","비핵심보험[C] μ_LT+SS(Z1.28)=3,상한1→1","SEO26FF"
"Q1120753","보험품","B","X","X","91512","2","2","2","0","0","유지","비핵심보험[B] μ_LT+SS(Z1.65)=3,상한2→2","SEO26FF"
"Q1121188","보험품","C","X","X","384451","0","0","2","2","768902","발주","비핵심보험[C] μ_LT+SS(Z1.28)=2,상한0→2","SEO26FF"
"Q1000751","계획품","B","X","X","1285000","2","2","0","0","0","감축","계획품 원칙0(비핵심설비→수리일정발주)","SEO26FF"
"Q1204795","보험품","C","X","X","16373","12","12","3","0","0","감축","비핵심보험[C] μ_LT+SS(Z1.28)=3,상한4→3","SEO26FF"
"Q1204949","보험품","C","X","X","1880","13","33","4","0","0","감축","비핵심보험[C] μ_LT+SS(Z1.28)=4,상한10→4","SEO26FF"
"Q1305036","계획품","C","X","X","2867","10","10","0","0","0","감축","계획품 원칙0(비핵심설비→수리일정발주)","SEO26FF"
"Q1002238","보험품","C","X","X","197767","1","1","1","0","0","유지","비핵심보험[C] μ_LT+SS(Z1.28)=1,상한0→1","SEO26FF"
"Q1002292","보험품","C","X","X","1766","10","25","0","0","0","감축","비핵심보험[C] 소요無→0","SEO26FF"
"Q1201276","보험품","B","X","X","475153","1","1","2","1","475153","발주","비핵심보험[B] μ_LT+SS(Z1.65)=2,상한3→2","SEO26FF"
"Q1201564","보험품","C","X","X","98467200","1","3","2","1","98467200","발주","비핵심보험[C] μ_LT+SS(Z1.28)=2,상한10→2","SEO26FF"
"Q1004847","계획품","C","X","X","48014","30","30","0","0","0","감축","계획품 원칙0(비핵심설비→수리일정발주)","SEO26FF"
"Q1005323","계획품","C","X","X","4509","323","1210","0","0","0","감축","계획품 원칙0(비핵심설비→수리일정발주)","SEO26FF"
"Q1011982","계획품","B","X","X","2791","100","100","0","0","0","감축","계획품 원칙0(비핵심설비→수리일정발주)","SEO26FF"
"Q1021614","보험품","B","X","X","118","10","10","10","0","0","유지","비핵심보험[B] μ_LT+SS(Z1.65)=10,상한10→10","SEO26FF"
"Q1021836","보험품","C","X","X","56","3","16","63","60","3335","발주","비핵심보험[C] μ_LT+SS(Z1.28)=63,상한100→63","SEO26FF"
"Q1021920","보험품","C","X","X","611","15","73","8","0","0","감축","비핵심보험[C] μ_LT+SS(Z1.28)=8,상한24→8","SEO26FF"
"Q1030043","계획품","A","X","O","210000","1","1","0","0","0","감축","핵심설비 계획품이나 소요비활발(λ0.1)→0","SEO26FF"
"Q1030044","계획품","A","X","O","210000","1","1","0","0","0","감축","핵심설비 계획품이나 소요비활발(λ0.2)→0","SEO26FF"
"Q1030453","계획품","C","X","X","51285","6","7","0","0","0","감축","계획품 원칙0(비핵심설비→수리일정발주)","SEO26FF"
"Q1293261","계획품","B","X","X","11770000","1","1","0","0","0","감축","계획품 원칙0(비핵심설비→수리일정발주)","SEO26FF"
"Q1297201","보험품","B","X","X","343","22","22","2","0","0","감축","비핵심보험[B] μ_LT+SS(Z1.65)=2,상한4→2","SEO26FF"
"Q1297240","계획품","B","X","X","63716","2","2","0","0","0","감축","계획품 원칙0(비핵심설비→수리일정발주)","SEO26FF"
"Q1308654","계획품","C","X","X","895678","1","3","0","0","0","감축","계획품 원칙0(비핵심설비→수리일정발주)","SEO26FF"
"Q1012773","계획품","B","X","X","12404","2","2","0","0","0","감축","계획품 원칙0(비핵심설비→수리일정발주)","SEO26FF"
"Q1012781","보험품","B","X","X","4135","50","50","100","50","206750","발주","비핵심보험[B] μ_LT+SS(Z1.65)=100,상한200→100","SEO26FF"
"Q1018930","보험품","C","X","X","3169","1","14","0","0","0","감축","비핵심보험[C] 소요無→0","SEO26FF"
"Q1019015","보험품","A","X","X","509949","1","1","3","2","1019898","발주","비핵심보험[A] μ_LT+SS(Z2.05)=3,상한5→3","SEO26FF"
"Q1019385","계획품","S","X","O","41063883","2","2","0","0","0","감축","핵심설비 계획품이나 소요비활발(λ0.4)→0","SEO26FF"
"Q1023561","보험품","B","X","X","2300","14","14","7","0","0","감축","비핵심보험[B] μ_LT+SS(Z1.65)=7,상한22→7","SEO26FF"
"Q1023576","보험품","C","X","X","12440","1","1","3","2","24880","발주","비핵심보험[C] μ_LT+SS(Z1.28)=3,상한3→3","SEO26FF"
"Q1024150","보험품","B","X","X","5834","9","9","6","0","0","감축","비핵심보험[B] μ_LT+SS(Z1.65)=6,상한10→6","SEO26FF"
"Q1024335","보험품","C","X","X","31939","32","45","6","0","0","감축","비핵심보험[C] μ_LT+SS(Z1.28)=6,상한10→6","SEO26FF"
"Q1031104","계획품","B","X","X","401049","1","1","0","0","0","감축","계획품 원칙0(비핵심설비→수리일정발주)","SEO26FF"
"Q1031233","보험품","A","X","X","1690348","2","2","5","3","5071044","발주","비핵심보험[A] μ_LT+SS(Z2.05)=5,상한6→5","SEO26FF"
"Q1031361","계획품","C","X","X","939998","3","7","0","0","0","감축","계획품 원칙0(비핵심설비→수리일정발주)","SEO26FF"
"Q1031708","보험품","B","X","X","260175","1","1","1","0","0","유지","비핵심보험[B] μ_LT+SS(Z1.65)=1,상한0→1","SEO26FF"
"Q1032182","보험품","A","X","O","558639","1","1","2","1","558639","발주","핵심보험[A] μ_LT+SS(Z2.05)=2,상한2,기준1→2","SEO26FF"
"Q1035525","계획품","C","X","X","99452","4","22","0","0","0","감축","계획품 원칙0(비핵심설비→수리일정발주)","SEO26FF"
"Q1036694","보험품","C","X","X","85000","3","3","0","0","0","감축","비핵심보험[C] 소요無→0","SEO26FF"
"Q1036702","보험품","C","X","X","82500","3","3","2","0","0","감축","비핵심보험[C] μ_LT+SS(Z1.28)=2,상한3→2","SEO26FF"
"Q1036822","계획품","B","X","X","570000","2","2","0","0","0","감축","계획품 원칙0(비핵심설비→수리일정발주)","SEO26FF"
"Q1036844","계획품","C","X","X","650333","4","4","0","0","0","감축","계획품 원칙0(비핵심설비→수리일정발주)","SEO26FF"
"Q1036971","계획품","C","X","X","560000","12","32","0","0","0","감축","계획품 원칙0(비핵심설비→수리일정발주)","SEO26FF"
"Q1040729","보험품","C","X","X","1460000","2","3","2","0","0","유지","비핵심보험[C] μ_LT+SS(Z1.28)=2,상한4→2","SEO26FF"
"Q1041363","계획품","B","X","X","1000000","1","1","0","0","0","감축","계획품 원칙0(비핵심설비→수리일정발주)","SEO26FF"
"Q1041364","보험품","C","X","X","825000","5","5","2","0","0","감축","비핵심보험[C] μ_LT+SS(Z1.28)=2,상한8→2","SEO26FF"
"Q1041372","보험품","C","X","X","4700000","4","4","2","0","0","감축","비핵심보험[C] μ_LT+SS(Z1.28)=2,상한5→2","SEO26FF"
"Q1080083","계획품","A","X","O","1750000","1","1","0","0","0","감축","핵심설비 계획품이나 소요비활발(λ0.2)→0","SEO26FF"
"Q1080084","계획품","A","X","O","1750000","1","1","0","0","0","감축","핵심설비 계획품이나 소요비활발(λ0.2)→0","SEO26FF"
"Q1080117","계획품","B","X","X","20500","2","2","0","0","0","감축","계획품 원칙0(비핵심설비→수리일정발주)","SEO26FF"
"Q1010099","계획품","C","X","X","43384","9","9","0","0","0","감축","계획품 원칙0(비핵심설비→수리일정발주)","SEO26FF"
"Q1010193","계획품","C","X","X","14411","15","25","0","0","0","감축","계획품 원칙0(비핵심설비→수리일정발주)","SEO26FF"
"Q1010224","보험품","C","X","X","116059","7","7","3","0","0","감축","비핵심보험[C] μ_LT+SS(Z1.28)=3,상한7→3","SEO26FF"
"Q1010299","보험품","B","X","X","239090","4","4","7","3","717270","발주","비핵심보험[B] μ_LT+SS(Z1.65)=7,상한16→7","SEO26FF"
"Q1015021","계획품","C","X","X","41","54","54","0","0","0","감축","계획품 원칙0(비핵심설비→수리일정발주)","SEO26FF"
"Q1019683","보험품","A","X","X","10049325","2","2","7","5","50246625","발주","비핵심보험[A] μ_LT+SS(Z2.05)=7,상한9→7","SEO26FF"
"Q1019689","계획품","A","X","X","8021737","3","3","0","0","0","감축","계획품 원칙0(비핵심설비→수리일정발주)","SEO26FF"
"Q1019695","계획품","A","X","X","50274148","2","2","0","0","0","감축","계획품 원칙0(비핵심설비→수리일정발주)","SEO26FF"
"Q1019962","보험품","C","X","X","310787","1","8","1","0","0","유지","비핵심보험[C] μ_LT+SS(Z1.28)=1,상한0→1","SEO26FF"
"Q1020094","계획품","B","X","X","1898633","2","2","0","0","0","감축","계획품 원칙0(비핵심설비→수리일정발주)","SEO26FF"
"Q1020168","보험품","C","X","X","3293252","2","3","6","4","13173009","발주","비핵심보험[C] μ_LT+SS(Z1.28)=6,상한16→6","SEO26FF"
"Q1020996","보험품","B","X","X","87855","2","2","0","0","0","감축","비핵심보험[B] 소요無→0","SEO26FF"
"Q1024603","보험품","B","X","X","16667","14","14","11","0","0","감축","비핵심보험[B] μ_LT+SS(Z1.65)=11,상한40→11","SEO26FF"
"Q1024620","보험품","B","X","X","10833","10","10","12","2","21666","발주","비핵심보험[B] μ_LT+SS(Z1.65)=12,상한40→12","SEO26FF"
"Q1029602","보험품","A","X","O","1650000","4","4","2","0","0","감축","핵심보험[A] μ_LT+SS(Z2.05)=2,상한4,기준1→2","SEO26FF"
"Q1029614","계획품","A","X","O","1241316","1","1","0","0","0","감축","핵심설비 계획품이나 소요비활발(λ0.2)→0","SEO26FF"
"Q1029653","계획품","A","X","O","150000","3","3","0","0","0","감축","핵심설비 계획품이나 3년무소요→0","SEO26FF"
"Q1029662","보험품","C","X","X","275000","5","5","2","0","0","감축","비핵심보험[C] μ_LT+SS(Z1.28)=2,상한6→2","SEO26FF"
"Q1029893","계획품","C","X","X","180000","1","3","0","0","0","감축","계획품 원칙0(비핵심설비→수리일정발주)","SEO26FF"
"Q1033612","보험품","B","X","X","230834","2","2","1","0","0","감축","비핵심보험[B] μ_LT+SS(Z1.65)=1,상한0→1","SEO26FF"
"Q1033796","계획품","B","X","X","161799","3","3","0","0","0","감축","계획품 원칙0(비핵심설비→수리일정발주)","SEO26FF"
"Q1033995","계획품","A","X","X","26282850","5","5","0","0","0","감축","계획품 원칙0(비핵심설비→수리일정발주)","SEO26FF"
"Q1034231","계획품","A","X","X","97916500","3","3","0","0","0","감축","계획품 원칙0(비핵심설비→수리일정발주)","SEO26FF"
"Q1034397","계획품","B","X","X","1442980","6","6","0","0","0","감축","계획품 원칙0(비핵심설비→수리일정발주)","SEO26FF"
"Q1039075","계획품","B","X","X","3390000","9","9","0","0","0","감축","계획품 원칙0(비핵심설비→수리일정발주)","SEO26FF"
"Q1039945","계획품","C","X","X","830000","3","5","0","0","0","감축","계획품 원칙0(비핵심설비→수리일정발주)","SEO26FF"
"Q1039948","계획품","B","X","X","2350000","3","3","0","0","0","감축","계획품 원칙0(비핵심설비→수리일정발주)","SEO26FF"
"Q1039950","보험품","B","X","X","3380000","4","4","2","0","0","감축","비핵심보험[B] μ_LT+SS(Z1.65)=2,상한3→2","SEO26FF"
"Q1039951","계획품","C","X","X","2600000","1","2","0","0","0","감축","계획품 원칙0(비핵심설비→수리일정발주)","SEO26FF"
"Q1040051","보험품","S","O","X","3630000","1","1","2","1","3630000","발주","핵심보험[S] μ_LT+SS(Z2.58)=2,상한2,기준2→2","SEO26FF"
"Q1040053","계획품","B","X","X","1220000","1","1","0","0","0","감축","계획품 원칙0(비핵심설비→수리일정발주)","SEO26FF"
"Q1040054","보험품","B","X","X","1857000","2","2","2","0","0","유지","비핵심보험[B] μ_LT+SS(Z1.65)=2,상한3→2","SEO26FF"
"Q1040058","보험품","B","X","X","690000","1","1","3","2","1380000","발주","비핵심보험[B] μ_LT+SS(Z1.65)=3,상한5→3","SEO26FF"
"Q1040060","계획품","A","X","X","630000","7","7","0","0","0","감축","계획품 원칙0(비핵심설비→수리일정발주)","SEO26FF"
"Q1040061","보험품","C","X","X","1950000","4","5","4","0","0","유지","비핵심보험[C] μ_LT+SS(Z1.28)=4,상한11→4","SEO26FF"
"Q1040065","계획품","B","X","X","2005000","1","1","0","0","0","감축","계획품 원칙0(비핵심설비→수리일정발주)","SEO26FF"
"Q1040129","계획품","B","X","X","2030000","3","3","0","0","0","감축","계획품 원칙0(비핵심설비→수리일정발주)","SEO26FF"
"Q1080541","계획품","C","X","X","650000","1","1","0","0","0","감축","계획품 원칙0(비핵심설비→수리일정발주)","SEO26FF"
"Q1080794","계획품","C","X","X","214800","4","4","0","0","0","감축","계획품 원칙0(비핵심설비→수리일정발주)","SEO26FF"
"Q1080969","계획품","C","X","X","135000","2","2","0","0","0","감축","계획품 원칙0(비핵심설비→수리일정발주)","SEO26FF"
"Q1080970","계획품","C","X","X","125000","1","1","0","0","0","감축","계획품 원칙0(비핵심설비→수리일정발주)","SEO26FF"
"Q1113604","계획품","B","X","X","837206","24","24","0","0","0","감축","계획품 원칙0(비핵심설비→수리일정발주)","SEO26FF"
"Q2008527","보험품","C","X","X","74000","2","2","1","0","0","감축","비핵심보험[C] μ_LT+SS(Z1.28)=1,상한0→1","SEO26FF"
"Q2013987","계획품","S","X","O","5380000","2","2","0","0","0","감축","핵심설비 계획품이나 소요비활발(λ0.4)→0","SEO26FF"
"Q2015221","계획품","C","X","X","626687","3","6","0","0","0","감축","계획품 원칙0(비핵심설비→수리일정발주)","SEO26FF"
"Q2018730","보험품","C","X","X","187000","11","11","1","0","0","감축","비핵심보험[C] μ_LT+SS(Z1.28)=5,상한1→1","SEO26FF"
"Q2019637","계획품","B","X","X","1400000","3","3","0","0","0","감축","계획품 원칙0(비핵심설비→수리일정발주)","SEO26FF"
"Q1072616","계획품","B","X","X","1289380","8","8","0","0","0","감축","계획품 원칙0(비핵심설비→수리일정발주)","SEO26FF"
"Q1072668","보험품","C","X","X","6400","20","20","0","0","0","감축","비핵심보험[C] 소요無→0","SEO26FF"
"Q1072820","보험품","B","X","X","96000","2","2","3","1","96000","발주","비핵심보험[B] μ_LT+SS(Z1.65)=3,상한4→3","SEO26FF"
"Q1072821","보험품","C","X","X","45200","4","4","4","0","0","유지","비핵심보험[C] μ_LT+SS(Z1.28)=4,상한10→4","SEO26FF"
"Q1072836","보험품","B","X","X","4200000","1","1","2","1","4200000","발주","비핵심보험[B] μ_LT+SS(Z1.65)=2,상한2→2","SEO26FF"
"Q1072924","계획품","C","X","X","537550","2","2","0","0","0","감축","계획품 원칙0(비핵심설비→수리일정발주)","SEO26FF"
"Q1072926","계획품","B","X","X","12342667","3","3","0","0","0","감축","계획품 원칙0(비핵심설비→수리일정발주)","SEO26FF"
"Q1072928","계획품","B","X","X","20000000","2","2","0","0","0","감축","계획품 원칙0(비핵심설비→수리일정발주)","SEO26FF"
"Q1072961","보험품","C","X","X","76346","4","4","2","0","0","감축","비핵심보험[C] μ_LT+SS(Z1.28)=2,상한3→2","SEO26FF"
"Q1072973","보험품","C","X","X","40500","14","14","9","0","0","감축","비핵심보험[C] μ_LT+SS(Z1.28)=9,상한16→9","SEO26FF"
"Q1072995","계획품","A","X","O","3203333","1","1","0","0","0","감축","핵심설비 계획품이나 3년무소요→0","SEO26FF"
"Q1073040","계획품","B","X","X","1080000","1","1","0","0","0","감축","계획품 원칙0(비핵심설비→수리일정발주)","SEO26FF"
"Q1073183","계획품","B","X","X","38190","1","1","0","0","0","감축","계획품 원칙0(비핵심설비→수리일정발주)","SEO26FF"
"Q1073184","계획품","B","X","X","22910","1","1","0","0","0","감축","계획품 원칙0(비핵심설비→수리일정발주)","SEO26FF"
"Q1073210","계획품","C","X","X","320000","1","1","0","0","0","감축","계획품 원칙0(비핵심설비→수리일정발주)","SEO26FF"
"Q1073215","계획품","C","X","X","320000","1","1","0","0","0","감축","계획품 원칙0(비핵심설비→수리일정발주)","SEO26FF"
"Q1073310","계획품","B","X","X","3180000","1","1","0","0","0","감축","계획품 원칙0(비핵심설비→수리일정발주)","SEO26FF"
"Q1073449","계획품","C","X","X","5280","1","1","0","0","0","감축","계획품 원칙0(비핵심설비→수리일정발주)","SEO26FF"
"Q1073553","계획품","B","X","X","476739","4","4","0","0","0","감축","계획품 원칙0(비핵심설비→수리일정발주)","SEO26FF"
"Q1073590","보험품","C","X","X","123500","8","8","15","7","864500","발주","비핵심보험[C] μ_LT+SS(Z1.28)=15,상한32→15","SEO26FF"
"Q1073594","계획품","C","X","X","80000","8","8","0","0","0","감축","계획품 원칙0(비핵심설비→수리일정발주)","SEO26FF"
"Q1073859","보험품","C","X","X","145000","1","1","1","0","0","유지","비핵심보험[C] μ_LT+SS(Z1.28)=1,상한1→1","SEO26FF"
"Q1073865","보험품","C","X","X","20900","2","2","0","0","0","감축","비핵심보험[C] 소요無→0","SEO26FF"
"Q1073866","보험품","C","X","X","4400","2","2","0","0","0","감축","비핵심보험[C] 소요無→0","SEO26FF"
"Q1073870","보험품","C","X","X","37400","2","2","0","0","0","감축","비핵심보험[C] 소요無→0","SEO26FF"
"Q1121309","계획품","C","X","X","63430","1","1","0","0","0","감축","계획품 원칙0(비핵심설비→수리일정발주)","SEO26FF"
"Q1122097","보험품","C","X","X","1003","100","100","0","0","0","감축","비핵심보험[C] 소요無→0","SEO26FF"
"Q1269776","보험품","B","X","X","748071","2","2","2","0","0","유지","비핵심보험[B] μ_LT+SS(Z1.65)=2,상한4→2","SEO26FF"
"Q2011794","계획품","C","X","X","103470","6","6","0","0","0","감축","계획품 원칙0(비핵심설비→수리일정발주)","SEO26FF"
"Q2011846","보험품","B","X","X","545000","3","3","10","7","3815000","발주","비핵심보험[B] μ_LT+SS(Z1.65)=10,상한10→10","SEO26FF"
"Q1076627","계획품","B","X","X","1150000","1","1","0","0","0","감축","계획품 원칙0(비핵심설비→수리일정발주)","SEO26FF"
"Q1076630","계획품","B","X","X","3800000","2","2","0","0","0","감축","계획품 원칙0(비핵심설비→수리일정발주)","SEO26FF"
"Q1077285","보험품","B","X","X","200000","10","10","14","4","800000","발주","비핵심보험[B] μ_LT+SS(Z1.65)=14,상한60→14","SEO26FF"
"Q1077340","계획품","C","X","X","5100000","1","1","0","0","0","감축","계획품 원칙0(비핵심설비→수리일정발주)","SEO26FF"
"Q1077367","계획품","C","X","X","127825","3","3","0","0","0","감축","계획품 원칙0(비핵심설비→수리일정발주)","SEO26FF"
"Q1077400","계획품","A","X","O","35150","2","2","0","0","0","감축","핵심설비 계획품이나 3년무소요→0","SEO26FF"
"Q1077476","보험품","C","X","O","13800000","2","3","2","0","0","유지","핵심보험[C] μ_LT+SS(Z1.28)=2,상한2,기준1→2","SEO26FF"
"Q1077486","계획품","C","X","X","600000","4","4","0","0","0","감축","계획품 원칙0(비핵심설비→수리일정발주)","SEO26FF"
"Q1077487","계획품","C","X","X","600000","4","4","0","0","0","감축","계획품 원칙0(비핵심설비→수리일정발주)","SEO26FF"
"Q1077622","계획품","S","X","O","3524000","1","1","0","0","0","감축","핵심설비 계획품이나 소요비활발(λ0.5)→0","SEO26FF"
"Q1077624","보험품","B","X","X","10200000","1","1","1","0","0","유지","비핵심보험[B] μ_LT+SS(Z1.65)=2,상한1→1","SEO26FF"
"Q1077646","계획품","B","X","X","470000","1","1","0","0","0","감축","계획품 원칙0(비핵심설비→수리일정발주)","SEO26FF"
"Q1077670","보험품","B","X","X","2000000","10","10","10","0","0","유지","비핵심보험[B] μ_LT+SS(Z1.65)=10,상한16→10","SEO26FF"
"Q1077676","계획품","B","X","X","7766","40","40","0","0","0","감축","계획품 원칙0(비핵심설비→수리일정발주)","SEO26FF"
"Q1077684","보험품","C","X","X","6700000","3","5","1","0","0","감축","비핵심보험[C] μ_LT+SS(Z1.28)=1,상한1→1","SEO26FF"
"Q1077685","보험품","C","X","X","2600000","3","4","1","0","0","감축","비핵심보험[C] μ_LT+SS(Z1.28)=1,상한1→1","SEO26FF"
"Q1077724","계획품","C","X","X","550000","6","6","0","0","0","감축","계획품 원칙0(비핵심설비→수리일정발주)","SEO26FF"
"Q1077747","계획품","B","X","X","63400","1","1","0","0","0","감축","계획품 원칙0(비핵심설비→수리일정발주)","SEO26FF"
"Q1077761","계획품","B","X","X","141000","7","7","0","0","0","감축","계획품 원칙0(비핵심설비→수리일정발주)","SEO26FF"
"Q1077763","계획품","B","X","X","101000","7","7","0","0","0","감축","계획품 원칙0(비핵심설비→수리일정발주)","SEO26FF"
"Q1077776","계획품","B","X","X","5450000","4","4","0","0","0","감축","계획품 원칙0(비핵심설비→수리일정발주)","SEO26FF"
"Q1077777","계획품","C","X","X","1680000","12","12","0","0","0","감축","계획품 원칙0(비핵심설비→수리일정발주)","SEO26FF"
"Q1077786","계획품","B","X","X","1180494","1","1","0","0","0","감축","계획품 원칙0(비핵심설비→수리일정발주)","SEO26FF"
"Q1077922","계획품","B","X","X","1100000","1","1","0","0","0","감축","계획품 원칙0(비핵심설비→수리일정발주)","SEO26FF"
"Q1077925","계획품","B","X","X","1130000","4","4","0","0","0","감축","계획품 원칙0(비핵심설비→수리일정발주)","SEO26FF"
"Q1077941","보험품","C","X","X","195000","4","4","4","0","0","유지","비핵심보험[C] μ_LT+SS(Z1.28)=4,상한4→4","SEO26FF"
"Q1078004","보험품","C","X","X","116025","1","3","2","1","116025","발주","비핵심보험[C] μ_LT+SS(Z1.28)=2,상한2→2","SEO26FF"
"Q1078005","보험품","B","X","X","580000","2","2","1","0","0","감축","비핵심보험[B] μ_LT+SS(Z1.65)=1,상한1→1","SEO26FF"
"Q1034310","보험품","C","X","X","319813","2","13","4","2","639626","발주","비핵심보험[C] μ_LT+SS(Z1.28)=4,상한15→4","SEO26FF"
"Q1072889","계획품","C","X","X","47520","2","2","0","0","0","감축","계획품 원칙0(비핵심설비→수리일정발주)","SEO26FF"
"Q2024605","보험품","B","X","X","17639000","2","2","2","0","0","유지","비핵심보험[B] μ_LT+SS(Z1.65)=2,상한2→2","SEO26FF"
"Q2028329","계획품","A","X","O","491000","1","1","0","0","0","감축","핵심설비 계획품이나 소요비활발(λ0.5)→0","SEO26FF"
"Q1007239","보험품","C","X","X","14596","5","5","0","0","0","감축","비핵심보험[C] 소요無→0","SEO26FF"
"Q1021932","보험품","C","X","X","1303","2","36","5","3","3908","발주","비핵심보험[C] μ_LT+SS(Z1.28)=5,상한10→5","SEO26FF"
"Q1072930","계획품","B","X","X","40000000","2","2","0","0","0","감축","계획품 원칙0(비핵심설비→수리일정발주)","SEO26FF"
"Q1073256","보험품","B","X","X","440000","4","4","2","0","0","감축","비핵심보험[B] μ_LT+SS(Z1.65)=2,상한2→2","SEO26FF"
"Q1080496","계획품","A","X","O","25000","2","2","0","0","0","감축","핵심설비 계획품이나 소요비활발(λ0.1)→0","SEO26FF"
"Q2026952","보험품","B","X","X","1923333","4","4","3","0","0","감축","비핵심보험[B] μ_LT+SS(Z1.65)=3,상한4→3","SEO26FF"
"Q2032488","보험품","C","X","X","460000","3","3","2","0","0","감축","비핵심보험[C] μ_LT+SS(Z1.28)=2,상한4→2","SEO26FF"
"Q2032490","보험품","C","X","X","430000","4","4","1","0","0","감축","비핵심보험[C] μ_LT+SS(Z1.28)=1,상한2→1","SEO26FF"
"Q2032491","보험품","C","X","X","540000","4","4","1","0","0","감축","비핵심보험[C] μ_LT+SS(Z1.28)=1,상한2→1","SEO26FF"
"Q2038307","계획품","B","X","X","950000","4","4","0","0","0","감축","계획품 원칙0(비핵심설비→수리일정발주)","SEO26FF"
"Q2039356","계획품","C","X","X","3450000","1","1","0","0","0","감축","계획품 원칙0(비핵심설비→수리일정발주)","SEO26FF"
"Q2040220","계획품","B","X","X","3634841","2","2","0","0","0","감축","계획품 원칙0(비핵심설비→수리일정발주)","SEO26FF"
"Q2042214","보험품","C","X","X","120000","2","2","2","0","0","유지","비핵심보험[C] μ_LT+SS(Z1.28)=2,상한3→2","SEO26FF"
"Q2052411","보험품","A","X","O","95000","2","2","1","0","0","감축","핵심보험[A] 소요無→기준1","SEO26FF"
"Q2054201","보험품","C","X","X","2520000","2","3","2","0","0","유지","비핵심보험[C] μ_LT+SS(Z1.28)=2,상한3→2","SEO26FF"
"Q2055671","보험품","C","X","X","1100","8","8","6","0","0","감축","비핵심보험[C] μ_LT+SS(Z1.28)=10,상한6→6","SEO26FF"
"Q2055672","보험품","B","X","X","680000","1","1","8","7","4760000","발주","비핵심보험[B] μ_LT+SS(Z1.65)=8,상한24→8","SEO26FF"
"Q2055698","계획품","C","X","X","387081","4","4","0","0","0","감축","계획품 원칙0(비핵심설비→수리일정발주)","SEO26FF"
"Q2056110","보험품","B","X","X","234707","1","1","1","0","0","유지","비핵심보험[B] μ_LT+SS(Z1.65)=1,상한2→1","SEO26FF"
"Q2059079","보험품","C","X","X","90000","1","1","0","0","0","감축","비핵심보험[C] 소요無→0","SEO26FF"
"Q2059080","보험품","C","X","X","14200","10","10","5","0","0","감축","비핵심보험[C] μ_LT+SS(Z1.28)=5,상한5→5","SEO26FF"
"Q2059081","보험품","C","X","X","14050","10","10","2","0","0","감축","비핵심보험[C] μ_LT+SS(Z1.28)=2,상한0→2","SEO26FF"
"Q2059082","보험품","C","X","X","13000","5","5","7","2","26000","발주","비핵심보험[C] μ_LT+SS(Z1.28)=7,상한10→7","SEO26FF"
"Q2059083","보험품","C","X","X","11800","10","10","8","0","0","감축","비핵심보험[C] μ_LT+SS(Z1.28)=8,상한0→8","SEO26FF"
"Q2059088","보험품","C","X","X","130000","4","4","4","0","0","유지","비핵심보험[C] μ_LT+SS(Z1.28)=4,상한12→4","SEO26FF"
"Q2060148","보험품","C","X","X","20000","10","10","14","4","80000","발주","비핵심보험[C] μ_LT+SS(Z1.28)=14,상한20→14","SEO26FF"
"Q2060154","보험품","B","X","X","76000","2","2","5","3","228000","발주","비핵심보험[B] μ_LT+SS(Z1.65)=5,상한5→5","SEO26FF"
"Q2060222","보험품","B","X","X","95880","5","5","16","11","1054682","발주","비핵심보험[B] μ_LT+SS(Z1.65)=16,상한60→16","SEO26FF"
"Q2060332","보험품","B","X","X","3300693","1","1","1","0","0","유지","비핵심보험[B] μ_LT+SS(Z1.65)=1,상한2→1","SEO26FF"
"Q2060337","보험품","B","X","X","4621294","1","1","1","0","0","유지","비핵심보험[B] μ_LT+SS(Z1.65)=1,상한1→1","SEO26FF"
"Q2060460","보험품","C","X","X","12700000","2","3","1","0","0","감축","비핵심보험[C] μ_LT+SS(Z1.28)=1,상한2→1","SEO26FF"
"Q2060462","계획품","S","O","X","8030000","1","1","0","0","0","감축","핵심설비 계획품이나 소요비활발(λ0.5)→0","SEO26FF"
"Q2060463","보험품","C","X","X","4970000","1","2","2","1","4970000","발주","비핵심보험[C] μ_LT+SS(Z1.28)=2,상한3→2","SEO26FF"
"Q2060465","보험품","B","X","X","7497000","1","1","1","0","0","유지","비핵심보험[B] μ_LT+SS(Z1.65)=1,상한2→1","SEO26FF"
"Q2060474","보험품","B","X","X","3490000","1","1","2","1","3490000","발주","비핵심보험[B] μ_LT+SS(Z1.65)=2,상한3→2","SEO26FF"
"Q2064661","보험품","C","X","X","970000","1","2","2","1","970000","발주","비핵심보험[C] μ_LT+SS(Z1.28)=2,상한6→2","SEO26FF"
"Q2064662","계획품","A","X","X","1690000","2","2","0","0","0","감축","계획품 원칙0(비핵심설비→수리일정발주)","SEO26FF"
"Q2065292","계획품","C","X","X","2623132","1","6","0","0","0","감축","계획품 원칙0(비핵심설비→수리일정발주)","SEO26FF"
"Q2066145","보험품","B","X","X","1050000","1","1","2","1","1050000","발주","비핵심보험[B] μ_LT+SS(Z1.65)=2,상한2→2","SEO26FF"
"Q2068400","계획품","A","X","O","350778","2","2","0","0","0","감축","핵심설비 계획품이나 소요비활발(λ0.5)→0","SEO26FF"
"Q2070790","계획품","S","O","X","2100000","1","1","0","0","0","감축","핵심설비 계획품이나 소요비활발(λ0.9)→0","SEO26FF"
"Q2070791","계획품","S","O","X","2150000","3","3","1","0","0","감축","핵심설비계획품 소요활발(λ1.0)→소량1","SEO26FF"
"Q2070796","계획품","S","O","X","1400000","2","2","0","0","0","감축","핵심설비 계획품이나 3년무소요→0","SEO26FF"
"Q2070797","계획품","S","O","X","1450000","1","1","1","0","0","유지","핵심설비계획품 소요활발(λ1.0)→소량1","SEO26FF"
"Q2070800","계획품","S","O","X","2000000","4","4","0","0","0","감축","핵심설비 계획품이나 소요비활발(λ0.8)→0","SEO26FF"
"Q2070801","계획품","S","O","O","1300000","4","4","0","0","0","감축","핵심설비 계획품이나 소요비활발(λ0.8)→0","SEO26FF"
"Q2074351","보험품","B","X","X","17320000","1","1","0","0","0","감축","비핵심보험[B] 소요無→0","SEO26FF"
"Q2076004","보험품","A","X","X","4071265","2","2","4","2","8142530","발주","비핵심보험[A] μ_LT+SS(Z2.05)=5,상한4→4","SEO26FF"
"Q2076458","보험품","C","X","X","25000","6","6","5","0","0","감축","비핵심보험[C] μ_LT+SS(Z1.28)=5,상한5→5","SEO26FF"
"Q2076463","보험품","C","X","X","460000","1","1","0","0","0","감축","비핵심보험[C] 소요無→0","SEO26FF"
"Q2079650","보험품","C","X","X","16500","2","2","1","0","0","감축","비핵심보험[C] μ_LT+SS(Z1.28)=1,상한1→1","SEO26FF"
"Q2079652","보험품","C","X","X","16500","2","2","1","0","0","감축","비핵심보험[C] μ_LT+SS(Z1.28)=1,상한1→1","SEO26FF"
"Q2079654","보험품","C","X","X","16500","2","2","1","0","0","감축","비핵심보험[C] μ_LT+SS(Z1.28)=1,상한1→1","SEO26FF"
"Q2079803","보험품","C","X","X","1750000","8","8","4","0","0","감축","비핵심보험[C] μ_LT+SS(Z1.28)=4,상한8→4","SEO26FF"
"Q2082726","보험품","C","X","X","23372","10","10","0","0","0","감축","비핵심보험[C] 소요無→0","SEO26FF"
"Q2082954","보험품","C","X","X","20000","10","10","4","0","0","감축","비핵심보험[C] μ_LT+SS(Z1.28)=4,상한4→4","SEO26FF"
"Q2084886","보험품","B","X","X","960000","4","4","4","0","0","유지","비핵심보험[B] μ_LT+SS(Z1.65)=4,상한8→4","SEO26FF"
"Q2086017","계획품","B","X","X","1250000","1","1","0","0","0","감축","계획품 원칙0(비핵심설비→수리일정발주)","SEO26FF"
"Q2086434","보험품","B","X","X","1185305","2","2","1","0","0","감축","비핵심보험[B] μ_LT+SS(Z1.65)=1,상한1→1","SEO26FF"
"Q2086435","보험품","B","X","X","1185305","2","2","1","0","0","감축","비핵심보험[B] μ_LT+SS(Z1.65)=1,상한1→1","SEO26FF"
"Q2086682","보험품","C","X","X","2167","10","12","0","0","0","감축","비핵심보험[C] 소요無→0","SEO26FF"
"Q2087261","보험품","B","X","X","218106","1","1","2","1","218106","발주","비핵심보험[B] μ_LT+SS(Z1.65)=2,상한2→2","SEO26FF"
"Q2087833","보험품","B","X","X","295000","4","4","4","0","0","유지","비핵심보험[B] μ_LT+SS(Z1.65)=4,상한4→4","SEO26FF"
"Q2091278","보험품","S","O","X","6880000","1","1","2","1","6880000","발주","핵심보험[S] μ_LT+SS(Z2.58)=2,상한1,기준2→2","SEO26FF"
"Q2091279","보험품","S","O","X","5663000","1","1","1","0","0","유지","핵심보험[S] μ_LT+SS(Z2.58)=1,상한1,기준1→1","SEO26FF"
"Q2094313","보험품","B","X","X","825000","2","2","2","0","0","유지","비핵심보험[B] μ_LT+SS(Z1.65)=2,상한2→2","SEO26FF"
"Q2095005","계획품","B","X","X","810000","1","1","0","0","0","감축","계획품 원칙0(비핵심설비→수리일정발주)","SEO26FF"
"Q2095006","보험품","B","X","X","2908000","4","4","1","0","0","감축","비핵심보험[B] μ_LT+SS(Z1.65)=1,상한1→1","SEO26FF"
"Q2095020","보험품","A","X","O","15600","10","10","4","0","0","감축","핵심보험[A] μ_LT+SS(Z2.05)=4,상한8,기준1→4","SEO26FF"
"Q2095032","계획품","B","X","X","12500000","1","1","0","0","0","감축","계획품 원칙0(비핵심설비→수리일정발주)","SEO26FF"
"Q2095281","보험품","C","X","X","1590000","1","1","2","1","1590000","발주","비핵심보험[C] μ_LT+SS(Z1.28)=2,상한5→2","SEO26FF"
"Q2095868","보험품","B","X","X","56000","1","1","1","0","0","유지","비핵심보험[B] μ_LT+SS(Z1.65)=1,상한1→1","SEO26FF"
"Q2096490","보험품","C","X","X","1253120","1","1","2","1","1253120","발주","비핵심보험[C] μ_LT+SS(Z1.28)=2,상한3→2","SEO26FF"
"Q2097306","보험품","C","X","O","10830","12","16","4","0","0","감축","핵심보험[C] μ_LT+SS(Z1.28)=4,상한4,기준1→4","SEO26FF"
"Q2097711","계획품","B","X","X","500000","1","1","0","0","0","감축","계획품 원칙0(비핵심설비→수리일정발주)","SEO26FF"
"Q2097972","계획품","C","X","X","2079994","2","3","0","0","0","감축","계획품 원칙0(비핵심설비→수리일정발주)","SEO26FF"
"Q2098351","계획품","C","X","X","660000","2","2","0","0","0","감축","계획품 원칙0(비핵심설비→수리일정발주)","SEO26FF"
"Q2098353","계획품","B","X","X","550000","2","2","0","0","0","감축","계획품 원칙0(비핵심설비→수리일정발주)","SEO26FF"
"Q2098900","계획품","B","X","X","9500000","1","1","0","0","0","감축","계획품 원칙0(비핵심설비→수리일정발주)","SEO26FF"
"Q2100582","계획품","C","X","O","794098","8","14","0","0","0","감축","핵심설비 계획품이나 소요비활발(λ0.6)→0","SEO26FF"
"Q2101008","보험품","A","X","O","14444","8","8","2","0","0","감축","핵심보험[A] μ_LT+SS(Z2.05)=2,상한2,기준1→2","SEO26FF"
"Q2101009","보험품","A","X","O","13412","4","4","6","2","26824","발주","핵심보험[A] μ_LT+SS(Z2.05)=6,상한6,기준1→6","SEO26FF"
"Q2101010","보험품","A","X","O","14444","8","8","2","0","0","감축","핵심보험[A] μ_LT+SS(Z2.05)=2,상한2,기준1→2","SEO26FF"
"Q2101882","계획품","B","X","X","8900000","1","1","0","0","0","감축","계획품 원칙0(비핵심설비→수리일정발주)","SEO26FF"
"Q2102570","계획품","C","X","X","1280000","2","2","0","0","0","감축","계획품 원칙0(비핵심설비→수리일정발주)","SEO26FF"
"Q2104247","계획품","C","X","X","197055","2","5","0","0","0","감축","계획품 원칙0(비핵심설비→수리일정발주)","SEO26FF"
"Q2106112","보험품","B","X","X","875000","8","8","8","0","0","유지","비핵심보험[B] μ_LT+SS(Z1.65)=8,상한8→8","SEO26FF"
"Q2110732","보험품","C","X","O","16500000","1","2","1","0","0","유지","핵심보험[C] μ_LT+SS(Z1.28)=1,상한0,기준1→1","SEO26FF"
"Q2110733","보험품","S","X","O","16500000","1","1","1","0","0","유지","핵심보험[S] μ_LT+SS(Z2.58)=1,상한1,기준1→1","SEO26FF"
"Q2116016","계획품","S","X","O","404107","8","8","0","0","0","감축","핵심설비 계획품이나 소요비활발(λ0.6)→0","SEO26FF"
"Q2116265","계획품","B","X","X","640686","5","5","0","0","0","감축","계획품 원칙0(비핵심설비→수리일정발주)","SEO26FF"
"Q2116694","보험품","B","X","X","1479621","1","1","1","0","0","유지","비핵심보험[B] μ_LT+SS(Z1.65)=1,상한2→1","SEO26FF"
"Q2116695","보험품","B","X","X","1400392","1","1","1","0","0","유지","비핵심보험[B] μ_LT+SS(Z1.65)=1,상한2→1","SEO26FF"
"Q2117078","보험품","A","X","X","10307000","8","8","4","0","0","감축","비핵심보험[A] μ_LT+SS(Z2.05)=4,상한7→4","SEO26FF"
"Q2118354","보험품","B","X","X","14584","20","20","52","32","466688","발주","비핵심보험[B] μ_LT+SS(Z1.65)=52,상한100→52","SEO26FF"
"Q2118643","보험품","A","X","X","383420","2","2","7","5","1917100","발주","비핵심보험[A] μ_LT+SS(Z2.05)=7,상한15→7","SEO26FF"
"Q2119613","보험품","C","X","X","80000","4","4","0","0","0","감축","비핵심보험[C] 소요無→0","SEO26FF"
"Q2120491","보험품","A","X","O","130000","6","6","4","0","0","감축","핵심보험[A] μ_LT+SS(Z2.05)=4,상한7,기준1→4","SEO26FF"
"Q2122540","계획품","B","X","X","11500000","1","1","0","0","0","감축","계획품 원칙0(비핵심설비→수리일정발주)","SEO26FF"
"Q2125396","계획품","B","X","X","13691500","2","2","0","0","0","감축","계획품 원칙0(비핵심설비→수리일정발주)","SEO26FF"
"Q2125412","계획품","A","X","X","16049125","2","2","0","0","0","감축","계획품 원칙0(비핵심설비→수리일정발주)","SEO26FF"
"Q2125413","계획품","A","X","X","14394278","2","2","0","0","0","감축","계획품 원칙0(비핵심설비→수리일정발주)","SEO26FF"
"Q2125462","계획품","B","X","X","14630000","2","2","0","0","0","감축","계획품 원칙0(비핵심설비→수리일정발주)","SEO26FF"
"Q2125464","계획품","B","X","X","18690000","2","2","0","0","0","감축","계획품 원칙0(비핵심설비→수리일정발주)","SEO26FF"
"Q2126080","계획품","B","X","X","3485350","1","1","0","0","0","감축","계획품 원칙0(비핵심설비→수리일정발주)","SEO26FF"
"Q2126459","보험품","C","X","X","2860","40","40","0","0","0","감축","비핵심보험[C] 소요無→0","SEO26FF"
"Q2133117","보험품","B","X","X","138716","1","1","0","0","0","감축","비핵심보험[B] 소요無→0","SEO26FF"
"Q2133118","보험품","B","X","X","374532","2","2","2","0","0","유지","비핵심보험[B] μ_LT+SS(Z1.65)=2,상한2→2","SEO26FF"
"Q2133119","보험품","C","X","X","237761","1","1","1","0","0","유지","비핵심보험[C] μ_LT+SS(Z1.28)=1,상한1→1","SEO26FF"
"Q2135729","보험품","C","X","X","355942","11","28","9","0","0","감축","비핵심보험[C] μ_LT+SS(Z1.28)=9,상한40→9","SEO26FF"
"Q2137371","계획품","B","X","X","2705000","1","1","0","0","0","감축","계획품 원칙0(비핵심설비→수리일정발주)","SEO26FF"
"Q2137920","계획품","C","X","X","4720000","4","5","0","0","0","감축","계획품 원칙0(비핵심설비→수리일정발주)","SEO26FF"
"Q2137922","계획품","B","X","X","840000","2","2","0","0","0","감축","계획품 원칙0(비핵심설비→수리일정발주)","SEO26FF"
"Q2139926","보험품","S","O","X","1100000","1","1","3","2","2200000","발주","핵심보험[S] μ_LT+SS(Z2.58)=3,상한3,기준1→3","SEO26FF"
"Q2140042","보험품","B","X","X","449400","5","5","5","0","0","유지","비핵심보험[B] μ_LT+SS(Z1.65)=5,상한5→5","SEO26FF"
"Q2141016","보험품","C","X","X","70000","2","2","2","0","0","유지","비핵심보험[C] μ_LT+SS(Z1.28)=2,상한2→2","SEO26FF"
"Q2141021","보험품","B","X","X","319028","2","2","2","0","0","유지","비핵심보험[B] μ_LT+SS(Z1.65)=2,상한4→2","SEO26FF"
"Q2142284","계획품","A","X","O","50536","10","10","0","0","0","감축","핵심설비 계획품이나 소요비활발(λ0.4)→0","SEO26FF"
"Q2142898","계획품","A","X","O","230000","4","4","0","0","0","감축","핵심설비 계획품이나 소요비활발(λ0.4)→0","SEO26FF"
"Q2143052","보험품","C","X","X","112500","6","6","4","0","0","감축","비핵심보험[C] μ_LT+SS(Z1.28)=4,상한0→4","SEO26FF"
"Q2144319","계획품","C","X","X","639034","1","2","0","0","0","감축","계획품 원칙0(비핵심설비→수리일정발주)","SEO26FF"
"Q2146787","계획품","S","X","O","2793197","1","1","0","0","0","감축","핵심설비 계획품이나 소요비활발(λ0.3)→0","SEO26FF"
"Q2147980","계획품","B","X","X","35000","2","2","0","0","0","감축","계획품 원칙0(비핵심설비→수리일정발주)","SEO26FF"
"Q2154362","계획품","C","X","X","988055","2","3","0","0","0","감축","계획품 원칙0(비핵심설비→수리일정발주)","SEO26FF"
"Q2162230","계획품","C","X","X","210000","2","2","0","0","0","감축","계획품 원칙0(비핵심설비→수리일정발주)","SEO26FF"
"Q2162413","계획품","A","X","O","794143","2","2","0","0","0","감축","핵심설비 계획품이나 3년무소요→0","SEO26FF"
"Q2163394","계획품","B","X","X","2635000","2","2","0","0","0","감축","계획품 원칙0(비핵심설비→수리일정발주)","SEO26FF"
"Q2166135","계획품","C","X","X","96669","2","7","0","0","0","감축","계획품 원칙0(비핵심설비→수리일정발주)","SEO26FF"
"Q2166833","계획품","B","X","X","129800","4","4","0","0","0","감축","계획품 원칙0(비핵심설비→수리일정발주)","SEO26FF"
"Q2168061","계획품","B","X","X","350000","2","2","0","0","0","감축","계획품 원칙0(비핵심설비→수리일정발주)","SEO26FF"
"Q2168437","계획품","C","X","X","250000","2","2","0","0","0","감축","계획품 원칙0(비핵심설비→수리일정발주)","SEO26FF"
"Q2169758","계획품","B","X","X","2007915","1","1","0","0","0","감축","계획품 원칙0(비핵심설비→수리일정발주)","SEO26FF"
"Q2173282","계획품","C","X","X","4769000","1","3","0","0","0","감축","계획품 원칙0(비핵심설비→수리일정발주)","SEO26FF"
"Q2176849","보험품","B","X","X","46720558","1","1","1","0","0","유지","비핵심보험[B] μ_LT+SS(Z1.65)=1,상한2→1","SEO26FF"
"Q2177492","계획품","A","X","O","1150000","1","1","0","0","0","감축","핵심설비 계획품이나 소요비활발(λ0.5)→0","SEO26FF"
"Q2177493","계획품","B","X","X","1180000","1","1","0","0","0","감축","계획품 원칙0(비핵심설비→수리일정발주)","SEO26FF"
"Q2179246","보험품","B","X","X","1097000","2","2","2","0","0","유지","비핵심보험[B] μ_LT+SS(Z1.65)=2,상한2→2","SEO26FF"
"Q2184244","계획품","A","X","O","3150000","1","1","0","0","0","감축","핵심설비 계획품이나 3년무소요→0","SEO26FF"
"Q2184478","계획품","A","X","O","2790000","1","1","0","0","0","감축","핵심설비 계획품이나 3년무소요→0","SEO26FF"
"Q2184712","계획품","B","X","X","2454000","2","2","0","0","0","감축","계획품 원칙0(비핵심설비→수리일정발주)","SEO26FF"
"Q2187474","보험품","B","X","X","824661","7","7","5","0","0","감축","비핵심보험[B] μ_LT+SS(Z1.65)=5,상한7→5","SEO26FF"
"Q2190703","계획품","A","X","O","2140000","1","1","0","0","0","감축","핵심설비 계획품이나 소요비활발(λ0.2)→0","SEO26FF"
"Q2191618","계획품","B","X","X","46653","30","30","0","0","0","감축","계획품 원칙0(비핵심설비→수리일정발주)","SEO26FF"
"Q2191857","보험품","C","X","X","1805","10","41","0","0","0","감축","비핵심보험[C] 소요無→0","SEO26FF"
"Q2194210","계획품","B","X","X","920800","3","3","0","0","0","감축","계획품 원칙0(비핵심설비→수리일정발주)","SEO26FF"
"Q2194211","계획품","B","X","X","917000","3","3","0","0","0","감축","계획품 원칙0(비핵심설비→수리일정발주)","SEO26FF"
"Q2194827","보험품","C","X","X","551000","2","2","3","1","551000","발주","비핵심보험[C] μ_LT+SS(Z1.28)=3,상한8→3","SEO26FF"
"Q2195767","계획품","B","X","X","289659","2","2","0","0","0","감축","계획품 원칙0(비핵심설비→수리일정발주)","SEO26FF"
"Q2200004","보험품","B","X","X","210000","16","16","16","0","0","유지","비핵심보험[B] μ_LT+SS(Z1.65)=16,상한16→16","SEO26FF"
"Q2200005","보험품","B","X","X","515900","16","16","16","0","0","유지","비핵심보험[B] μ_LT+SS(Z1.65)=16,상한16→16","SEO26FF"
"Q2200464","보험품","C","X","X","14444","8","8","2","0","0","감축","비핵심보험[C] μ_LT+SS(Z1.28)=2,상한0→2","SEO26FF"
"Q2200465","보험품","C","X","X","14444","8","8","2","0","0","감축","비핵심보험[C] μ_LT+SS(Z1.28)=2,상한0→2","SEO26FF"
"Q2200466","보험품","C","X","X","13412","4","4","6","2","26824","발주","비핵심보험[C] μ_LT+SS(Z1.28)=6,상한0→6","SEO26FF"
"Q2202508","보험품","A","X","O","2630000","1","1","1","0","0","유지","핵심보험[A] μ_LT+SS(Z2.05)=1,상한1,기준1→1","SEO26FF"
"Q2206557","보험품","C","X","X","32492","4","5","4","0","0","유지","비핵심보험[C] μ_LT+SS(Z1.28)=4,상한4→4","SEO26FF"
"Q2208062","보험품","C","X","X","19068","10","36","4","0","0","감축","비핵심보험[C] μ_LT+SS(Z1.28)=4,상한5→4","SEO26FF"
"Q2210205","계획품","B","X","X","2366496","4","4","0","0","0","감축","핵심설비 계획품이나 소요비활발(λ0.2)→0","SEO26FF"
"Q2217711","계획품","B","X","X","455000","1","1","0","0","0","감축","계획품 원칙0(비핵심설비→수리일정발주)","SEO26FF"
"Q2223743","계획품","B","X","X","5025000","2","2","0","0","0","감축","계획품 원칙0(비핵심설비→수리일정발주)","SEO26FF"
"Q2224741","보험품","B","X","X","4920000","2","2","2","0","0","유지","비핵심보험[B] μ_LT+SS(Z1.65)=2,상한2→2","SEO26FF"
"Q2228118","보험품","B","X","X","900000","1","1","2","1","900000","발주","비핵심보험[B] μ_LT+SS(Z1.65)=2,상한2→2","SEO26FF"
"Q2228203","계획품","B","X","X","2260000","2","2","0","0","0","감축","계획품 원칙0(비핵심설비→수리일정발주)","SEO26FF"
"Q2228264","보험품","A","X","O","140000","2","2","5","3","420000","발주","핵심보험[A] μ_LT+SS(Z2.05)=5,상한10,기준1→5","SEO26FF"
"Q2233578","계획품","B","X","X","2796768","2","2","0","0","0","감축","핵심설비 계획품이나 소요비활발(λ0.2)→0","SEO26FF"
"Q2234798","계획품","S","O","X","9000000","1","1","0","0","0","감축","핵심설비 계획품이나 소요비활발(λ0.2)→0","SEO26FF"
"Q2235169","보험품","B","X","X","1440000","1","1","1","0","0","유지","비핵심보험[B] μ_LT+SS(Z1.65)=1,상한1→1","SEO26FF"
"Q2235172","보험품","B","X","X","1440000","1","1","1","0","0","유지","비핵심보험[B] μ_LT+SS(Z1.65)=1,상한1→1","SEO26FF"
"Q4002139","보험품","B","X","X","1025000","1","1","1","0","0","유지","비핵심보험[B] μ_LT+SS(Z1.65)=1,상한1→1","SEO26FF"
"Q4003811","보험품","B","X","X","1351680","1","1","1","0","0","유지","비핵심보험[B] μ_LT+SS(Z1.65)=1,상한1→1","SEO26FF"
"Q4005375","계획품","B","X","X","5210000","2","2","0","0","0","감축","계획품 원칙0(비핵심설비→수리일정발주)","SEO26FF"
"Q4008483","계획품","C","X","X","26000","8","8","0","0","0","감축","계획품 원칙0(비핵심설비→수리일정발주)","SEO26FF"
"Q4008484","계획품","C","X","X","12896","10","10","0","0","0","감축","계획품 원칙0(비핵심설비→수리일정발주)","SEO26FF"
"Q4008971","계획품","C","X","X","210000","2","7","0","0","0","감축","계획품 원칙0(비핵심설비→수리일정발주)","SEO26FF"
"Q4011271","계획품","B","X","X","3177","5","5","0","0","0","감축","계획품 원칙0(비핵심설비→수리일정발주)","SEO26FF"
"Q4012998","보험품","A","X","O","300000","2","2","3","1","300000","발주","핵심보험[A] μ_LT+SS(Z2.05)=3,상한5,기준1→3","SEO26FF"
"Q4013000","보험품","S","X","O","2461000","1","1","4","3","7383000","발주","핵심보험[S] μ_LT+SS(Z2.58)=4,상한7,기준1→4","SEO26FF"
"Q4014292","계획품","C","X","X","120000","8","8","0","0","0","감축","계획품 원칙0(비핵심설비→수리일정발주)","SEO26FF"
"Q4015362","보험품","B","X","X","660000","1","1","4","3","1980000","발주","비핵심보험[B] μ_LT+SS(Z1.65)=4,상한16→4","SEO26FF"
"Q4015363","보험품","B","X","X","248000","1","1","1","0","0","유지","비핵심보험[B] μ_LT+SS(Z1.65)=4,상한1→1","SEO26FF"
"Q4015364","보험품","B","X","X","318000","1","1","4","3","954000","발주","비핵심보험[B] μ_LT+SS(Z1.65)=4,상한8→4","SEO26FF"
"Q4015365","보험품","B","X","X","59567","1","1","8","7","416967","발주","비핵심보험[B] μ_LT+SS(Z1.65)=8,상한0→8","SEO26FF"
"Q4015405","계획품","A","X","O","2119000","1","1","0","0","0","감축","핵심설비 계획품이나 소요비활발(λ0.4)→0","SEO26FF"
"Q4015414","보험품","B","X","X","39600","1","1","4","3","118800","발주","비핵심보험[B] μ_LT+SS(Z1.65)=4,상한8→4","SEO26FF"
"Q4015950","계획품","C","X","X","4200000","1","2","0","0","0","감축","계획품 원칙0(비핵심설비→수리일정발주)","SEO26FF"
"Q4015951","계획품","C","X","X","4200000","1","2","0","0","0","감축","계획품 원칙0(비핵심설비→수리일정발주)","SEO26FF"
"Q4015952","계획품","C","X","X","4480000","1","2","0","0","0","감축","계획품 원칙0(비핵심설비→수리일정발주)","SEO26FF"
"Q4015953","계획품","C","X","X","4480000","1","2","0","0","0","감축","계획품 원칙0(비핵심설비→수리일정발주)","SEO26FF"
"Q4017406","계획품","B","X","X","1610500","2","2","0","0","0","감축","계획품 원칙0(비핵심설비→수리일정발주)","SEO26FF"
"Q4020699","보험품","A","X","O","155355","3","3","5","2","310710","발주","핵심보험[A] μ_LT+SS(Z2.05)=5,상한10,기준1→5","SEO26FF"
"Q4026534","계획품","C","X","X","16000","100","100","0","0","0","감축","계획품 원칙0(비핵심설비→수리일정발주)","SEO26FF"
"Q4030002","계획품","B","X","X","850000","4","4","0","0","0","감축","계획품 원칙0(비핵심설비→수리일정발주)","SEO26FF"
"Q4030286","보험품","A","X","O","11500","1","1","1","0","0","유지","핵심보험[A] 소요無→기준1","SEO26FF"
"Q4030636","보험품","A","X","O","12000","1","1","1","0","0","유지","핵심보험[A] 소요無→기준1","SEO26FF"
"Q4033165","계획품","C","X","X","3933000","2","10","0","0","0","감축","계획품 원칙0(비핵심설비→수리일정발주)","SEO26FF"
"Q4034332","보험품","B","X","X","1765000","2","2","2","0","0","유지","비핵심보험[B] μ_LT+SS(Z1.65)=2,상한4→2","SEO26FF"
"Q4037546","계획품","B","X","X","1017533","2","2","0","0","0","감축","계획품 원칙0(비핵심설비→수리일정발주)","SEO26FF"
"Q4041104","보험품","C","X","X","258000","1","1","1","0","0","유지","비핵심보험[C] μ_LT+SS(Z1.28)=1,상한1→1","SEO26FF"
"Q4045098","계획품","C","X","X","79000","2","2","0","0","0","감축","계획품 원칙0(비핵심설비→수리일정발주)","SEO26FF"
"Q4045501","계획품","B","X","X","68000","16","16","0","0","0","감축","계획품 원칙0(비핵심설비→수리일정발주)","SEO26FF"
"Q4045748","계획품","B","X","X","180000","5","5","0","0","0","감축","계획품 원칙0(비핵심설비→수리일정발주)","SEO26FF"
"Q4047391","보험품","B","X","X","4470495","1","1","2","1","4470495","발주","비핵심보험[B] μ_LT+SS(Z1.65)=2,상한4→2","SEO26FF"
"Q4051167","보험품","A","X","O","329000","4","4","3","0","0","감축","핵심보험[A] μ_LT+SS(Z2.05)=3,상한4,기준1→3","SEO26FF"
"Q4057578","계획품","B","X","X","982257","2","2","0","0","0","감축","계획품 원칙0(비핵심설비→수리일정발주)","SEO26FF"
"Q3200485","보험품","C","X","X","600","142","142","8","0","0","감축","비핵심보험[C] μ_LT+SS(Z1.28)=29,상한8→8","SEO26FF"
"Q4073338","보험품","B","X","X","2950000","2","2","2","0","0","유지","비핵심보험[B] μ_LT+SS(Z1.65)=2,상한2→2","SEO26FF"
"Q4079757","계획품","B","X","X","4085000","2","2","0","0","0","감축","계획품 원칙0(비핵심설비→수리일정발주)","SEO26FF"
"Q4080226","계획품","B","X","X","13600000","1","1","0","0","0","감축","계획품 원칙0(비핵심설비→수리일정발주)","SEO26FF"
"Q4080430","계획품","S","X","O","5700000","1","1","0","0","0","감축","핵심설비 계획품이나 소요비활발(λ0.2)→0","SEO26FF"
"Q4084463","보험품","B","X","X","927676","4","4","3","0","0","감축","비핵심보험[B] μ_LT+SS(Z1.65)=3,상한8→3","SEO26FF"
"Q4085105","보험품","B","X","X","9020000","1","1","1","0","0","유지","비핵심보험[B] μ_LT+SS(Z1.65)=1,상한2→1","SEO26FF"
"Q4089851","보험품","A","X","O","16600","2","2","2","0","0","유지","핵심보험[A] μ_LT+SS(Z2.05)=2,상한3,기준1→2","SEO26FF"
"Q4103142","보험품","A","X","O","1593938","1","1","1","0","0","유지","핵심보험[A] 소요無→기준1","SEO26FF"
"Q4104776","계획품","C","X","X","19980000","1","2","0","0","0","감축","계획품 원칙0(비핵심설비→수리일정발주)","SEO26FF"
"Q4034340","계획품","C","X","X","5046","71","141","0","0","0","감축","계획품 원칙0(비핵심설비→수리일정발주)","SEO26FF"
"Q4112995","보험품","A","X","O","27000","4","4","4","0","0","유지","핵심보험[A] μ_LT+SS(Z2.05)=4,상한4,기준1→4","SEO26FF"
"Q4119198","보험품","B","X","X","8031660","1","1","1","0","0","유지","비핵심보험[B] μ_LT+SS(Z1.65)=1,상한2→1","SEO26FF"
"Q4124066","보험품","B","X","X","467112","1","1","2","1","467112","발주","비핵심보험[B] μ_LT+SS(Z1.65)=2,상한2→2","SEO26FF"
"Q4136434","보험품","B","X","X","316390","2","2","2","0","0","유지","비핵심보험[B] μ_LT+SS(Z1.65)=2,상한2→2","SEO26FF"
"Q4140768","보험품","C","X","X","1149100","2","2","2","0","0","유지","비핵심보험[C] μ_LT+SS(Z1.28)=2,상한2→2","SEO26FF"
"Q4140770","보험품","C","X","X","1018100","4","4","2","0","0","감축","비핵심보험[C] μ_LT+SS(Z1.28)=2,상한4→2","SEO26FF"
"Q4156386","보험품","C","X","X","16005","19","19","4","0","0","감축","비핵심보험[C] μ_LT+SS(Z1.28)=4,상한0→4","SEO26FF"
"Q4168315","계획품","B","X","X","746429","1","1","0","0","0","감축","계획품 원칙0(비핵심설비→수리일정발주)","SEO26FF"
"Q4168388","계획품","B","X","X","21109","9","9","0","0","0","감축","계획품 원칙0(비핵심설비→수리일정발주)","SEO26FF"
"Q4169942","보험품","B","X","X","5641350","1","1","2","1","5641350","발주","비핵심보험[B] μ_LT+SS(Z1.65)=2,상한2→2","SEO26FF"
"Q4172575","보험품","C","X","X","27940000","1","2","2","1","27940000","발주","비핵심보험[C] μ_LT+SS(Z1.28)=2,상한4→2","SEO26FF"
"Q4182619","보험품","B","X","X","3704000","1","1","2","1","3704000","발주","비핵심보험[B] μ_LT+SS(Z1.65)=2,상한3→2","SEO26FF"
"Q4188532","보험품","C","X","X","194000","4","4","5","1","194000","발주","비핵심보험[C] μ_LT+SS(Z1.28)=5,상한6→5","SEO26FF"
"Q4189151","보험품","C","X","X","81800","6","6","6","0","0","유지","비핵심보험[C] μ_LT+SS(Z1.28)=6,상한14→6","SEO26FF"
"Q4189150","보험품","C","X","X","75300","4","4","3","0","0","감축","비핵심보험[C] μ_LT+SS(Z1.28)=3,상한4→3","SEO26FF"
"Q4198917","계획품","A","X","O","2368310","2","2","0","0","0","감축","핵심설비 계획품이나 소요비활발(λ0.3)→0","SEO26FF"
"Q4200634","계획품","A","X","X","993869","3","3","0","0","0","감축","계획품 원칙0(비핵심설비→수리일정발주)","SEO26FF"
"Q4203928","보험품","C","X","X","46000000","1","2","1","0","0","유지","비핵심보험[C] μ_LT+SS(Z1.28)=1,상한0→1","SEO26FF"
"Q4204062","보험품","A","X","O","1000000","2","2","1","0","0","감축","핵심보험[A] μ_LT+SS(Z2.05)=1,상한0,기준1→1","SEO26FF"
"Q4204059","보험품","A","X","O","1200000","4","4","4","0","0","유지","핵심보험[A] μ_LT+SS(Z2.05)=4,상한0,기준1→4","SEO26FF"
"Q4204061","보험품","A","X","O","1100000","1","1","1","0","0","유지","핵심보험[A] μ_LT+SS(Z2.05)=1,상한0,기준1→1","SEO26FF"
"Q4204060","보험품","A","X","O","1350000","2","2","2","0","0","유지","핵심보험[A] μ_LT+SS(Z2.05)=2,상한0,기준1→2","SEO26FF"
"Q4208633","계획품","C","X","X","220000","2","2","0","0","0","감축","계획품 원칙0(비핵심설비→수리일정발주)","SEO26FF"
"Q4210315","보험품","B","X","X","3630000","1","1","2","1","3630000","발주","비핵심보험[B] μ_LT+SS(Z1.65)=2,상한3→2","SEO26FF"
"Q4210501","보험품","B","X","X","3503333","1","1","1","0","0","유지","비핵심보험[B] μ_LT+SS(Z1.65)=1,상한1→1","SEO26FF"
"Q4210610","보험품","C","X","X","357000","2","2","2","0","0","유지","비핵심보험[C] μ_LT+SS(Z1.28)=2,상한2→2","SEO26FF"
"Q4210612","보험품","B","X","X","486667","2","2","2","0","0","유지","비핵심보험[B] μ_LT+SS(Z1.65)=2,상한2→2","SEO26FF"
"Q4225250","계획품","C","X","X","725000","1","1","0","0","0","감축","계획품 원칙0(비핵심설비→수리일정발주)","SEO26FF"
"Q4229869","계획품","B","X","X","2490000","2","2","0","0","0","감축","계획품 원칙0(비핵심설비→수리일정발주)","SEO26FF"
"Q4232430","보험품","B","X","X","3295040","1","1","1","0","0","유지","비핵심보험[B] μ_LT+SS(Z1.65)=1,상한1→1","SEO26FF"
"Q4232896","계획품","C","X","X","43000","33","33","0","0","0","감축","계획품 원칙0(비핵심설비→수리일정발주)","SEO26FF"
"Q4232897","계획품","C","X","X","20000","66","66","0","0","0","감축","계획품 원칙0(비핵심설비→수리일정발주)","SEO26FF"
"Q4233153","계획품","A","X","O","278500","4","4","0","0","0","감축","핵심설비 계획품이나 3년무소요→0","SEO26FF"
"Q4239083","보험품","B","X","X","1176409","3","3","3","0","0","유지","비핵심보험[B] μ_LT+SS(Z1.65)=3,상한3→3","SEO26FF"
"Q4245535","보험품","C","X","X","1280000","3","3","1","0","0","감축","비핵심보험[C] μ_LT+SS(Z1.28)=1,상한2→1","SEO26FF"
"Q4245876","보험품","C","X","X","654977","2","3","1","0","0","감축","비핵심보험[C] μ_LT+SS(Z1.28)=1,상한2→1","SEO26FF"
"Q4246475","보험품","C","X","X","389222","2","6","10","8","3113776","발주","비핵심보험[C] μ_LT+SS(Z1.28)=10,상한0→10","SEO26FF"
"Q4251042","계획품","C","X","X","20997","50","50","0","0","0","감축","계획품 원칙0(비핵심설비→수리일정발주)","SEO26FF"
"Q4256411","보험품","B","X","X","154755","4","4","5","1","154755","발주","비핵심보험[B] μ_LT+SS(Z1.65)=5,상한10→5","SEO26FF"
"Q4264097","보험품","C","X","X","110000","5","15","5","0","0","유지","비핵심보험[C] μ_LT+SS(Z1.28)=5,상한0→5","SEO26FF"
"Q4273074","보험품","B","X","X","1150000","2","2","3","1","1150000","발주","비핵심보험[B] μ_LT+SS(Z1.65)=3,상한4→3","SEO26FF"
"Q4278883","계획품","B","X","X","295000","1","1","0","0","0","감축","계획품 원칙0(비핵심설비→수리일정발주)","SEO26FF"
"Q4280135","보험품","C","X","X","9303","16","16","4","0","0","감축","비핵심보험[C] μ_LT+SS(Z1.28)=4,상한0→4","SEO26FF"
"Q4283104","보험품","B","X","X","895839","1","1","2","1","895839","발주","비핵심보험[B] μ_LT+SS(Z1.65)=2,상한4→2","SEO26FF"
"Q4295492","계획품","B","X","X","260514","3","3","0","0","0","감축","핵심설비 계획품이나 소요비활발(λ0.1)→0","SEO26FF"
"Q4102245","보험품","C","X","X","138518","6","14","0","0","0","감축","비핵심보험[C] 소요無→0","SEO26FF"
"Q3401267","보험품","C","X","X","93318","2","7","0","0","0","감축","비핵심보험[C] 소요無→0","SEO26FF"
"Q4308842","계획품","C","X","O","205340","1","2","0","0","0","감축","핵심설비 계획품이나 3년무소요→0","SEO26FF"
"Q4310783","계획품","S","X","O","17539","2","2","0","0","0","감축","핵심설비 계획품이나 3년무소요→0","SEO26FF"
"Q4312812","보험품","B","X","X","2480000","1","1","1","0","0","유지","비핵심보험[B] μ_LT+SS(Z1.65)=1,상한1→1","SEO26FF"
"Q4321160","보험품","B","X","X","4850000","1","1","1","0","0","유지","비핵심보험[B] μ_LT+SS(Z1.65)=1,상한1→1","SEO26FF"
"Q4327789","보험품","B","X","X","2100000","1","1","2","1","2100000","발주","비핵심보험[B] μ_LT+SS(Z1.65)=2,상한2→2","SEO26FF"
"Q4336678","보험품","B","X","X","7354160","1","1","1","0","0","유지","비핵심보험[B] μ_LT+SS(Z1.65)=1,상한2→1","SEO26FF"
"Q4342710","계획품","B","X","X","2791","20","20","0","0","0","감축","계획품 원칙0(비핵심설비→수리일정발주)","SEO26FF"
"Q4347498","계획품","A","X","O","125000","1","1","0","0","0","감축","핵심설비 계획품이나 3년무소요→0","SEO26FF"
"Q4348128","보험품","B","X","X","3220","400","400","0","0","0","감축","비핵심보험[B] 소요無→0","SEO26FF"
"Q4349846","계획품","C","X","X","35800000","6","8","0","0","0","감축","계획품 원칙0(비핵심설비→수리일정발주)","SEO26FF"
"Q4354776","계획품","C","X","X","183980","12","12","0","0","0","감축","계획품 원칙0(비핵심설비→수리일정발주)","SEO26FF"
"Q4357975","보험품","B","X","X","3802490","1","1","3","2","7604980","발주","비핵심보험[B] μ_LT+SS(Z1.65)=3,상한10→3","SEO26FF"
"Q4383840","계획품","B","X","X","1870000","1","1","0","0","0","감축","계획품 원칙0(비핵심설비→수리일정발주)","SEO26FF"
"Q4383841","계획품","B","X","X","1680000","2","2","0","0","0","감축","계획품 원칙0(비핵심설비→수리일정발주)","SEO26FF"
"Q4384099","보험품","C","X","X","904166","2","3","3","1","904166","발주","비핵심보험[C] μ_LT+SS(Z1.28)=3,상한0→3","SEO26FF"
"Q4386124","보험품","S","X","O","8923590","2","2","3","1","8923590","발주","핵심보험[S] μ_LT+SS(Z2.58)=3,상한4,기준1→3","SEO26FF"
"Q4390457","보험품","B","X","X","17928000","2","2","2","0","0","유지","비핵심보험[B] μ_LT+SS(Z1.65)=2,상한2→2","SEO26FF"
"Q4390712","계획품","B","X","X","17212690","1","1","0","0","0","감축","계획품 원칙0(비핵심설비→수리일정발주)","SEO26FF"
"Q4394089","보험품","B","X","X","3970000","1","1","1","0","0","유지","비핵심보험[B] μ_LT+SS(Z1.65)=1,상한1→1","SEO26FF"
"Q4398385","보험품","B","X","X","7049560","1","1","1","0","0","유지","비핵심보험[B] μ_LT+SS(Z1.65)=1,상한0→1","SEO26FF"
"Q4403031","보험품","C","X","X","87355","4","4","2","0","0","감축","비핵심보험[C] μ_LT+SS(Z1.28)=2,상한2→2","SEO26FF"
"Q4410007","보험품","C","X","X","43000","6","6","3","0","0","감축","비핵심보험[C] μ_LT+SS(Z1.28)=3,상한6→3","SEO26FF"
"Q4412119","보험품","A","X","O","81019","2","2","1","0","0","감축","핵심보험[A] μ_LT+SS(Z2.05)=1,상한0,기준1→1","SEO26FF"
"Q4412288","계획품","A","X","O","2500000","2","2","0","0","0","감축","핵심설비 계획품이나 3년무소요→0","SEO26FF"
"Q4412576","계획품","C","X","X","11850000","1","1","0","0","0","감축","계획품 원칙0(비핵심설비→수리일정발주)","SEO26FF"
"Q4416013","계획품","A","X","O","250000","1","1","0","0","0","감축","핵심설비 계획품이나 3년무소요→0","SEO26FF"
"Q4416076","계획품","B","X","X","975000","2","2","0","0","0","감축","계획품 원칙0(비핵심설비→수리일정발주)","SEO26FF"
"Q4416082","계획품","B","X","X","600000","1","1","0","0","0","감축","계획품 원칙0(비핵심설비→수리일정발주)","SEO26FF"
"Q4418347","계획품","B","X","X","51170000","1","1","0","0","0","감축","계획품 원칙0(비핵심설비→수리일정발주)","SEO26FF"
"Q4419677","계획품","A","X","O","800000","4","4","0","0","0","감축","핵심설비 계획품이나 3년무소요→0","SEO26FF"
"Q4419678","계획품","C","X","X","863000","3","3","0","0","0","감축","계획품 원칙0(비핵심설비→수리일정발주)","SEO26FF"
"Q4423761","계획품","B","X","X","935000","2","2","0","0","0","감축","계획품 원칙0(비핵심설비→수리일정발주)","SEO26FF"
"Q4435466","보험품","C","X","X","341000","4","4","4","0","0","유지","비핵심보험[C] μ_LT+SS(Z1.28)=4,상한8→4","SEO26FF"
"Q4439263","보험품","C","X","O","11500000","1","2","1","0","0","유지","핵심보험[C] μ_LT+SS(Z1.28)=1,상한2,기준1→1","SEO26FF"
"Q4439264","보험품","C","X","O","11900000","1","2","1","0","0","유지","핵심보험[C] μ_LT+SS(Z1.28)=1,상한2,기준1→1","SEO26FF"
"Q4439265","보험품","A","X","O","11900000","1","1","2","1","11900000","발주","핵심보험[A] μ_LT+SS(Z2.05)=2,상한2,기준1→2","SEO26FF"
"Q4439266","보험품","S","X","O","14806000","1","1","2","1","14806000","발주","핵심보험[S] μ_LT+SS(Z2.58)=3,상한2,기준1→2","SEO26FF"
"Q4439269","보험품","C","X","X","9990000","1","2","1","0","0","유지","비핵심보험[C] μ_LT+SS(Z1.28)=1,상한2→1","SEO26FF"
"Q4439270","보험품","B","X","X","1378541","1","1","1","0","0","유지","비핵심보험[B] μ_LT+SS(Z1.65)=1,상한1→1","SEO26FF"
"Q4443501","보험품","C","X","X","8000","6","6","6","0","0","유지","비핵심보험[C] μ_LT+SS(Z1.28)=6,상한6→6","SEO26FF"
"Q4444346","계획품","C","X","X","180000","1","1","0","0","0","감축","계획품 원칙0(비핵심설비→수리일정발주)","SEO26FF"
"Q4450272","보험품","C","X","X","3800000","1","1","1","0","0","유지","비핵심보험[C] μ_LT+SS(Z1.28)=1,상한1→1","SEO26FF"
"Q4453988","보험품","B","X","X","8726315","1","1","1","0","0","유지","비핵심보험[B] μ_LT+SS(Z1.65)=1,상한1→1","SEO26FF"
"Q4459402","보험품","B","X","X","400000","2","2","2","0","0","유지","비핵심보험[B] μ_LT+SS(Z1.65)=2,상한2→2","SEO26FF"
"Q4460076","보험품","A","X","O","2685000","1","1","1","0","0","유지","핵심보험[A] μ_LT+SS(Z2.05)=1,상한1,기준1→1","SEO26FF"
"Q4465267","보험품","B","X","X","13900000","1","1","2","1","13900000","발주","비핵심보험[B] μ_LT+SS(Z1.65)=2,상한2→2","SEO26FF"
"Q4468493","계획품","A","X","O","199680","2","2","0","0","0","감축","핵심설비 계획품이나 3년무소요→0","SEO26FF"
"Q4468503","계획품","B","X","X","763840","1","1","0","0","0","감축","계획품 원칙0(비핵심설비→수리일정발주)","SEO26FF"
"Q4468504","계획품","B","X","X","763840","1","1","0","0","0","감축","계획품 원칙0(비핵심설비→수리일정발주)","SEO26FF"
"Q4470227","계획품","A","X","O","99290","1","1","0","0","0","감축","핵심설비 계획품이나 3년무소요→0","SEO26FF"
"Q4471030","계획품","B","X","X","1462350","1","1","0","0","0","감축","계획품 원칙0(비핵심설비→수리일정발주)","SEO26FF"
"Q4471765","보험품","B","X","X","2420000","1","1","1","0","0","유지","비핵심보험[B] μ_LT+SS(Z1.65)=1,상한1→1","SEO26FF"
"QS414625","보험품","C","X","X","667781","10","33","4","0","0","감축","비핵심보험[C] μ_LT+SS(Z1.28)=4,상한13→4","SEO26FF"
"Q4474243","계획품","C","X","X","550700","1","1","0","0","0","감축","계획품 원칙0(비핵심설비→수리일정발주)","SEO26FF"
"Q4480769","보험품","B","X","X","3976000","2","2","2","0","0","유지","비핵심보험[B] μ_LT+SS(Z1.65)=2,상한2→2","SEO26FF"
"Q4485045","보험품","B","X","X","730000","1","1","1","0","0","유지","비핵심보험[B] μ_LT+SS(Z1.65)=1,상한1→1","SEO26FF"
"Q4485080","보험품","B","X","X","12883750","1","1","1","0","0","유지","비핵심보험[B] μ_LT+SS(Z1.65)=1,상한2→1","SEO26FF"
"Q4485081","보험품","B","X","X","11646910","1","1","1","0","0","유지","비핵심보험[B] μ_LT+SS(Z1.65)=1,상한2→1","SEO26FF"
"Q4485087","보험품","B","X","X","620000","1","1","1","0","0","유지","비핵심보험[B] μ_LT+SS(Z1.65)=1,상한1→1","SEO26FF"
"Q4493662","보험품","B","X","X","1200000","2","2","2","0","0","유지","비핵심보험[B] μ_LT+SS(Z1.65)=2,상한2→2","SEO26FF"
"Q4497103","보험품","B","X","X","100000","4","4","1","0","0","감축","비핵심보험[B] μ_LT+SS(Z1.65)=1,상한1→1","SEO26FF"
"Q4499010","보험품","C","X","X","36657320","4","5","1","0","0","감축","비핵심보험[C] μ_LT+SS(Z1.28)=1,상한2→1","SEO26FF"
"Q4501966","보험품","A","X","O","32000","8","8","1","0","0","감축","핵심보험[A] 소요無→기준1","SEO26FF"
"Q4503767","보험품","A","X","O","115326","15","15","8","0","0","감축","핵심보험[A] μ_LT+SS(Z2.05)=8,상한15,기준1→8","SEO26FF"
"Q4503770","계획품","A","X","O","41188","10","10","0","0","0","감축","핵심설비 계획품이나 3년무소요→0","SEO26FF"
"Q4504475","보험품","A","X","O","630000","1","1","1","0","0","유지","핵심보험[A] μ_LT+SS(Z2.05)=1,상한1,기준1→1","SEO26FF"
"Q4504476","보험품","A","X","O","490000","2","2","2","0","0","유지","핵심보험[A] μ_LT+SS(Z2.05)=2,상한2,기준1→2","SEO26FF"
"Q4504478","보험품","A","X","O","420000","2","2","2","0","0","유지","핵심보험[A] μ_LT+SS(Z2.05)=2,상한2,기준1→2","SEO26FF"
"QS418165","보험품","B","X","X","65000000","1","1","2","1","65000000","발주","비핵심보험[B] μ_LT+SS(Z1.65)=2,상한2→2","SEO26FF"
"Q4515205","보험품","A","X","O","15061","20","20","36","16","240976","발주","핵심보험[A] μ_LT+SS(Z2.05)=36,상한0,기준1→36","SEO26FF"
"Q4515206","보험품","A","X","O","21083","8","8","8","0","0","유지","핵심보험[A] μ_LT+SS(Z2.05)=8,상한0,기준1→8","SEO26FF"
"Q4515573","보험품","C","X","X","2650000","2","3","2","0","0","유지","비핵심보험[C] μ_LT+SS(Z1.28)=2,상한2→2","SEO26FF"
"Q4517465","보험품","B","X","X","845000","2","2","2","0","0","유지","비핵심보험[B] μ_LT+SS(Z1.65)=2,상한2→2","SEO26FF"
"Q4517801","보험품","B","X","X","795000","6","6","6","0","0","유지","비핵심보험[B] μ_LT+SS(Z1.65)=6,상한6→6","SEO26FF"
"Q4524604","보험품","B","X","X","4300000","1","1","1","0","0","유지","비핵심보험[B] μ_LT+SS(Z1.65)=1,상한1→1","SEO26FF"
"Q4524949","보험품","B","X","X","1100000","2","2","2","0","0","유지","비핵심보험[B] μ_LT+SS(Z1.65)=2,상한2→2","SEO26FF"
"Q4530897","보험품","B","X","X","920000","1","1","0","0","0","감축","비핵심보험[B] 소요無→0","SEO26FF"
"Q4531078","계획품","B","X","X","1370000","3","3","0","0","0","감축","계획품 원칙0(비핵심설비→수리일정발주)","SEO26FF"
"Q4532058","보험품","B","X","X","630000","1","1","1","0","0","유지","비핵심보험[B] μ_LT+SS(Z1.65)=2,상한1→1","SEO26FF"
"Q4535892","계획품","S","X","O","31900000","2","2","0","0","0","감축","핵심설비 계획품이나 소요비활발(λ0.8)→0","SEO26FF"
"Q4535894","계획품","S","X","O","31900000","2","2","0","0","0","감축","핵심설비 계획품이나 소요비활발(λ0.8)→0","SEO26FF"
"Q4535900","계획품","S","X","O","41000000","1","1","0","0","0","감축","핵심설비 계획품이나 소요비활발(λ0.3)→0","SEO26FF"
"Q4535902","계획품","S","X","O","41000000","1","1","0","0","0","감축","핵심설비 계획품이나 3년무소요→0","SEO26FF"
"Q4536719","보험품","B","X","X","870000","4","4","4","0","0","유지","비핵심보험[B] μ_LT+SS(Z1.65)=4,상한0→4","SEO26FF"
"Q4537595","계획품","C","X","X","5297586","2","3","0","0","0","감축","계획품 원칙0(비핵심설비→수리일정발주)","SEO26FF"
"Q4541491","보험품","B","X","X","875000","2","2","8","6","5250000","발주","비핵심보험[B] μ_LT+SS(Z1.65)=8,상한32→8","SEO26FF"
"Q4541492","보험품","B","X","X","875000","2","2","8","6","5250000","발주","비핵심보험[B] μ_LT+SS(Z1.65)=8,상한32→8","SEO26FF"
"Q4543363","보험품","B","X","X","3300000","1","1","0","0","0","감축","비핵심보험[B] 소요無→0","SEO26FF"
"Q4546235","보험품","C","X","X","711183","1","2","1","0","0","유지","비핵심보험[C] μ_LT+SS(Z1.28)=1,상한1→1","SEO26FF"
"Q4548256","계획품","B","X","X","465000","1","1","0","0","0","감축","계획품 원칙0(비핵심설비→수리일정발주)","SEO26FF"
"Q4548258","계획품","B","X","X","475000","1","1","0","0","0","감축","계획품 원칙0(비핵심설비→수리일정발주)","SEO26FF"
"Q4548259","계획품","B","X","X","485000","1","1","0","0","0","감축","계획품 원칙0(비핵심설비→수리일정발주)","SEO26FF"
"Q4548260","계획품","B","X","X","570000","1","1","0","0","0","감축","계획품 원칙0(비핵심설비→수리일정발주)","SEO26FF"
"Q4551506","계획품","B","X","X","13700000","1","1","0","0","0","감축","계획품 원칙0(비핵심설비→수리일정발주)","SEO26FF"
"Q4551507","보험품","B","X","X","12500000","1","1","1","0","0","유지","비핵심보험[B] μ_LT+SS(Z1.65)=1,상한0→1","SEO26FF"
"Q4559574","보험품","B","X","X","400000","6","6","6","0","0","유지","비핵심보험[B] μ_LT+SS(Z1.65)=6,상한0→6","SEO26FF"
"Q4559575","보험품","B","X","X","400000","3","3","3","0","0","유지","비핵심보험[B] μ_LT+SS(Z1.65)=3,상한0→3","SEO26FF"
"Q4559600","보험품","B","X","X","409909","3","3","2","0","0","감축","비핵심보험[B] μ_LT+SS(Z1.65)=2,상한2→2","SEO26FF"
"Q4559686","보험품","B","X","X","1180000","3","3","3","0","0","유지","비핵심보험[B] μ_LT+SS(Z1.65)=3,상한0→3","SEO26FF"
"Q4562126","보험품","C","X","X","910000","1","1","1","0","0","유지","비핵심보험[C] μ_LT+SS(Z1.28)=2,상한1→1","SEO26FF"
"Q4562194","보험품","B","X","X","946000","1","1","1","0","0","유지","비핵심보험[B] μ_LT+SS(Z1.65)=1,상한1→1","SEO26FF"
"Q4572470","보험품","C","X","X","363895","1","1","1","0","0","유지","비핵심보험[C] μ_LT+SS(Z1.28)=1,상한1→1","SEO26FF"
"Q4572473","보험품","B","X","X","634217","1","1","1","0","0","유지","비핵심보험[B] μ_LT+SS(Z1.65)=1,상한1→1","SEO26FF"
"Q4573456","보험품","B","X","X","660000","1","1","0","0","0","감축","비핵심보험[B] 소요無→0","SEO26FF"
"Q4575867","보험품","B","X","X","363000","1","1","1","0","0","유지","비핵심보험[B] μ_LT+SS(Z1.65)=1,상한1→1","SEO26FF"
"Q4576432","보험품","C","X","X","1350000","4","4","2","0","0","감축","비핵심보험[C] μ_LT+SS(Z1.28)=2,상한2→2","SEO26FF"
"Q4576623","보험품","C","X","X","1541000","1","1","1","0","0","유지","비핵심보험[C] μ_LT+SS(Z1.28)=1,상한0→1","SEO26FF"
"Q4576624","보험품","C","X","X","1543000","1","1","1","0","0","유지","비핵심보험[C] μ_LT+SS(Z1.28)=1,상한1→1","SEO26FF"
"Q4582819","보험품","C","X","X","1605534","1","18","1","0","0","유지","비핵심보험[C] μ_LT+SS(Z1.28)=1,상한1→1","SEO26FF"
"Q4585577","보험품","C","X","O","130000","3","7","1","0","0","감축","핵심보험[C] 소요無→기준1","SEO26FF"
"Q4585578","보험품","C","X","X","59000","5","5","0","0","0","감축","비핵심보험[C] 소요無→0","SEO26FF"
"Q4587154","보험품","S","X","O","13399100","5","5","5","0","0","유지","핵심보험[S] μ_LT+SS(Z2.58)=5,상한5,기준1→5","SEO26FF"
"Q4588343","보험품","B","X","X","98870000","1","1","1","0","0","유지","비핵심보험[B] μ_LT+SS(Z1.65)=1,상한0→1","SEO26FF"
"Q4590955","보험품","B","X","X","1700000","2","2","2","0","0","유지","비핵심보험[B] μ_LT+SS(Z1.65)=2,상한2→2","SEO26FF"
"Q4597580","보험품","A","X","O","100911","30","30","30","0","0","유지","핵심보험[A] μ_LT+SS(Z2.05)=30,상한30,기준1→30","SEO26FF"
"Q4598537","보험품","B","X","X","19269375","1","1","1","0","0","유지","비핵심보험[B] μ_LT+SS(Z1.65)=1,상한2→1","SEO26FF"
"Q4605205","보험품","B","X","X","1350000","2","2","0","0","0","감축","비핵심보험[B] 소요無→0","SEO26FF"
"Q4605206","보험품","B","X","X","586000","2","2","0","0","0","감축","비핵심보험[B] 소요無→0","SEO26FF"
"Q4606740","보험품","C","X","X","3101","28","28","7","0","0","감축","비핵심보험[C] μ_LT+SS(Z1.28)=7,상한0→7","SEO26FF"
"Q4610709","계획품","C","X","X","19000","10","10","0","0","0","감축","계획품 원칙0(비핵심설비→수리일정발주)","SEO26FF"
"Q4611811","보험품","C","X","X","135000","4","4","0","0","0","감축","비핵심보험[C] 소요無→0","SEO26FF"
"Q4612557","보험품","B","X","X","2774790","2","2","2","0","0","유지","비핵심보험[B] μ_LT+SS(Z1.65)=2,상한0→2","SEO26FF"
"Q4616814","보험품","B","X","X","304057","2","2","0","0","0","감축","비핵심보험[B] 소요無→0","SEO26FF"
"Q4625628","보험품","B","X","X","27439590","1","1","1","0","0","유지","비핵심보험[B] μ_LT+SS(Z1.65)=1,상한1→1","SEO26FF"
"Q4625646","보험품","B","X","X","39463680","1","1","1","0","0","유지","비핵심보험[B] μ_LT+SS(Z1.65)=1,상한1→1","SEO26FF"
"Q4626564","계획품","C","X","X","538","150","150","0","0","0","감축","계획품 원칙0(비핵심설비→수리일정발주)","SEO26FF"
"Q4627208","계획품","B","X","X","17212690","1","1","0","0","0","감축","계획품 원칙0(비핵심설비→수리일정발주)","SEO26FF"
"Q4653124","보험품","B","X","X","9688580","2","2","1","0","0","감축","비핵심보험[B] μ_LT+SS(Z1.65)=1,상한1→1","SEO26FF"
"Q4635563","보험품","C","X","X","18000","10","10","0","0","0","감축","비핵심보험[C] 소요無→0","SEO26FF"
"Q4636078","보험품","C","X","X","124044","20","20","0","0","0","감축","비핵심보험[C] 소요無→0","SEO26FF"
"Q4635441","보험품","C","X","X","35000","2","2","0","0","0","감축","비핵심보험[C] 소요無→0","SEO26FF"
"Q4642447","보험품","C","X","X","1080000","1","1","0","0","0","감축","비핵심보험[C] 소요無→0","SEO26FF"
"Q4662921","보험품","B","X","X","13000","8","8","0","0","0","감축","비핵심보험[B] 소요無→0","SEO26FF"
"Q4663525","계획품","C","X","X","116356","3","3","0","0","0","감축","계획품 원칙0(비핵심설비→수리일정발주)","SEO26FF"
"Q4652294","보험품","B","X","X","4145000","2","2","2","0","0","유지","비핵심보험[B] μ_LT+SS(Z1.65)=2,상한2→2","SEO26FF"
"Q4640645","보험품","C","X","X","840000","3","3","1","0","0","감축","비핵심보험[C] μ_LT+SS(Z1.28)=1,상한0→1","SEO26FF"
"Q4671514","보험품","B","X","X","1800000","1","1","0","0","0","감축","비핵심보험[B] 소요無→0","SEO26FF"
"Q4659090","계획품","B","X","X","17400000","1","1","0","0","0","감축","계획품 원칙0(비핵심설비→수리일정발주)","SEO26FF"
"Q4675700","보험품","B","X","X","1015000","1","1","0","0","0","감축","비핵심보험[B] 소요無→0","SEO26FF"
"Q4676007","계획품","A","X","O","2009865","1","1","1","0","0","유지","핵심설비계획품 소요활발(λ4.6)→소량1","SEO26FF"
"Q4668630","보험품","B","X","X","134000","1","1","0","0","0","감축","비핵심보험[B] 소요無→0","SEO26FF"
"Q4668643","보험품","B","X","X","5840000","1","1","0","0","0","감축","비핵심보험[B] 소요無→0","SEO26FF"
"Q4670923","보험품","C","X","X","99000","1","1","0","0","0","감축","비핵심보험[C] 소요無→0","SEO26FF"
"QS429155","보험품","C","X","O","14300000","1","3","1","0","0","유지","핵심보험[C] μ_LT+SS(Z1.28)=1,상한0,기준1→1","SEO26FF"
"Q4677113","보험품","B","X","X","5820000","2","2","0","0","0","감축","비핵심보험[B] 소요無→0","SEO26FF"
"Q4679740","계획품","C","X","X","95000","3","6","0","0","0","감축","계획품 원칙0(비핵심설비→수리일정발주)","SEO26FF"
"Q4681514","계획품","B","X","X","806286","8","8","0","0","0","감축","계획품 원칙0(비핵심설비→수리일정발주)","SEO26FF"
"Q4681315","계획품","B","X","X","10625000","1","1","0","0","0","감축","계획품 원칙0(비핵심설비→수리일정발주)","SEO26FF"
"Q4704375","계획품","B","X","X","48000000","1","1","0","0","0","감축","계획품 원칙0(비핵심설비→수리일정발주)","SEO26FF"
"Q4686594","보험품","A","X","O","355000","2","2","1","0","0","감축","핵심보험[A] 소요無→기준1","SEO26FF"
"Q4691588","보험품","B","X","X","5250000","1","1","0","0","0","감축","비핵심보험[B] 소요無→0","SEO26FF"
"Q4696404","계획품","B","X","X","870000","2","2","0","0","0","감축","계획품 원칙0(비핵심설비→수리일정발주)","SEO26FF"
"Q4697155","계획품","B","X","X","52616700","1","1","0","0","0","감축","계획품 원칙0(비핵심설비→수리일정발주)","SEO26FF"
"Q4709438","계획품","A","X","O","15693210","2","2","0","0","0","감축","핵심설비 계획품이나 3년무소요→0","SEO26FF"
"Q4695959","계획품","B","X","X","9490000","1","1","0","0","0","감축","계획품 원칙0(비핵심설비→수리일정발주)","SEO26FF"
"Q4695963","계획품","B","X","X","9490000","1","1","0","0","0","감축","계획품 원칙0(비핵심설비→수리일정발주)","SEO26FF"
"Q4695964","계획품","B","X","X","9490000","1","1","0","0","0","감축","계획품 원칙0(비핵심설비→수리일정발주)","SEO26FF"
"Q4695965","계획품","B","X","X","9490000","1","1","0","0","0","감축","계획품 원칙0(비핵심설비→수리일정발주)","SEO26FF"
"Q4709544","계획품","B","X","X","2000000","3","3","0","0","0","감축","계획품 원칙0(비핵심설비→수리일정발주)","SEO26FF"
"Q4709545","계획품","B","X","X","2000000","4","4","0","0","0","감축","계획품 원칙0(비핵심설비→수리일정발주)","SEO26FF"
"Q4688109","보험품","B","X","X","925973","1","1","0","0","0","감축","비핵심보험[B] 소요無→0","SEO26FF"
"Q4699400","보험품","C","X","X","16340430","2","3","0","0","0","감축","비핵심보험[C] 소요無→0","SEO26FF"
"Q4699194","계획품","B","X","X","515350","2","2","0","0","0","감축","계획품 원칙0(비핵심설비→수리일정발주)","SEO26FF"
"Q4698941","계획품","A","X","O","38000","2","2","1","0","0","감축","핵심설비계획품 소요활발(λ24.2)→소량1","SEO26FF"
"Q4712148","계획품","B","X","X","380989","1","1","0","0","0","감축","계획품 원칙0(비핵심설비→수리일정발주)","SEO26FF"
"Q4712149","계획품","B","X","X","581781","1","1","0","0","0","감축","계획품 원칙0(비핵심설비→수리일정발주)","SEO26FF"
"Q4712150","계획품","B","X","X","1714451","1","1","0","0","0","감축","계획품 원칙0(비핵심설비→수리일정발주)","SEO26FF"
"Q4712151","계획품","C","X","X","1122373","1","1","0","0","0","감축","계획품 원칙0(비핵심설비→수리일정발주)","SEO26FF"
"Q4712152","계획품","B","X","X","844354","1","1","0","0","0","감축","계획품 원칙0(비핵심설비→수리일정발주)","SEO26FF"
"Q4712503","계획품","B","X","X","25160000","1","1","0","0","0","감축","계획품 원칙0(비핵심설비→수리일정발주)","SEO26FF"
"Q4712672","계획품","A","X","O","25860000","1","1","0","0","0","감축","핵심설비 계획품이나 3년무소요→0","SEO26FF"
"Q4716626","계획품","C","X","X","280000","40","40","0","0","0","감축","계획품 원칙0(비핵심설비→수리일정발주)","SEO26FF"
"Q4716627","계획품","C","X","X","280000","40","40","0","0","0","감축","계획품 원칙0(비핵심설비→수리일정발주)","SEO26FF"
"Q4702499","계획품","C","X","X","462000","2","2","0","0","0","감축","계획품 원칙0(비핵심설비→수리일정발주)","SEO26FF"
"Q4702501","계획품","C","X","X","515000","10","10","0","0","0","감축","계획품 원칙0(비핵심설비→수리일정발주)","SEO26FF"
"Q4702503","계획품","B","X","X","1480000","1","1","0","0","0","감축","계획품 원칙0(비핵심설비→수리일정발주)","SEO26FF"
"Q4702505","계획품","C","X","X","505000","2","2","0","0","0","감축","계획품 원칙0(비핵심설비→수리일정발주)","SEO26FF"
"Q4702518","계획품","B","X","X","2540000","1","1","0","0","0","감축","계획품 원칙0(비핵심설비→수리일정발주)","SEO26FF"
"Q4702521","계획품","B","X","X","2540000","1","1","0","0","0","감축","계획품 원칙0(비핵심설비→수리일정발주)","SEO26FF"
"Q4702522","계획품","B","X","X","2480000","1","1","0","0","0","감축","계획품 원칙0(비핵심설비→수리일정발주)","SEO26FF"
"Q4702525","계획품","B","X","X","1510000","1","1","0","0","0","감축","계획품 원칙0(비핵심설비→수리일정발주)","SEO26FF"
"Q4702528","계획품","B","X","X","2540000","1","1","0","0","0","감축","계획품 원칙0(비핵심설비→수리일정발주)","SEO26FF"
"Q4702532","계획품","B","X","X","1510000","1","1","0","0","0","감축","계획품 원칙0(비핵심설비→수리일정발주)","SEO26FF"
"Q4702536","계획품","B","X","X","1480000","1","1","0","0","0","감축","계획품 원칙0(비핵심설비→수리일정발주)","SEO26FF"
"Q4701430","계획품","C","X","X","2100000","6","6","0","0","0","감축","계획품 원칙0(비핵심설비→수리일정발주)","SEO26FF"
"Q4700741","보험품","B","X","X","378000","1","1","0","0","0","감축","비핵심보험[B] 소요無→0","SEO26FF"
"Q4700628","계획품","B","X","X","1863000","1","1","0","0","0","감축","계획품 원칙0(비핵심설비→수리일정발주)","SEO26FF"
"Q4700632","계획품","B","X","X","48584","2","2","0","0","0","감축","계획품 원칙0(비핵심설비→수리일정발주)","SEO26FF"
"Q4700633","계획품","B","X","X","68224","2","2","0","0","0","감축","계획품 원칙0(비핵심설비→수리일정발주)","SEO26FF"
"Q4700636","계획품","B","X","X","2900000","1","1","0","0","0","감축","계획품 원칙0(비핵심설비→수리일정발주)","SEO26FF"
"Q4710841","계획품","B","X","X","21000","10","10","0","0","0","감축","계획품 원칙0(비핵심설비→수리일정발주)","SEO26FF"
"Q4711186","계획품","C","X","X","39000","1","1","0","0","0","감축","계획품 원칙0(비핵심설비→수리일정발주)","SEO26FF"
"Q4711077","계획품","B","X","X","3870000","1","1","0","0","0","감축","계획품 원칙0(비핵심설비→수리일정발주)","SEO26FF"
"Q4711472","계획품","B","X","X","3838000","1","1","0","0","0","감축","계획품 원칙0(비핵심설비→수리일정발주)","SEO26FF"
"Q4711473","계획품","C","X","X","2922800","2","2","0","0","0","감축","계획품 원칙0(비핵심설비→수리일정발주)","SEO26FF"
"Q4693469","계획품","B","X","X","770000","1","1","0","0","0","감축","계획품 원칙0(비핵심설비→수리일정발주)","SEO26FF"
"Q4694508","계획품","B","X","X","50000","42","42","0","0","0","감축","계획품 원칙0(비핵심설비→수리일정발주)","SEO26FF"
"Q4693461","계획품","B","X","X","1540000","1","1","0","0","0","감축","계획품 원칙0(비핵심설비→수리일정발주)","SEO26FF"
"Q4693466","계획품","B","X","X","1078000","1","1","0","0","0","감축","계획품 원칙0(비핵심설비→수리일정발주)","SEO26FF"
"Q1000737","보험품","S","O","X","760000","0","3","1","1","760000","발주","핵심보험[S] μ_LT+SS(Z2.58)=1,상한1,기준1→1","SEO26FF"
"Q1000745","보험품","S","O","X","1220000","2","2","4","2","2440000","발주","핵심보험[S] μ_LT+SS(Z2.58)=4,상한6,기준2→4","SEO26FF"
"Q1000781","보험품","S","O","X","5456724","0","0","2","2","10913448","발주","핵심보험[S] μ_LT+SS(Z2.58)=2,상한2,기준2→2","SEO26FF"
"Q1000971","보험품","S","O","X","3567054","0","3","1","1","3567054","발주","핵심보험[S] 소요無→기준1","SEO26FF"
"Q1032374","보험품","S","O","X","208614","0","1","3","3","625842","발주","핵심보험[S] μ_LT+SS(Z2.58)=3,상한4,기준2→3","SEO26FF"
"Q1039284","보험품","S","O","X","5435000","0","1","2","2","10870000","발주","핵심보험[S] μ_LT+SS(Z2.58)=2,상한2,기준1→2","SEO26FF"
"Q1039371","보험품","S","O","X","1179555","1","1","2","1","1179555","발주","핵심보험[S] μ_LT+SS(Z2.58)=2,상한2,기준1→2","SEO26FF"
"Q1040012","보험품","S","O","X","6820905","0","0","2","2","13641810","발주","핵심보험[S] μ_LT+SS(Z2.58)=2,상한1,기준2→2","SEO26FF"
"Q1040224","보험품","S","O","X","8936000","0","0","2","2","17872000","발주","핵심보험[S] μ_LT+SS(Z2.58)=2,상한1,기준2→2","SEO26FF"
"Q1040225","보험품","S","O","X","5261841","0","0","2","2","10523682","발주","핵심보험[S] μ_LT+SS(Z2.58)=2,상한2,기준2→2","SEO26FF"
"Q1040312","보험품","S","O","X","1120000","0","1","4","4","4480000","발주","핵심보험[S] μ_LT+SS(Z2.58)=4,상한4,기준1→4","SEO26FF"
"Q1042306","보험품","S","O","X","205000","3","8","3","0","0","유지","핵심보험[S] μ_LT+SS(Z2.58)=3,상한4,기준1→3","SEO26FF"
"Q1042421","보험품","S","O","X","5550000","0","0","1","1","5550000","발주","핵심보험[S] 소요無→기준1","SEO26FF"
"Q1048997","보험품","S","O","X","2149164","2","4","1","0","0","감축","핵심보험[S] 소요無→기준1","SEO26FF"
"Q1049004","보험품","S","O","X","3016846","0","6","1","1","3016846","발주","핵심보험[S] 소요無→기준1","SEO26FF"
"Q1071793","보험품","S","O","X","76349","0","0","25","25","1908725","발주","핵심보험[S] μ_LT+SS(Z2.58)=25,상한44,기준6→25","SEO26FF"
"Q1073119","보험품","S","O","X","6502210","0","0","1","1","6502210","발주","핵심보험[S] μ_LT+SS(Z2.58)=1,상한2,기준1→1","SEO26FF"
"Q1073185","보험품","S","O","X","74104","0","0","24","24","1778496","발주","핵심보험[S] μ_LT+SS(Z2.58)=24,상한28,기준6→24","SEO26FF"
"Q1073416","보험품","S","O","X","76349","0","0","24","24","1832376","발주","핵심보험[S] μ_LT+SS(Z2.58)=24,상한30,기준6→24","SEO26FF"
"Q1073453","보험품","S","O","X","76349","0","0","21","21","1603329","발주","핵심보험[S] μ_LT+SS(Z2.58)=21,상한30,기준6→21","SEO26FF"
"Q1074634","보험품","S","O","X","63152000","0","1","2","2","126304000","발주","핵심보험[S] μ_LT+SS(Z2.58)=1,상한1,기준2→2","SEO26FF"
"Q1074772","보험품","S","O","X","52155000","0","4","4","4","208620000","발주","핵심보험[S] 소요無→기준4","SEO26FF"
"Q1078283","보험품","S","O","X","5949060","0","5","4","4","23796240","발주","핵심보험[S] μ_LT+SS(Z2.58)=4,상한4,기준2→4","SEO26FF"
"Q1137969","보험품","S","O","X","9302623","4","18","1","0","0","감축","핵심보험[S] 소요無→기준1","SEO26FF"
"Q1218357","보험품","S","O","X","10789575","3","4","1","0","0","감축","핵심보험[S] 소요無→기준1","SEO26FF"
"Q1218391","보험품","S","O","X","706654","1","10","1","0","0","유지","핵심보험[S] 소요無→기준1","SEO26FF"
"Q1218393","보험품","S","O","X","2577600","0","3","1","1","2577600","발주","핵심보험[S] 소요無→기준1","SEO26FF"
"Q1219164","보험품","S","O","X","1888445","3","4","1","0","0","감축","핵심보험[S] μ_LT+SS(Z2.58)=1,상한0,기준1→1","SEO26FF"
"Q1260654","보험품","S","O","X","440836","4","20","1","0","0","감축","핵심보험[S] 소요無→기준1","SEO26FF"
"Q1292612","보험품","S","O","X","4900000","0","0","6","6","29400000","발주","핵심보험[S] μ_LT+SS(Z2.58)=6,상한8,기준4→6","SEO26FF"
"Q1314441","보험품","S","O","X","3598518","0","0","1","1","3598518","발주","핵심보험[S] 소요無→기준1","SEO26FF"
"Q1316039","보험품","S","O","X","135333","0","4","1","1","135333","발주","핵심보험[S] 소요無→기준1","SEO26FF"
"Q2010934","보험품","S","O","X","0","0","0","2","2","0","발주","핵심보험[S] 소요無→기준2","SEO26FF"
"Q2024559","보험품","S","O","X","9000000","1","3","3","2","18000000","발주","핵심보험[S] μ_LT+SS(Z2.58)=2,상한3,기준3→3","SEO26FF"
"Q2028061","보험품","S","O","X","84025400","0","0","2","2","168050800","발주","핵심보험[S] μ_LT+SS(Z2.58)=2,상한2,기준1→2","SEO26FF"
"Q2028134","보험품","S","O","X","9333184","0","0","1","1","9333184","발주","핵심보험[S] μ_LT+SS(Z2.58)=1,상한0,기준1→1","SEO26FF"
"Q2045742","보험품","S","O","X","4099280","0","2","1","1","4099280","발주","핵심보험[S] 소요無→기준1","SEO26FF"
"Q2054727","보험품","S","O","X","3945376","16","22","21","5","19726878","발주","핵심보험[S] μ_LT+SS(Z2.58)=21,상한30,기준1→21","SEO26FF"
"Q2062201","보험품","S","O","X","2325188","1","16","1","0","0","유지","핵심보험[S] 소요無→기준1","SEO26FF"
"Q2074769","보험품","S","O","X","410000","0","0","4","4","1640000","발주","핵심보험[S] μ_LT+SS(Z2.58)=4,상한4,기준2→4","SEO26FF"
"Q2088228","보험품","S","O","X","5351957","3","5","1","0","0","감축","핵심보험[S] 소요無→기준1","SEO26FF"
"Q2094703","보험품","S","O","X","18565170","0","0","1","1","18565170","발주","핵심보험[S] μ_LT+SS(Z2.58)=2,상한1,기준1→1","SEO26FF"
"Q2118996","보험품","S","O","X","2396595","0","5","1","1","2396595","발주","핵심보험[S] 소요無→기준1","SEO26FF"
"Q2124049","보험품","S","O","X","400000","0","0","15","15","6000000","발주","핵심보험[S] μ_LT+SS(Z2.58)=15,상한50,기준10→15","SEO26FF"
"Q2130291","보험품","S","O","X","6024410","3","13","1","0","0","감축","핵심보험[S] 소요無→기준1","SEO26FF"
"Q2130293","보험품","S","O","X","4616560","0","4","1","1","4616560","발주","핵심보험[S] 소요無→기준1","SEO26FF"
"Q2139998","보험품","S","O","X","5745152","1","1","1","0","0","유지","핵심보험[S] μ_LT+SS(Z2.58)=1,상한1,기준1→1","SEO26FF"
"Q2143592","보험품","S","O","X","7982500","0","8","1","1","7982500","발주","핵심보험[S] 소요無→기준1","SEO26FF"
"Q2143616","보험품","S","O","X","541022","0","12","1","1","541022","발주","핵심보험[S] 소요無→기준1","SEO26FF"
"Q2185181","보험품","S","O","X","5433560","5","8","1","0","0","감축","핵심보험[S] 소요無→기준1","SEO26FF"
"Q2212113","보험품","S","O","X","5700000","1","2","2","1","5700000","발주","핵심보험[S] μ_LT+SS(Z2.58)=2,상한2,기준1→2","SEO26FF"
"Q2226242","보험품","S","O","X","11730000","0","1","1","1","11730000","발주","핵심보험[S] 소요無→기준1","SEO26FF"
"Q4017996","보험품","S","O","X","4882524","3","8","1","0","0","감축","핵심보험[S] 소요無→기준1","SEO26FF"
"Q4017997","보험품","S","O","X","2160174","3","10","1","0","0","감축","핵심보험[S] μ_LT+SS(Z2.58)=1,상한1,기준1→1","SEO26FF"
"Q4017998","보험품","S","O","X","17510329","1","9","2","1","17510329","발주","핵심보험[S] μ_LT+SS(Z2.58)=2,상한3,기준1→2","SEO26FF"
"Q4017999","보험품","S","O","X","5486984","4","22","1","0","0","감축","핵심보험[S] 소요無→기준1","SEO26FF"
"Q4018000","보험품","S","O","X","5476820","4","14","1","0","0","감축","핵심보험[S] 소요無→기준1","SEO26FF"
"Q4018004","보험품","S","O","X","1431351","2","14","1","0","0","감축","핵심보험[S] 소요無→기준1","SEO26FF"
"Q4018005","보험품","S","O","X","2492262","13","27","4","0","0","감축","핵심보험[S] μ_LT+SS(Z2.58)=2,상한2,기준4→4","SEO26FF"
"Q4018007","보험품","S","O","X","1081894","5","26","7","2","2163788","발주","핵심보험[S] 소요無→기준7","SEO26FF"
"Q4018011","보험품","S","O","X","735324","3","28","10","7","5147270","발주","핵심보험[S] 소요無→기준10","SEO26FF"
"Q4018012","보험품","S","O","X","883062","3","14","1","0","0","감축","핵심보험[S] 소요無→기준1","SEO26FF"
"Q4018014","보험품","S","O","X","2290425","3","18","2","0","0","감축","핵심보험[S] μ_LT+SS(Z2.58)=2,상한2,기준1→2","SEO26FF"
"Q4018015","보험품","S","O","X","2532781","1","29","8","7","17729468","발주","핵심보험[S] 소요無→기준8","SEO26FF"
"Q4018016","보험품","S","O","X","1723854","1","7","1","0","0","유지","핵심보험[S] 소요無→기준1","SEO26FF"
"Q4018018","보험품","S","O","X","3050316","1","27","13","12","36603797","발주","핵심보험[S] 소요無→기준13","SEO26FF"
"Q4018019","보험품","S","O","X","2360508","1","6","1","0","0","유지","핵심보험[S] 소요無→기준1","SEO26FF"
"Q4018022","보험품","S","O","X","10592621","2","15","2","0","0","유지","핵심보험[S] μ_LT+SS(Z2.58)=2,상한3,기준2→2","SEO26FF"
"Q4018023","보험품","S","O","X","2757626","0","10","1","1","2757626","발주","핵심보험[S] μ_LT+SS(Z2.58)=1,상한0,기준1→1","SEO26FF"
"Q4018210","보험품","S","O","X","2911135","3","15","6","3","8733404","발주","핵심보험[S] μ_LT+SS(Z2.58)=6,상한10,기준1→6","SEO26FF"
"Q4039953","보험품","S","O","X","22320000","2","2","3","1","22320000","발주","핵심보험[S] μ_LT+SS(Z2.58)=3,상한3,기준1→3","SEO26FF"
"Q4169627","보험품","S","O","X","416357","4","30","2","0","0","감축","핵심보험[S] 소요無→기준2","SEO26FF"
"Q4169634","보험품","S","O","X","5243066","0","3","2","2","10486132","발주","핵심보험[S] 소요無→기준2","SEO26FF"
"Q4169635","보험품","S","O","X","2710126","1","7","1","0","0","유지","핵심보험[S] 소요無→기준1","SEO26FF"
"Q4173290","보험품","S","O","X","15145171","2","7","3","1","15145171","발주","핵심보험[S] μ_LT+SS(Z2.58)=3,상한4,기준1→3","SEO26FF"
"Q4174454","보험품","S","O","X","3012982","1","13","1","0","0","유지","핵심보험[S] μ_LT+SS(Z2.58)=2,상한1,기준1→1","SEO26FF"
"Q4174455","보험품","S","O","X","31841016","1","10","1","0","0","유지","핵심보험[S] 소요無→기준1","SEO26FF"
"Q4178355","보험품","S","O","X","19450000","0","0","4","4","77800000","발주","핵심보험[S] μ_LT+SS(Z2.58)=4,상한7,기준2→4","SEO26FF"
"Q4185031","보험품","S","O","X","1960000","0","0","4","4","7840000","발주","핵심보험[S] μ_LT+SS(Z2.58)=4,상한8,기준1→4","SEO26FF"
"Q4192133","보험품","S","O","X","5560877","2","7","1","0","0","감축","핵심보험[S] 소요無→기준1","SEO26FF"
"Q4192171","보험품","S","O","X","5560877","2","7","1","0","0","감축","핵심보험[S] 소요無→기준1","SEO26FF"
"Q4192179","보험품","S","O","X","8200889","1","6","1","0","0","유지","핵심보험[S] 소요無→기준1","SEO26FF"
"Q4210213","보험품","S","O","X","9950000","0","0","2","2","19900000","발주","핵심보험[S] μ_LT+SS(Z2.58)=2,상한3,기준1→2","SEO26FF"
"Q4230326","보험품","S","O","X","4206656","2","2","1","0","0","감축","핵심보험[S] 소요無→기준1","SEO26FF"
"Q4257701","보험품","S","O","X","57383200","1","1","1","0","0","유지","핵심보험[S] μ_LT+SS(Z2.58)=2,상한1,기준1→1","SEO26FF"
"Q4269272","보험품","S","O","X","1622917","2","6","1","0","0","감축","핵심보험[S] μ_LT+SS(Z2.58)=1,상한1,기준1→1","SEO26FF"
"Q4441695","보험품","S","O","X","56339009","1","1","1","0","0","유지","핵심보험[S] μ_LT+SS(Z2.58)=1,상한0,기준1→1","SEO26FF"
"Q4521625","보험품","S","O","X","1040000000","0","0","1","1","1040000000","발주","핵심보험[S] 소요無→기준1","SEO26FF"
"Q4604630","보험품","S","O","X","1503362000","0","1","1","1","1503362000","발주","핵심보험[S] 소요無→기준1","SEO26FF"
"QS424543","보험품","S","O","X","98500000","0","0","1","1","98500000","발주","핵심보험[S] 소요無→기준1","SEO26FF"
