Signal,Status,Item,DeptCode,Type,Equipment,Kind,StopDate,OrderByDate,D_days,ExpectedNeed,CurrentStock,OrderNeed,OrderAmount
red,즉시발주,Q1119526,SEO26FF,보험품,,상시,,,,3,0,3,953259
red,즉시발주,Q1121188,SEO26FF,보험품,,상시,,,,1,0,1,384451
red,즉시발주,Q1021836,SEO26FF,보험품,,상시,,,,63,3,60,3335
red,즉시발주,Q1019015,SEO26FF,보험품,,상시,,,,3,1,2,1019898
red,즉시발주,Q1023576,SEO26FF,보험품,,상시,,,,3,1,2,24880
red,즉시발주,Q1031233,SEO26FF,보험품,,상시,,,,5,2,3,5071044
red,즉시발주,Q1019683,SEO26FF,보험품,,상시,,,,7,2,5,50246625
red,즉시발주,Q1020168,SEO26FF,보험품,,상시,,,,6,2,4,13173009
red,즉시발주,Q1040058,SEO26FF,보험품,,상시,,,,3,1,2,1380000
red,즉시발주,Q2011846,SEO26FF,보험품,,상시,,,,10,3,7,3815000
red,즉시발주,Q2055672,SEO26FF,보험품,,상시,,,,8,1,7,4760000
red,즉시발주,Q2060154,SEO26FF,보험품,,상시,,,,5,2,3,228000
red,즉시발주,Q2060222,SEO26FF,보험품,,상시,,,,16,5,11,1054682
red,즉시발주,Q2118354,SEO26FF,보험품,,상시,,,,52,20,32,466688
red,즉시발주,Q2118643,SEO26FF,보험품,,상시,,,,7,2,5,1917100
red,즉시발주,Q2139926,SEO26FF,보험품,,상시,,,,3,1,2,2200000
red,즉시발주,Q2228264,SEO26FF,보험품,FM Main Motor,상시,,,,5,2,3,420000
red,즉시발주,Q4013000,SEO26FF,보험품,Walking Beam 기어베어링,상시,,,,4,1,3,7383000
red,즉시발주,Q4015362,SEO26FF,보험품,,상시,,,,4,1,3,1980000
red,즉시발주,Q4015363,SEO26FF,보험품,,상시,,,,4,1,3,744000
red,즉시발주,Q4015364,SEO26FF,보험품,,상시,,,,4,1,3,954000
red,즉시발주,Q4015365,SEO26FF,보험품,,상시,,,,8,1,7,416967
red,즉시발주,Q4015405,SEO26FF,계획품,FM Roll Alignment,대수리,2026-09-04,2026-05-17,-109,2,1,1,2119000
red,즉시발주,Q4015414,SEO26FF,보험품,,상시,,,,4,1,3,118800
red,즉시발주,Q4026534,SEO26FF,계획품,FM Main Motor,대수리,2026-09-04,2026-05-21,-105,200,100,100,1600000
red,즉시발주,Q4080430,SEO26FF,계획품,FM Main Motor,대수리,2026-09-04,2026-05-05,-121,2,1,1,5700000
red,즉시발주,Q4246475,SEO26FF,보험품,Stand Main TR,상시,,,,10,2,8,3113776
red,즉시발주,Q4357975,SEO26FF,보험품,,상시,,,,3,1,2,7604980
red,즉시발주,Q4419677,SEO26FF,계획품,FM Roll Alignment,대수리,2026-09-04,2026-05-01,-125,8,4,4,3200000
red,즉시발주,Q4541491,SEO26FF,보험품,,상시,,,,8,2,6,5250000
red,즉시발주,Q4541492,SEO26FF,보험품,,상시,,,,8,2,6,5250000
red,즉시발주,Q1000737,SEO26FF,보험품,,상시,,,,1,0,1,760000
red,즉시발주,Q1000781,SEO26FF,보험품,,상시,,,,2,0,2,10913448
red,즉시발주,Q1000971,SEO26FF,보험품,,상시,,,,1,0,1,3567054
red,즉시발주,Q1032374,SEO26FF,보험품,,상시,,,,3,0,3,625842
red,즉시발주,Q1039284,SEO26FF,보험품,,상시,,,,2,0,2,10870000
red,즉시발주,Q1040012,SEO26FF,보험품,,상시,,,,2,0,2,13641810
red,즉시발주,Q1040224,SEO26FF,보험품,,상시,,,,2,0,2,17872000
red,즉시발주,Q1040225,SEO26FF,보험품,,상시,,,,2,0,2,10523682
red,즉시발주,Q1040312,SEO26FF,보험품,,상시,,,,4,0,4,4480000
red,즉시발주,Q1042421,SEO26FF,보험품,,상시,,,,1,0,1,5550000
red,즉시발주,Q1049004,SEO26FF,보험품,,상시,,,,1,0,1,3016846
red,즉시발주,Q1071793,SEO26FF,보험품,,상시,,,,25,0,25,1908725
red,즉시발주,Q1073119,SEO26FF,보험품,,상시,,,,1,0,1,6502210
red,즉시발주,Q1073185,SEO26FF,보험품,,상시,,,,24,0,24,1778496
red,즉시발주,Q1073416,SEO26FF,보험품,,상시,,,,24,0,24,1832376
red,즉시발주,Q1073453,SEO26FF,보험품,,상시,,,,21,0,21,1603329
red,즉시발주,Q1074634,SEO26FF,보험품,,상시,,,,2,0,2,126304000
red,즉시발주,Q1074772,SEO26FF,보험품,,상시,,,,4,0,4,208620000
red,즉시발주,Q1078283,SEO26FF,보험품,,상시,,,,4,0,4,23796240
red,즉시발주,Q1218393,SEO26FF,보험품,,상시,,,,1,0,1,2577600
red,즉시발주,Q1292612,SEO26FF,보험품,,상시,,,,6,0,6,29400000
red,즉시발주,Q1314441,SEO26FF,보험품,,상시,,,,1,0,1,3598518
red,즉시발주,Q1316039,SEO26FF,보험품,,상시,,,,1,0,1,135333
red,즉시발주,Q2010934,SEO26FF,보험품,,상시,,,,2,0,2,0
red,즉시발주,Q2024559,SEO26FF,보험품,,상시,,,,3,1,2,18000000
red,즉시발주,Q2028061,SEO26FF,보험품,,상시,,,,2,0,2,168050800
red,즉시발주,Q2028134,SEO26FF,보험품,,상시,,,,1,0,1,9333184
red,즉시발주,Q2045742,SEO26FF,보험품,,상시,,,,1,0,1,4099280
red,즉시발주,Q2074769,SEO26FF,보험품,,상시,,,,4,0,4,1640000
red,즉시발주,Q2094703,SEO26FF,보험품,,상시,,,,1,0,1,18565170
red,즉시발주,Q2118996,SEO26FF,보험품,,상시,,,,1,0,1,2396595
red,즉시발주,Q2124049,SEO26FF,보험품,,상시,,,,15,0,15,6000000
red,즉시발주,Q2130293,SEO26FF,보험품,,상시,,,,1,0,1,4616560
red,즉시발주,Q2143592,SEO26FF,보험품,,상시,,,,1,0,1,7982500
red,즉시발주,Q2143616,SEO26FF,보험품,,상시,,,,1,0,1,541022
red,즉시발주,Q2226242,SEO26FF,보험품,,상시,,,,1,0,1,11730000
red,즉시발주,Q4018011,SEO26FF,보험품,,상시,,,,10,3,7,5147270
red,즉시발주,Q4018015,SEO26FF,보험품,,상시,,,,8,1,7,17729468
red,즉시발주,Q4018018,SEO26FF,보험품,,상시,,,,13,1,12,36603797
red,즉시발주,Q4018023,SEO26FF,보험품,,상시,,,,1,0,1,2757626
red,즉시발주,Q4169634,SEO26FF,보험품,,상시,,,,2,0,2,10486132
red,즉시발주,Q4178355,SEO26FF,보험품,,상시,,,,4,0,4,77800000
red,즉시발주,Q4185031,SEO26FF,보험품,,상시,,,,4,0,4,7840000
red,즉시발주,Q4210213,SEO26FF,보험품,,상시,,,,2,0,2,19900000
red,즉시발주,Q4521625,SEO26FF,보험품,,상시,,,,1,0,1,1040000000
red,즉시발주,Q4604630,SEO26FF,보험품,,상시,,,,1,0,1,1503362000
red,즉시발주,QS424543,SEO26FF,보험품,,상시,,,,1,0,1,98500000
yellow,발주임박,Q1000108,SEO26FF,보험품,,상시,,,,2,1,1,1422190
yellow,발주임박,Q1052919,SEO26FF,보험품,,상시,,,,3,2,1,39000
yellow,발주임박,Q1120753,SEO26FF,보험품,,상시,,,,3,2,1,91512
yellow,발주임박,Q1201276,SEO26FF,보험품,,상시,,,,2,1,1,475153
yellow,발주임박,Q1201564,SEO26FF,보험품,,상시,,,,2,1,1,98467200
yellow,발주임박,Q1012781,SEO26FF,보험품,,상시,,,,100,50,50,206750
yellow,발주임박,Q1032182,SEO26FF,보험품,FM Roll Alignment,상시,,,,2,1,1,558639
yellow,발주임박,Q1010299,SEO26FF,보험품,,상시,,,,7,4,3,717270
yellow,발주임박,Q1024620,SEO26FF,보험품,,상시,,,,12,10,2,21666
yellow,발주임박,Q1040051,SEO26FF,보험품,,상시,,,,2,1,1,3630000
yellow,발주임박,Q1072820,SEO26FF,보험품,,상시,,,,3,2,1,96000
yellow,발주임박,Q1072836,SEO26FF,보험품,FM Main Motor,상시,,,,2,1,1,4200000
yellow,발주임박,Q1073590,SEO26FF,보험품,,상시,,,,15,8,7,864500
yellow,발주임박,Q1077285,SEO26FF,보험품,,상시,,,,14,10,4,800000
yellow,발주임박,Q1078004,SEO26FF,보험품,,상시,,,,2,1,1,116025
yellow,발주임박,Q1034310,SEO26FF,보험품,,상시,,,,4,2,2,639626
yellow,발주임박,Q1021932,SEO26FF,보험품,,상시,,,,4,2,2,2605
yellow,발주임박,Q2059082,SEO26FF,보험품,,상시,,,,7,5,2,26000
yellow,발주임박,Q2060148,SEO26FF,보험품,,상시,,,,14,10,4,80000
yellow,발주임박,Q2060463,SEO26FF,보험품,,상시,,,,2,1,1,4970000
yellow,발주임박,Q2060474,SEO26FF,보험품,,상시,,,,2,1,1,3490000
yellow,발주임박,Q2064661,SEO26FF,보험품,,상시,,,,2,1,1,970000
yellow,발주임박,Q2066145,SEO26FF,보험품,,상시,,,,2,1,1,1050000
yellow,발주임박,Q2076004,SEO26FF,보험품,,상시,,,,4,2,2,8142530
yellow,발주임박,Q2087261,SEO26FF,보험품,,상시,,,,2,1,1,218106
yellow,발주임박,Q2091278,SEO26FF,보험품,,상시,,,,2,1,1,6880000
yellow,발주임박,Q2095281,SEO26FF,보험품,,상시,,,,2,1,1,1590000
yellow,발주임박,Q2096490,SEO26FF,보험품,,상시,,,,2,1,1,1253120
yellow,발주임박,Q2101009,SEO26FF,보험품,FM Screw Down,상시,,,,6,4,2,26824
yellow,발주임박,Q2194827,SEO26FF,보험품,,상시,,,,3,2,1,551000
yellow,발주임박,Q2200466,SEO26FF,보험품,,상시,,,,6,4,2,26824
yellow,발주임박,Q2228118,SEO26FF,보험품,,상시,,,,2,1,1,900000
yellow,발주임박,Q4012998,SEO26FF,보험품,Walking Beam 기어베어링,상시,,,,3,2,1,300000
yellow,발주임박,Q4020699,SEO26FF,보험품,Table Roller 기어박스,상시,,,,5,3,2,310710
yellow,발주임박,Q4047391,SEO26FF,보험품,,상시,,,,2,1,1,4470495
yellow,발주임박,Q4124066,SEO26FF,보험품,,상시,,,,2,1,1,467112
yellow,발주임박,Q4169942,SEO26FF,보험품,,상시,,,,2,1,1,5641350
yellow,발주임박,Q4172575,SEO26FF,보험품,,상시,,,,2,1,1,27940000
yellow,발주임박,Q4182619,SEO26FF,보험품,,상시,,,,2,1,1,3704000
yellow,발주임박,Q4188532,SEO26FF,보험품,,상시,,,,5,4,1,194000
yellow,발주임박,Q4210315,SEO26FF,보험품,,상시,,,,2,1,1,3630000
yellow,발주임박,Q4256411,SEO26FF,보험품,,상시,,,,5,4,1,154755
yellow,발주임박,Q4273074,SEO26FF,보험품,,상시,,,,3,2,1,1150000
yellow,발주임박,Q4283104,SEO26FF,보험품,,상시,,,,2,1,1,895839
yellow,발주임박,Q4327789,SEO26FF,보험품,,상시,,,,2,1,1,2100000
yellow,발주임박,Q4384099,SEO26FF,보험품,,상시,,,,3,2,1,904166
yellow,발주임박,Q4386124,SEO26FF,보험품,QOC Servo,상시,,,,3,2,1,8923590
yellow,발주임박,Q4439265,SEO26FF,보험품,QOC Servo,상시,,,,2,1,1,11900000
yellow,발주임박,Q4439266,SEO26FF,보험품,QOC Servo,상시,,,,2,1,1,14806000
yellow,발주임박,Q4465267,SEO26FF,보험품,,상시,,,,2,1,1,13900000
yellow,발주임박,QS418165,SEO26FF,보험품,,상시,,,,2,1,1,65000000
yellow,발주임박,Q4515205,SEO26FF,보험품,FM Roll Alignment,상시,,,,36,20,16,240976
yellow,발주임박,Q1000745,SEO26FF,보험품,,상시,,,,4,2,2,2440000
yellow,발주임박,Q1039371,SEO26FF,보험품,,상시,,,,2,1,1,1179555
yellow,발주임박,Q2054727,SEO26FF,보험품,,상시,,,,21,16,5,19726878
yellow,발주임박,Q2212113,SEO26FF,보험품,,상시,,,,2,1,1,5700000
yellow,발주임박,Q4017998,SEO26FF,보험품,,상시,,,,2,1,1,17510329
yellow,발주임박,Q4018007,SEO26FF,보험품,,상시,,,,7,5,2,2163788
yellow,발주임박,Q4018210,SEO26FF,보험품,,상시,,,,6,3,3,8733404
yellow,발주임박,Q4039953,SEO26FF,보험품,,상시,,,,3,2,1,22320000
yellow,발주임박,Q4173290,SEO26FF,보험품,,상시,,,,3,2,1,15145171
green,여유,Q1042338,SEO26FF,보험품,,상시,,,,1,1,0,0
green,여유,Q1053133,SEO26FF,보험품,,상시,,,,2,2,0,0
green,여유,Q1078248,SEO26FF,보험품,FM Main Motor,상시,,,,2,2,0,0
green,여유,Q1078249,SEO26FF,보험품,FM Main Motor,상시,,,,1,1,0,0
green,여유,Q1053247,SEO26FF,보험품,FM Main Motor,상시,,,,4,4,0,0
green,여유,Q1053248,SEO26FF,보험품,FM Main Motor,상시,,,,4,4,0,0
green,여유,Q1053401,SEO26FF,보험품,,상시,,,,1,1,0,0
green,여유,Q1053581,SEO26FF,보험품,,상시,,,,1,1,0,0
green,여유,Q1053588,SEO26FF,보험품,,상시,,,,4,4,0,0
green,여유,Q1119795,SEO26FF,보험품,,상시,,,,1,1,0,0
green,여유,Q1002238,SEO26FF,보험품,,상시,,,,1,1,0,0
green,여유,Q1021614,SEO26FF,보험품,,상시,,,,10,10,0,0
green,여유,Q1031708,SEO26FF,보험품,FM Main Motor,상시,,,,1,1,0,0
green,여유,Q1040729,SEO26FF,보험품,,상시,,,,2,2,0,0
green,여유,Q1019962,SEO26FF,보험품,,상시,,,,1,1,0,0
green,여유,Q1040054,SEO26FF,보험품,,상시,,,,2,2,0,0
green,여유,Q1040061,SEO26FF,보험품,,상시,,,,4,4,0,0
green,여유,Q1072821,SEO26FF,보험품,,상시,,,,4,4,0,0
green,여유,Q1073859,SEO26FF,보험품,,상시,,,,1,1,0,0
green,여유,Q1269776,SEO26FF,보험품,,상시,,,,2,2,0,0
green,여유,Q1077476,SEO26FF,보험품,FM Spindle 감속기,상시,,,,2,2,0,0
green,여유,Q1077624,SEO26FF,보험품,,상시,,,,1,1,0,0
green,여유,Q1077670,SEO26FF,보험품,,상시,,,,10,10,0,0
green,여유,Q1077941,SEO26FF,보험품,,상시,,,,4,4,0,0
green,여유,Q2024605,SEO26FF,보험품,,상시,,,,2,2,0,0
green,여유,Q2042214,SEO26FF,보험품,,상시,,,,2,2,0,0
green,여유,Q2054201,SEO26FF,보험품,,상시,,,,2,2,0,0
green,여유,Q2056110,SEO26FF,보험품,,상시,,,,1,1,0,0
green,여유,Q2059088,SEO26FF,보험품,,상시,,,,4,4,0,0
green,여유,Q2060332,SEO26FF,보험품,,상시,,,,1,1,0,0
green,여유,Q2060337,SEO26FF,보험품,,상시,,,,1,1,0,0
green,여유,Q2060465,SEO26FF,보험품,,상시,,,,1,1,0,0
green,여유,Q2070797,SEO26FF,계획품,,상시,,,,1,1,0,0
green,여유,Q2084886,SEO26FF,보험품,,상시,,,,4,4,0,0
green,여유,Q2087833,SEO26FF,보험품,,상시,,,,4,4,0,0
green,여유,Q2091279,SEO26FF,보험품,,상시,,,,1,1,0,0
green,여유,Q2094313,SEO26FF,보험품,,상시,,,,2,2,0,0
green,여유,Q2095868,SEO26FF,보험품,,상시,,,,1,1,0,0
green,여유,Q2106112,SEO26FF,보험품,,상시,,,,8,8,0,0
green,여유,Q2110732,SEO26FF,보험품,FM Roll Alignment,상시,,,,1,1,0,0
green,여유,Q2110733,SEO26FF,보험품,FM Roll Alignment,상시,,,,1,1,0,0
green,여유,Q2116694,SEO26FF,보험품,,상시,,,,1,1,0,0
green,여유,Q2116695,SEO26FF,보험품,,상시,,,,1,1,0,0
green,여유,Q2133118,SEO26FF,보험품,,상시,,,,2,2,0,0
green,여유,Q2133119,SEO26FF,보험품,,상시,,,,1,1,0,0
green,여유,Q2140042,SEO26FF,보험품,,상시,,,,5,5,0,0
green,여유,Q2141016,SEO26FF,보험품,,상시,,,,2,2,0,0
green,여유,Q2141021,SEO26FF,보험품,,상시,,,,2,2,0,0
green,여유,Q2176849,SEO26FF,보험품,,상시,,,,1,1,0,0
green,여유,Q2179246,SEO26FF,보험품,,상시,,,,2,2,0,0
green,여유,Q2200004,SEO26FF,보험품,,상시,,,,16,16,0,0
green,여유,Q2200005,SEO26FF,보험품,,상시,,,,16,16,0,0
green,여유,Q2202508,SEO26FF,보험품,FM Roll Alignment,상시,,,,1,1,0,0
green,여유,Q2206557,SEO26FF,보험품,,상시,,,,4,4,0,0
green,여유,Q2224741,SEO26FF,보험품,,상시,,,,2,2,0,0
green,여유,Q2235169,SEO26FF,보험품,,상시,,,,1,1,0,0
green,여유,Q2235172,SEO26FF,보험품,,상시,,,,1,1,0,0
green,여유,Q4002139,SEO26FF,보험품,,상시,,,,1,1,0,0
green,여유,Q4003811,SEO26FF,보험품,,상시,,,,1,1,0,0
green,여유,Q4030286,SEO26FF,보험품,Walking Beam 기어베어링,상시,,,,1,1,0,0
green,여유,Q4030636,SEO26FF,보험품,Walking Beam 기어베어링,상시,,,,1,1,0,0
green,여유,Q4034332,SEO26FF,보험품,,상시,,,,2,2,0,0
green,여유,Q4041104,SEO26FF,보험품,,상시,,,,1,1,0,0
green,여유,Q4073338,SEO26FF,보험품,,상시,,,,2,2,0,0
green,여유,Q4085105,SEO26FF,보험품,,상시,,,,1,1,0,0
green,여유,Q4089851,SEO26FF,보험품,FM Edge Heater,상시,,,,2,2,0,0
green,여유,Q4103142,SEO26FF,보험품,FM Hot Leveller,상시,,,,1,1,0,0
green,여유,Q4112995,SEO26FF,보험품,FM Hot Leveller,상시,,,,4,4,0,0
green,여유,Q4119198,SEO26FF,보험품,FM Main Motor,상시,,,,1,1,0,0
green,여유,Q4136434,SEO26FF,보험품,,상시,,,,2,2,0,0
green,여유,Q4140768,SEO26FF,보험품,,상시,,,,2,2,0,0
green,여유,Q4189151,SEO26FF,보험품,,상시,,,,6,6,0,0
green,여유,Q4203928,SEO26FF,보험품,FM Main Motor,상시,,,,1,1,0,0
green,여유,Q4204059,SEO26FF,보험품,FM Pinion Stand,상시,,,,4,4,0,0
green,여유,Q4204061,SEO26FF,보험품,FM Pinion Stand,상시,,,,1,1,0,0
green,여유,Q4204060,SEO26FF,보험품,FM Pinion Stand,상시,,,,2,2,0,0
green,여유,Q4210501,SEO26FF,보험품,,상시,,,,1,1,0,0
green,여유,Q4210610,SEO26FF,보험품,,상시,,,,2,2,0,0
green,여유,Q4210612,SEO26FF,보험품,,상시,,,,2,2,0,0
green,여유,Q4232430,SEO26FF,보험품,,상시,,,,1,1,0,0
green,여유,Q4239083,SEO26FF,보험품,,상시,,,,3,3,0,0
green,여유,Q4264097,SEO26FF,보험품,,상시,,,,5,5,0,0
green,여유,Q4312812,SEO26FF,보험품,,상시,,,,1,1,0,0
green,여유,Q4321160,SEO26FF,보험품,FM Main Motor,상시,,,,1,1,0,0
green,여유,Q4336678,SEO26FF,보험품,,상시,,,,1,1,0,0
green,여유,Q4390457,SEO26FF,보험품,,상시,,,,2,2,0,0
green,여유,Q4394089,SEO26FF,보험품,,상시,,,,1,1,0,0
green,여유,Q4398385,SEO26FF,보험품,,상시,,,,1,1,0,0
green,여유,Q4435466,SEO26FF,보험품,FM Main Motor,상시,,,,4,4,0,0
green,여유,Q4439263,SEO26FF,보험품,QOC Servo,상시,,,,1,1,0,0
green,여유,Q4439264,SEO26FF,보험품,QOC Servo,상시,,,,1,1,0,0
green,여유,Q4439269,SEO26FF,보험품,,상시,,,,1,1,0,0
green,여유,Q4439270,SEO26FF,보험품,,상시,,,,1,1,0,0
green,여유,Q4443501,SEO26FF,보험품,,상시,,,,6,6,0,0
green,여유,Q4450272,SEO26FF,보험품,,상시,,,,1,1,0,0
green,여유,Q4453988,SEO26FF,보험품,,상시,,,,1,1,0,0
green,여유,Q4459402,SEO26FF,보험품,,상시,,,,2,2,0,0
green,여유,Q4460076,SEO26FF,보험품,FM Edge Heater,상시,,,,1,1,0,0
green,여유,Q4471765,SEO26FF,보험품,,상시,,,,1,1,0,0
green,여유,Q4480769,SEO26FF,보험품,,상시,,,,2,2,0,0
green,여유,Q4485045,SEO26FF,보험품,,상시,,,,1,1,0,0
green,여유,Q4485080,SEO26FF,보험품,,상시,,,,1,1,0,0
green,여유,Q4485081,SEO26FF,보험품,,상시,,,,1,1,0,0
green,여유,Q4485087,SEO26FF,보험품,,상시,,,,1,1,0,0
green,여유,Q4493662,SEO26FF,보험품,,상시,,,,2,2,0,0
green,여유,Q4504475,SEO26FF,보험품,FM Hot Leveller,상시,,,,1,1,0,0
green,여유,Q4504476,SEO26FF,보험품,FM Roll Alignment,상시,,,,2,2,0,0
green,여유,Q4504478,SEO26FF,보험품,FM Roll Alignment,상시,,,,2,2,0,0
green,여유,Q4515206,SEO26FF,보험품,FM Roll Alignment,상시,,,,8,8,0,0
green,여유,Q4515573,SEO26FF,보험품,,상시,,,,2,2,0,0
green,여유,Q4517465,SEO26FF,보험품,,상시,,,,2,2,0,0
green,여유,Q4517801,SEO26FF,보험품,,상시,,,,6,6,0,0
green,여유,Q4524604,SEO26FF,보험품,,상시,,,,1,1,0,0
green,여유,Q4524949,SEO26FF,보험품,,상시,,,,2,2,0,0
green,여유,Q4532058,SEO26FF,보험품,Stand Main TR,상시,,,,1,1,0,0
green,여유,Q4536719,SEO26FF,보험품,,상시,,,,4,4,0,0
green,여유,Q4546235,SEO26FF,보험품,,상시,,,,1,1,0,0
green,여유,Q4551507,SEO26FF,보험품,,상시,,,,1,1,0,0
green,여유,Q4559574,SEO26FF,보험품,,상시,,,,6,6,0,0
green,여유,Q4559575,SEO26FF,보험품,,상시,,,,3,3,0,0
green,여유,Q4559686,SEO26FF,보험품,,상시,,,,3,3,0,0
green,여유,Q4562126,SEO26FF,보험품,,상시,,,,1,1,0,0
green,여유,Q4562194,SEO26FF,보험품,,상시,,,,1,1,0,0
green,여유,Q4572470,SEO26FF,보험품,,상시,,,,1,1,0,0
green,여유,Q4572473,SEO26FF,보험품,,상시,,,,1,1,0,0
green,여유,Q4575867,SEO26FF,보험품,,상시,,,,1,1,0,0
green,여유,Q4576623,SEO26FF,보험품,,상시,,,,1,1,0,0
green,여유,Q4576624,SEO26FF,보험품,,상시,,,,1,1,0,0
green,여유,Q4582819,SEO26FF,보험품,,상시,,,,1,1,0,0
green,여유,Q4587154,SEO26FF,보험품,QOC Servo,상시,,,,5,5,0,0
green,여유,Q4588343,SEO26FF,보험품,,상시,,,,1,1,0,0
green,여유,Q4590955,SEO26FF,보험품,,상시,,,,2,2,0,0
green,여유,Q4597580,SEO26FF,보험품,FM Hot Leveller,상시,,,,30,30,0,0
green,여유,Q4598537,SEO26FF,보험품,,상시,,,,1,1,0,0
green,여유,Q4612557,SEO26FF,보험품,,상시,,,,2,2,0,0
green,여유,Q4625628,SEO26FF,보험품,,상시,,,,1,1,0,0
green,여유,Q4625646,SEO26FF,보험품,,상시,,,,1,1,0,0
green,여유,Q4652294,SEO26FF,보험품,,상시,,,,2,2,0,0
green,여유,QS429155,SEO26FF,보험품,Table Roller 기어박스,상시,,,,1,1,0,0
green,여유,Q1042306,SEO26FF,보험품,,상시,,,,3,3,0,0
green,여유,Q1218391,SEO26FF,보험품,,상시,,,,1,1,0,0
green,여유,Q2062201,SEO26FF,보험품,,상시,,,,1,1,0,0
green,여유,Q2139998,SEO26FF,보험품,,상시,,,,1,1,0,0
green,여유,Q4018016,SEO26FF,보험품,,상시,,,,1,1,0,0
green,여유,Q4018019,SEO26FF,보험품,,상시,,,,1,1,0,0
green,여유,Q4018022,SEO26FF,보험품,,상시,,,,2,2,0,0
green,여유,Q4169635,SEO26FF,보험품,,상시,,,,1,1,0,0
green,여유,Q4174454,SEO26FF,보험품,,상시,,,,1,1,0,0
green,여유,Q4174455,SEO26FF,보험품,,상시,,,,1,1,0,0
green,여유,Q4192179,SEO26FF,보험품,,상시,,,,1,1,0,0
green,여유,Q4257701,SEO26FF,보험품,,상시,,,,1,1,0,0
green,여유,Q4441695,SEO26FF,보험품,,상시,,,,1,1,0,0
gray,재고불요,Q1042383,SEO26FF,계획품,,상시,,,,0,2,0,0
gray,재고불요,Q1052933,SEO26FF,계획품,,상시,,,,0,2,0,0
gray,충분,Q1053112,SEO26FF,보험품,FM Crop Shear,상시,,,,2,4,0,0
gray,충분,Q1053113,SEO26FF,보험품,FM Crop Shear,상시,,,,2,4,0,0
gray,재고불요,Q1053117,SEO26FF,계획품,,상시,,,,0,2,0,0
gray,재고불요,Q1053210,SEO26FF,계획품,,상시,,,,0,3,0,0
gray,재고불요,Q1078241,SEO26FF,계획품,,상시,,,,0,1,0,0
gray,재고불요,Q1078244,SEO26FF,보험품,,상시,,,,0,1,0,0
gray,충분,Q1053287,SEO26FF,보험품,FM Main Motor,상시,,,,1,3,0,0
gray,재고충분,Q1053317,SEO26FF,계획품,FM Main Motor,대수리,2026-09-04,2026-05-17,-109,1,2,0,0
gray,재고충분,Q1053318,SEO26FF,계획품,FM Main Motor,대수리,2026-09-04,2026-05-16,-110,1,2,0,0
gray,재고충분,Q1053378,SEO26FF,계획품,FM Main Motor,대수리,2026-09-04,2026-05-17,-109,1,2,0,0
gray,재고불요,Q1053392,SEO26FF,계획품,,상시,,,,0,2,0,0
gray,충분,Q1053400,SEO26FF,보험품,,상시,,,,1,2,0,0
gray,재고불요,Q1053468,SEO26FF,계획품,,상시,,,,0,2,0,0
gray,충분,Q1053590,SEO26FF,보험품,,상시,,,,2,4,0,0
gray,재고불요,Q1117822,SEO26FF,보험품,,상시,,,,0,1,0,0
gray,충분,Q1051490,SEO26FF,보험품,,상시,,,,2,8,0,0
gray,재고불요,Q1119268,SEO26FF,계획품,,상시,,,,0,60,0,0
gray,재고불요,Q1119452,SEO26FF,계획품,,상시,,,,0,2,0,0
gray,충분,Q1119649,SEO26FF,보험품,,상시,,,,7,20,0,0
gray,재고불요,Q1000751,SEO26FF,계획품,,상시,,,,0,2,0,0
gray,충분,Q1204795,SEO26FF,보험품,,상시,,,,2,12,0,0
gray,충분,Q1204949,SEO26FF,보험품,,상시,,,,4,13,0,0
gray,재고불요,Q1305036,SEO26FF,계획품,,상시,,,,0,10,0,0
gray,재고불요,Q1002292,SEO26FF,보험품,,상시,,,,0,10,0,0
gray,재고불요,Q1004847,SEO26FF,계획품,,상시,,,,0,30,0,0
gray,재고불요,Q1005323,SEO26FF,계획품,,상시,,,,0,323,0,0
gray,재고불요,Q1011982,SEO26FF,계획품,,상시,,,,0,100,0,0
gray,충분,Q1021920,SEO26FF,보험품,,상시,,,,8,15,0,0
gray,재고충분,Q1030043,SEO26FF,계획품,FM Spindle 감속기,대수리,2026-09-04,2026-05-06,-120,1,1,0,0
gray,재고충분,Q1030044,SEO26FF,계획품,FM Spindle 감속기,대수리,2026-09-04,2026-05-04,-122,1,1,0,0
gray,재고불요,Q1030453,SEO26FF,계획품,,상시,,,,0,6,0,0
gray,재고불요,Q1293261,SEO26FF,계획품,,상시,,,,0,1,0,0
gray,충분,Q1297201,SEO26FF,보험품,,상시,,,,2,22,0,0
gray,재고불요,Q1297240,SEO26FF,계획품,,상시,,,,0,2,0,0
gray,재고불요,Q1308654,SEO26FF,계획품,,상시,,,,0,1,0,0
gray,재고불요,Q1012773,SEO26FF,계획품,,상시,,,,0,2,0,0
gray,재고불요,Q1018930,SEO26FF,보험품,,상시,,,,0,1,0,0
gray,재고불요,Q1019385,SEO26FF,계획품,FM Crop Shear,상시,,,,0,2,0,0
gray,충분,Q1023561,SEO26FF,보험품,,상시,,,,7,14,0,0
gray,충분,Q1024150,SEO26FF,보험품,,상시,,,,6,9,0,0
gray,충분,Q1024335,SEO26FF,보험품,,상시,,,,6,32,0,0
gray,재고불요,Q1031104,SEO26FF,계획품,,상시,,,,0,1,0,0
gray,재고불요,Q1031361,SEO26FF,계획품,,상시,,,,0,3,0,0
gray,재고불요,Q1035525,SEO26FF,계획품,,상시,,,,0,4,0,0
gray,재고불요,Q1036694,SEO26FF,보험품,,상시,,,,0,3,0,0
gray,충분,Q1036702,SEO26FF,보험품,,상시,,,,2,3,0,0
gray,재고불요,Q1036822,SEO26FF,계획품,,상시,,,,0,2,0,0
gray,재고불요,Q1036844,SEO26FF,계획품,,상시,,,,0,4,0,0
gray,재고불요,Q1036971,SEO26FF,계획품,,상시,,,,0,12,0,0
gray,재고불요,Q1041363,SEO26FF,계획품,,상시,,,,0,1,0,0
gray,충분,Q1041364,SEO26FF,보험품,,상시,,,,2,5,0,0
gray,충분,Q1041372,SEO26FF,보험품,,상시,,,,2,4,0,0
gray,재고충분,Q1080083,SEO26FF,계획품,FM Screw Down,대수리,2026-09-04,2026-05-17,-109,1,1,0,0
gray,재고충분,Q1080084,SEO26FF,계획품,FM Screw Down,대수리,2026-09-04,2026-05-17,-109,1,1,0,0
gray,재고불요,Q1080117,SEO26FF,계획품,,상시,,,,0,2,0,0
gray,재고불요,Q1010099,SEO26FF,계획품,,상시,,,,0,9,0,0
gray,재고불요,Q1010193,SEO26FF,계획품,,상시,,,,0,15,0,0
gray,충분,Q1010224,SEO26FF,보험품,,상시,,,,3,7,0,0
gray,재고불요,Q1015021,SEO26FF,계획품,,상시,,,,0,54,0,0
gray,재고불요,Q1019689,SEO26FF,계획품,,상시,,,,0,3,0,0
gray,재고불요,Q1019695,SEO26FF,계획품,,상시,,,,0,2,0,0
gray,재고불요,Q1020094,SEO26FF,계획품,,상시,,,,0,2,0,0
gray,재고불요,Q1020996,SEO26FF,보험품,,상시,,,,0,2,0,0
gray,충분,Q1024603,SEO26FF,보험품,,상시,,,,11,14,0,0
gray,충분,Q1029602,SEO26FF,보험품,FM Spindle 감속기,상시,,,,2,4,0,0
gray,재고충분,Q1029614,SEO26FF,계획품,FM Spindle 감속기,대수리,2026-09-04,2026-05-15,-111,1,1,0,0
gray,재고불요,Q1029653,SEO26FF,계획품,FM Crop Shear,상시,,,,0,3,0,0
gray,충분,Q1029662,SEO26FF,보험품,,상시,,,,2,5,0,0
gray,재고불요,Q1029893,SEO26FF,계획품,,상시,,,,0,1,0,0
gray,충분,Q1033612,SEO26FF,보험품,,상시,,,,1,2,0,0
gray,재고불요,Q1033796,SEO26FF,계획품,,상시,,,,0,3,0,0
gray,재고불요,Q1033995,SEO26FF,계획품,,상시,,,,0,5,0,0
gray,재고불요,Q1034231,SEO26FF,계획품,,상시,,,,0,3,0,0
gray,재고충분,Q1034397,SEO26FF,계획품,FM Main Motor,대수리,2026-09-04,2026-04-17,-139,2,6,0,0
gray,재고불요,Q1039075,SEO26FF,계획품,,상시,,,,0,9,0,0
gray,재고불요,Q1039945,SEO26FF,계획품,,상시,,,,0,3,0,0
gray,재고불요,Q1039948,SEO26FF,계획품,,상시,,,,0,3,0,0
gray,충분,Q1039950,SEO26FF,보험품,,상시,,,,2,4,0,0
gray,재고불요,Q1039951,SEO26FF,계획품,,상시,,,,0,1,0,0
gray,재고불요,Q1040053,SEO26FF,계획품,,상시,,,,0,1,0,0
gray,재고불요,Q1040060,SEO26FF,계획품,,상시,,,,0,7,0,0
gray,재고불요,Q1040065,SEO26FF,계획품,,상시,,,,0,1,0,0
gray,재고불요,Q1040129,SEO26FF,계획품,,상시,,,,0,3,0,0
gray,재고불요,Q1080541,SEO26FF,계획품,,상시,,,,0,1,0,0
gray,재고불요,Q1080794,SEO26FF,계획품,,상시,,,,0,4,0,0
gray,재고불요,Q1080969,SEO26FF,계획품,,상시,,,,0,2,0,0
gray,재고불요,Q1080970,SEO26FF,계획품,,상시,,,,0,1,0,0
gray,재고불요,Q1113604,SEO26FF,계획품,,상시,,,,0,24,0,0
gray,충분,Q2008527,SEO26FF,보험품,,상시,,,,1,2,0,0
gray,재고불요,Q2013987,SEO26FF,계획품,FM Crop Shear,상시,,,,0,2,0,0
gray,재고불요,Q2015221,SEO26FF,계획품,,상시,,,,0,3,0,0
gray,충분,Q2018730,SEO26FF,보험품,,상시,,,,5,11,0,0
gray,재고불요,Q2019637,SEO26FF,계획품,,상시,,,,0,3,0,0
gray,재고불요,Q1072616,SEO26FF,계획품,,상시,,,,0,8,0,0
gray,재고불요,Q1072668,SEO26FF,보험품,,상시,,,,0,20,0,0
gray,재고불요,Q1072924,SEO26FF,계획품,,상시,,,,0,2,0,0
gray,재고불요,Q1072926,SEO26FF,계획품,,상시,,,,0,3,0,0
gray,재고불요,Q1072928,SEO26FF,계획품,,상시,,,,0,2,0,0
gray,충분,Q1072961,SEO26FF,보험품,,상시,,,,2,4,0,0
gray,충분,Q1072973,SEO26FF,보험품,,상시,,,,9,14,0,0
gray,재고충분,Q1072995,SEO26FF,계획품,FM Roll Alignment,대수리,2026-09-04,2026-05-17,-109,1,1,0,0
gray,재고불요,Q1073040,SEO26FF,계획품,,상시,,,,0,1,0,0
gray,재고불요,Q1073183,SEO26FF,계획품,,상시,,,,0,1,0,0
gray,재고불요,Q1073184,SEO26FF,계획품,,상시,,,,0,1,0,0
gray,재고불요,Q1073210,SEO26FF,계획품,,상시,,,,0,1,0,0
gray,재고불요,Q1073215,SEO26FF,계획품,,상시,,,,0,1,0,0
gray,재고불요,Q1073310,SEO26FF,계획품,,상시,,,,0,1,0,0
gray,재고불요,Q1073449,SEO26FF,계획품,,상시,,,,0,1,0,0
gray,재고불요,Q1073553,SEO26FF,계획품,,상시,,,,0,4,0,0
gray,재고불요,Q1073594,SEO26FF,계획품,,상시,,,,0,8,0,0
gray,재고불요,Q1073865,SEO26FF,보험품,,상시,,,,0,2,0,0
gray,재고불요,Q1073866,SEO26FF,보험품,,상시,,,,0,2,0,0
gray,재고불요,Q1073870,SEO26FF,보험품,,상시,,,,0,2,0,0
gray,재고불요,Q1121309,SEO26FF,계획품,,상시,,,,0,1,0,0
gray,재고불요,Q1122097,SEO26FF,보험품,,상시,,,,0,100,0,0
gray,재고불요,Q2011794,SEO26FF,계획품,,상시,,,,0,6,0,0
gray,재고불요,Q1076627,SEO26FF,계획품,,상시,,,,0,1,0,0
gray,재고불요,Q1076630,SEO26FF,계획품,,상시,,,,0,2,0,0
gray,재고불요,Q1077340,SEO26FF,계획품,,상시,,,,0,1,0,0
gray,재고불요,Q1077367,SEO26FF,계획품,,상시,,,,0,3,0,0
gray,재고충분,Q1077400,SEO26FF,계획품,FM Roll Alignment,대수리,2026-09-04,2026-05-10,-116,1,2,0,0
gray,재고불요,Q1077486,SEO26FF,계획품,,상시,,,,0,4,0,0
gray,재고불요,Q1077487,SEO26FF,계획품,,상시,,,,0,4,0,0
gray,재고충분,Q1077622,SEO26FF,계획품,FM Roll Alignment,대수리,2026-09-04,2026-03-29,-158,1,1,0,0
gray,재고불요,Q1077646,SEO26FF,계획품,,상시,,,,0,1,0,0
gray,재고불요,Q1077676,SEO26FF,계획품,,상시,,,,0,40,0,0
gray,충분,Q1077684,SEO26FF,보험품,,상시,,,,1,3,0,0
gray,충분,Q1077685,SEO26FF,보험품,,상시,,,,1,3,0,0
gray,재고불요,Q1077724,SEO26FF,계획품,,상시,,,,0,6,0,0
gray,재고불요,Q1077747,SEO26FF,계획품,,상시,,,,0,1,0,0
gray,재고불요,Q1077761,SEO26FF,계획품,,상시,,,,0,7,0,0
gray,재고불요,Q1077763,SEO26FF,계획품,,상시,,,,0,7,0,0
gray,재고불요,Q1077776,SEO26FF,계획품,,상시,,,,0,4,0,0
gray,재고불요,Q1077777,SEO26FF,계획품,,상시,,,,0,12,0,0
gray,재고불요,Q1077786,SEO26FF,계획품,,상시,,,,0,1,0,0
gray,재고불요,Q1077922,SEO26FF,계획품,,상시,,,,0,1,0,0
gray,재고불요,Q1077925,SEO26FF,계획품,,상시,,,,0,4,0,0
gray,충분,Q1078005,SEO26FF,보험품,,상시,,,,1,2,0,0
gray,재고불요,Q1072889,SEO26FF,계획품,,상시,,,,0,2,0,0
gray,재고불요,Q2028329,SEO26FF,계획품,FM Crop Shear,상시,,,,0,1,0,0
gray,재고불요,Q1007239,SEO26FF,보험품,FM Main Motor,상시,,,,0,5,0,0
gray,재고불요,Q1072930,SEO26FF,계획품,,상시,,,,0,2,0,0
gray,충분,Q1073256,SEO26FF,보험품,,상시,,,,2,4,0,0
gray,재고충분,Q1080496,SEO26FF,계획품,FM Roll Alignment,대수리,2026-09-04,2026-02-15,-200,2,2,0,0
gray,충분,Q2026952,SEO26FF,보험품,,상시,,,,3,4,0,0
gray,충분,Q2032488,SEO26FF,보험품,,상시,,,,2,3,0,0
gray,충분,Q2032490,SEO26FF,보험품,,상시,,,,1,4,0,0
gray,충분,Q2032491,SEO26FF,보험품,,상시,,,,1,4,0,0
gray,재고불요,Q2038307,SEO26FF,계획품,,상시,,,,0,4,0,0
gray,재고불요,Q2039356,SEO26FF,계획품,,상시,,,,0,1,0,0
gray,재고불요,Q2040220,SEO26FF,계획품,,상시,,,,0,2,0,0
gray,충분,Q2052411,SEO26FF,보험품,FM Main Motor,상시,,,,1,2,0,0
gray,충분,Q2055671,SEO26FF,보험품,FM Main Motor,상시,,,,6,8,0,0
gray,재고불요,Q2055698,SEO26FF,계획품,,상시,,,,0,4,0,0
gray,재고불요,Q2059079,SEO26FF,보험품,,상시,,,,0,1,0,0
gray,충분,Q2059080,SEO26FF,보험품,,상시,,,,5,10,0,0
gray,충분,Q2059081,SEO26FF,보험품,,상시,,,,2,10,0,0
gray,충분,Q2059083,SEO26FF,보험품,,상시,,,,8,10,0,0
gray,충분,Q2060460,SEO26FF,보험품,,상시,,,,1,2,0,0
gray,재고불요,Q2060462,SEO26FF,계획품,,상시,,,,0,1,0,0
gray,재고불요,Q2064662,SEO26FF,계획품,,상시,,,,0,2,0,0
gray,재고불요,Q2065292,SEO26FF,계획품,,상시,,,,0,1,0,0
gray,재고불요,Q2068400,SEO26FF,계획품,FM Crop Shear,상시,,,,0,2,0,0
gray,재고불요,Q2070790,SEO26FF,계획품,,상시,,,,0,1,0,0
gray,충분,Q2070791,SEO26FF,계획품,,상시,,,,1,3,0,0
gray,재고불요,Q2070796,SEO26FF,계획품,,상시,,,,0,2,0,0
gray,재고불요,Q2070800,SEO26FF,계획품,,상시,,,,0,4,0,0
gray,재고충분,Q2070801,SEO26FF,계획품,FM Roll Alignment,대수리,2026-09-04,2026-05-23,-103,2,4,0,0
gray,재고불요,Q2074351,SEO26FF,보험품,,상시,,,,0,1,0,0
gray,충분,Q2076458,SEO26FF,보험품,,상시,,,,5,6,0,0
gray,재고불요,Q2076463,SEO26FF,보험품,,상시,,,,0,1,0,0
gray,충분,Q2079650,SEO26FF,보험품,,상시,,,,1,2,0,0
gray,충분,Q2079652,SEO26FF,보험품,,상시,,,,1,2,0,0
gray,충분,Q2079654,SEO26FF,보험품,,상시,,,,1,2,0,0
gray,충분,Q2079803,SEO26FF,보험품,FM Main Motor,상시,,,,4,8,0,0
gray,재고불요,Q2082726,SEO26FF,보험품,,상시,,,,0,10,0,0
gray,충분,Q2082954,SEO26FF,보험품,,상시,,,,4,10,0,0
gray,재고불요,Q2086017,SEO26FF,계획품,,상시,,,,0,1,0,0
gray,충분,Q2086434,SEO26FF,보험품,FM Main Motor,상시,,,,1,2,0,0
gray,충분,Q2086435,SEO26FF,보험품,,상시,,,,1,2,0,0
gray,재고불요,Q2086682,SEO26FF,보험품,,상시,,,,0,10,0,0
gray,재고불요,Q2095005,SEO26FF,계획품,,상시,,,,0,1,0,0
gray,충분,Q2095006,SEO26FF,보험품,,상시,,,,1,4,0,0
gray,충분,Q2095020,SEO26FF,보험품,FM Edge Heater,상시,,,,4,10,0,0
gray,재고불요,Q2095032,SEO26FF,계획품,,상시,,,,0,1,0,0
gray,충분,Q2097306,SEO26FF,보험품,FM Main Motor,상시,,,,4,12,0,0
gray,재고불요,Q2097711,SEO26FF,계획품,,상시,,,,0,1,0,0
gray,재고불요,Q2097972,SEO26FF,계획품,,상시,,,,0,2,0,0
gray,재고불요,Q2098351,SEO26FF,계획품,,상시,,,,0,2,0,0
gray,재고불요,Q2098353,SEO26FF,계획품,,상시,,,,0,2,0,0
gray,재고불요,Q2098900,SEO26FF,계획품,,상시,,,,0,1,0,0
gray,재고불요,Q2100582,SEO26FF,계획품,FM Hot Leveller,상시,,,,0,8,0,0
gray,충분,Q2101008,SEO26FF,보험품,FM Screw Down,상시,,,,2,8,0,0
gray,충분,Q2101010,SEO26FF,보험품,FM Screw Down,상시,,,,2,8,0,0
gray,재고불요,Q2101882,SEO26FF,계획품,,상시,,,,0,1,0,0
gray,재고불요,Q2102570,SEO26FF,계획품,,상시,,,,0,2,0,0
gray,재고불요,Q2104247,SEO26FF,계획품,,상시,,,,0,2,0,0
gray,재고충분,Q2116016,SEO26FF,계획품,FM Spindle 감속기,대수리,2026-09-04,2026-05-03,-123,6,8,0,0
gray,재고불요,Q2116265,SEO26FF,계획품,,상시,,,,0,5,0,0
gray,충분,Q2117078,SEO26FF,보험품,,상시,,,,4,8,0,0
gray,재고불요,Q2119613,SEO26FF,보험품,,상시,,,,0,4,0,0
gray,충분,Q2120491,SEO26FF,보험품,FM Spindle 감속기,상시,,,,4,6,0,0
gray,재고충분,Q2122540,SEO26FF,계획품,FM Main Motor,대수리,2026-09-04,2026-03-13,-174,1,1,0,0
gray,재고불요,Q2125396,SEO26FF,계획품,,상시,,,,0,2,0,0
gray,재고불요,Q2125412,SEO26FF,계획품,,상시,,,,0,2,0,0
gray,재고불요,Q2125413,SEO26FF,계획품,,상시,,,,0,2,0,0
gray,재고불요,Q2125462,SEO26FF,계획품,,상시,,,,0,2,0,0
gray,재고불요,Q2125464,SEO26FF,계획품,,상시,,,,0,2,0,0
gray,재고불요,Q2126080,SEO26FF,계획품,,상시,,,,0,1,0,0
gray,재고불요,Q2126459,SEO26FF,보험품,,상시,,,,0,40,0,0
gray,재고불요,Q2133117,SEO26FF,보험품,,상시,,,,0,1,0,0
gray,충분,Q2135729,SEO26FF,보험품,,상시,,,,9,11,0,0
gray,재고불요,Q2137371,SEO26FF,계획품,,상시,,,,0,1,0,0
gray,재고불요,Q2137920,SEO26FF,계획품,,상시,,,,0,4,0,0
gray,재고불요,Q2137922,SEO26FF,계획품,,상시,,,,0,2,0,0
gray,재고충분,Q2142284,SEO26FF,계획품,FM Main Motor,대수리,2026-09-04,2026-04-08,-148,2,10,0,0
gray,재고충분,Q2142898,SEO26FF,계획품,FM Pinion Stand,대수리,2026-09-04,2026-05-17,-109,3,4,0,0
gray,충분,Q2143052,SEO26FF,보험품,,상시,,,,4,6,0,0
gray,재고불요,Q2144319,SEO26FF,계획품,,상시,,,,0,1,0,0
gray,재고충분,Q2146787,SEO26FF,계획품,QOC Servo,대수리,2026-09-04,2025-12-03,-274,1,1,0,0
gray,재고불요,Q2147980,SEO26FF,계획품,,상시,,,,0,2,0,0
gray,재고충분,Q2154362,SEO26FF,계획품,FM Main Motor,대수리,2026-09-04,2026-01-10,-236,2,2,0,0
gray,재고불요,Q2162230,SEO26FF,계획품,,상시,,,,0,2,0,0
gray,재고충분,Q2162413,SEO26FF,계획품,FM Screw Down,대수리,2026-09-04,2026-05-17,-109,2,2,0,0
gray,재고충분,Q2163394,SEO26FF,계획품,FM Main Motor,대수리,2026-09-04,2026-05-19,-107,1,2,0,0
gray,재고불요,Q2166135,SEO26FF,계획품,,상시,,,,0,2,0,0
gray,재고불요,Q2166833,SEO26FF,계획품,,상시,,,,0,4,0,0
gray,재고불요,Q2168061,SEO26FF,계획품,,상시,,,,0,2,0,0
gray,재고불요,Q2168437,SEO26FF,계획품,,상시,,,,0,2,0,0
gray,재고불요,Q2169758,SEO26FF,계획품,,상시,,,,0,1,0,0
gray,재고불요,Q2173282,SEO26FF,계획품,,상시,,,,0,1,0,0
gray,재고불요,Q2177492,SEO26FF,계획품,FM Hot Leveller,상시,,,,0,1,0,0
gray,재고불요,Q2177493,SEO26FF,계획품,,상시,,,,0,1,0,0
gray,재고불요,Q2184244,SEO26FF,계획품,FM Crop Shear,상시,,,,0,1,0,0
gray,재고불요,Q2184478,SEO26FF,계획품,FM Crop Shear,상시,,,,0,1,0,0
gray,재고불요,Q2184712,SEO26FF,계획품,,상시,,,,0,2,0,0
gray,충분,Q2187474,SEO26FF,보험품,FM Main Motor,상시,,,,5,7,0,0
gray,재고불요,Q2190703,SEO26FF,계획품,FM Hot Leveller,상시,,,,0,1,0,0
gray,재고불요,Q2191618,SEO26FF,계획품,,상시,,,,0,30,0,0
gray,재고불요,Q2191857,SEO26FF,보험품,,상시,,,,0,10,0,0
gray,재고불요,Q2194210,SEO26FF,계획품,,상시,,,,0,3,0,0
gray,재고불요,Q2194211,SEO26FF,계획품,,상시,,,,0,3,0,0
gray,재고불요,Q2195767,SEO26FF,계획품,,상시,,,,0,2,0,0
gray,충분,Q2200464,SEO26FF,보험품,,상시,,,,2,8,0,0
gray,충분,Q2200465,SEO26FF,보험품,,상시,,,,2,8,0,0
gray,충분,Q2208062,SEO26FF,보험품,,상시,,,,4,10,0,0
gray,재고충분,Q2210205,SEO26FF,계획품,Stand Main TR,대수리,2026-09-04,2026-01-21,-225,2,4,0,0
gray,재고불요,Q2217711,SEO26FF,계획품,,상시,,,,0,1,0,0
gray,재고불요,Q2223743,SEO26FF,계획품,,상시,,,,0,2,0,0
gray,재고불요,Q2228203,SEO26FF,계획품,,상시,,,,0,2,0,0
gray,재고충분,Q2233578,SEO26FF,계획품,Stand Main TR,대수리,2026-09-04,2026-01-21,-225,1,2,0,0
gray,재고불요,Q2234798,SEO26FF,계획품,,상시,,,,0,1,0,0
gray,재고불요,Q4005375,SEO26FF,계획품,,상시,,,,0,2,0,0
gray,재고불요,Q4008483,SEO26FF,계획품,,상시,,,,0,8,0,0
gray,재고불요,Q4008484,SEO26FF,계획품,,상시,,,,0,10,0,0
gray,재고불요,Q4008971,SEO26FF,계획품,,상시,,,,0,2,0,0
gray,재고불요,Q4011271,SEO26FF,계획품,,상시,,,,0,5,0,0
gray,재고불요,Q4014292,SEO26FF,계획품,,상시,,,,0,8,0,0
gray,재고불요,Q4015950,SEO26FF,계획품,,상시,,,,0,1,0,0
gray,재고불요,Q4015951,SEO26FF,계획품,,상시,,,,0,1,0,0
gray,재고불요,Q4015952,SEO26FF,계획품,,상시,,,,0,1,0,0
gray,재고불요,Q4015953,SEO26FF,계획품,,상시,,,,0,1,0,0
gray,재고불요,Q4017406,SEO26FF,계획품,,상시,,,,0,2,0,0
gray,재고불요,Q4030002,SEO26FF,계획품,,상시,,,,0,4,0,0
gray,재고불요,Q4033165,SEO26FF,계획품,,상시,,,,0,2,0,0
gray,재고불요,Q4037546,SEO26FF,계획품,,상시,,,,0,2,0,0
gray,재고불요,Q4045098,SEO26FF,계획품,,상시,,,,0,2,0,0
gray,재고불요,Q4045501,SEO26FF,계획품,,상시,,,,0,16,0,0
gray,재고불요,Q4045748,SEO26FF,계획품,,상시,,,,0,5,0,0
gray,충분,Q4051167,SEO26FF,보험품,FM Hot Leveller,상시,,,,3,4,0,0
gray,재고불요,Q4057578,SEO26FF,계획품,,상시,,,,0,2,0,0
gray,충분,Q3200485,SEO26FF,보험품,,상시,,,,8,142,0,0
gray,재고불요,Q4079757,SEO26FF,계획품,,상시,,,,0,2,0,0
gray,재고불요,Q4080226,SEO26FF,계획품,,상시,,,,0,1,0,0
gray,충분,Q4084463,SEO26FF,보험품,,상시,,,,3,4,0,0
gray,재고불요,Q4104776,SEO26FF,계획품,,상시,,,,0,1,0,0
gray,재고불요,Q4034340,SEO26FF,계획품,,상시,,,,0,71,0,0
gray,충분,Q4140770,SEO26FF,보험품,,상시,,,,2,4,0,0
gray,충분,Q4156386,SEO26FF,보험품,,상시,,,,4,19,0,0
gray,재고불요,Q4168315,SEO26FF,계획품,,상시,,,,0,1,0,0
gray,재고충분,Q4168388,SEO26FF,계획품,FM Main Motor,대수리,2026-09-04,2026-06-07,-88,9,9,0,0
gray,충분,Q4189150,SEO26FF,보험품,,상시,,,,3,4,0,0
gray,재고충분,Q4198917,SEO26FF,계획품,FM Main Motor,대수리,2026-09-04,2026-05-23,-103,1,2,0,0
gray,재고불요,Q4200634,SEO26FF,계획품,,상시,,,,0,3,0,0
gray,충분,Q4204062,SEO26FF,보험품,FM Pinion Stand,상시,,,,1,2,0,0
gray,재고불요,Q4208633,SEO26FF,계획품,,상시,,,,0,2,0,0
gray,재고불요,Q4225250,SEO26FF,계획품,,상시,,,,0,1,0,0
gray,재고불요,Q4229869,SEO26FF,계획품,,상시,,,,0,2,0,0
gray,재고불요,Q4232896,SEO26FF,계획품,,상시,,,,0,33,0,0
gray,재고불요,Q4232897,SEO26FF,계획품,,상시,,,,0,66,0,0
gray,재고불요,Q4233153,SEO26FF,계획품,FM Crop Shear,상시,,,,0,4,0,0
gray,충분,Q4245535,SEO26FF,보험품,FM Main Motor,상시,,,,1,3,0,0
gray,충분,Q4245876,SEO26FF,보험품,,상시,,,,1,2,0,0
gray,재고불요,Q4251042,SEO26FF,계획품,,상시,,,,0,50,0,0
gray,재고불요,Q4278883,SEO26FF,계획품,,상시,,,,0,1,0,0
gray,충분,Q4280135,SEO26FF,보험품,,상시,,,,4,16,0,0
gray,재고충분,Q4295492,SEO26FF,계획품,EP 집진기 TR,대수리,2026-09-04,2026-05-25,-101,1,3,0,0
gray,재고불요,Q4102245,SEO26FF,보험품,,상시,,,,0,6,0,0
gray,재고불요,Q3401267,SEO26FF,보험품,,상시,,,,0,2,0,0
gray,재고불요,Q4308842,SEO26FF,계획품,FM Crop Shear,상시,,,,0,1,0,0
gray,재고불요,Q4310783,SEO26FF,계획품,FM Crop Shear,상시,,,,0,2,0,0
gray,재고불요,Q4342710,SEO26FF,계획품,,상시,,,,0,20,0,0
gray,재고충분,Q4347498,SEO26FF,계획품,FM Spindle 감속기,대수리,2026-09-04,2026-05-16,-110,1,1,0,0
gray,재고불요,Q4348128,SEO26FF,보험품,,상시,,,,0,400,0,0
gray,재고불요,Q4349846,SEO26FF,계획품,,상시,,,,0,6,0,0
gray,재고불요,Q4354776,SEO26FF,계획품,,상시,,,,0,12,0,0
gray,재고불요,Q4383840,SEO26FF,계획품,,상시,,,,0,1,0,0
gray,재고불요,Q4383841,SEO26FF,계획품,,상시,,,,0,2,0,0
gray,재고불요,Q4390712,SEO26FF,계획품,,상시,,,,0,1,0,0
gray,충분,Q4403031,SEO26FF,보험품,,상시,,,,2,4,0,0
gray,충분,Q4410007,SEO26FF,보험품,,상시,,,,3,6,0,0
gray,충분,Q4412119,SEO26FF,보험품,FM Roll Alignment,상시,,,,1,2,0,0
gray,재고충분,Q4412288,SEO26FF,계획품,FM Spindle 감속기,대수리,2026-09-04,2026-04-03,-153,1,2,0,0
gray,재고불요,Q4412576,SEO26FF,계획품,,상시,,,,0,1,0,0
gray,재고충분,Q4416013,SEO26FF,계획품,FM Spindle 감속기,대수리,2026-09-04,2026-04-24,-132,1,1,0,0
gray,재고불요,Q4416076,SEO26FF,계획품,,상시,,,,0,2,0,0
gray,재고불요,Q4416082,SEO26FF,계획품,,상시,,,,0,1,0,0
gray,재고불요,Q4418347,SEO26FF,계획품,,상시,,,,0,1,0,0
gray,재고불요,Q4419678,SEO26FF,계획품,,상시,,,,0,3,0,0
gray,재고불요,Q4423761,SEO26FF,계획품,,상시,,,,0,2,0,0
gray,재고불요,Q4444346,SEO26FF,계획품,,상시,,,,0,1,0,0
gray,재고충분,Q4468493,SEO26FF,계획품,FM Main Motor,대수리,2026-09-04,2026-05-24,-102,1,2,0,0
gray,재고충분,Q4468503,SEO26FF,계획품,FM Main Motor,대수리,2026-09-04,2026-05-14,-112,1,1,0,0
gray,재고충분,Q4468504,SEO26FF,계획품,FM Main Motor,대수리,2026-09-04,2026-05-24,-102,1,1,0,0
gray,재고충분,Q4470227,SEO26FF,계획품,FM Main Motor,대수리,2026-09-04,2026-05-27,-99,1,1,0,0
gray,재고불요,Q4471030,SEO26FF,계획품,,상시,,,,0,1,0,0
gray,충분,QS414625,SEO26FF,보험품,,상시,,,,4,10,0,0
gray,재고충분,Q4474243,SEO26FF,계획품,FM Main Motor,대수리,2026-09-04,2026-05-21,-105,1,1,0,0
gray,충분,Q4497103,SEO26FF,보험품,,상시,,,,1,4,0,0
gray,충분,Q4499010,SEO26FF,보험품,,상시,,,,1,4,0,0
gray,충분,Q4501966,SEO26FF,보험품,FM Hot Leveller,상시,,,,1,8,0,0
gray,충분,Q4503767,SEO26FF,보험품,FM Hot Leveller,상시,,,,8,15,0,0
gray,재고불요,Q4503770,SEO26FF,계획품,FM Hot Leveller,상시,,,,0,10,0,0
gray,재고불요,Q4530897,SEO26FF,보험품,,상시,,,,0,1,0,0
gray,재고충분,Q4531078,SEO26FF,계획품,FM Main Motor,대수리,2026-09-04,2026-05-26,-100,2,3,0,0
gray,재고충분,Q4535892,SEO26FF,계획품,FM Roll Alignment,대수리,2026-09-04,2026-02-14,-201,1,2,0,0
gray,재고충분,Q4535894,SEO26FF,계획품,FM Roll Alignment,대수리,2026-09-04,2026-02-14,-201,1,2,0,0
gray,재고충분,Q4535900,SEO26FF,계획품,FM Roll Alignment,대수리,2026-09-04,2026-02-28,-187,1,1,0,0
gray,재고충분,Q4535902,SEO26FF,계획품,FM Roll Alignment,대수리,2026-09-04,2026-02-04,-211,1,1,0,0
gray,재고불요,Q4537595,SEO26FF,계획품,,상시,,,,0,2,0,0
gray,재고불요,Q4543363,SEO26FF,보험품,,상시,,,,0,1,0,0
gray,재고불요,Q4548256,SEO26FF,계획품,,상시,,,,0,1,0,0
gray,재고불요,Q4548258,SEO26FF,계획품,,상시,,,,0,1,0,0
gray,재고불요,Q4548259,SEO26FF,계획품,,상시,,,,0,1,0,0
gray,재고불요,Q4548260,SEO26FF,계획품,,상시,,,,0,1,0,0
gray,재고불요,Q4551506,SEO26FF,계획품,,상시,,,,0,1,0,0
gray,충분,Q4559600,SEO26FF,보험품,,상시,,,,2,3,0,0
gray,재고불요,Q4573456,SEO26FF,보험품,,상시,,,,0,1,0,0
gray,충분,Q4576432,SEO26FF,보험품,,상시,,,,2,4,0,0
gray,충분,Q4585577,SEO26FF,보험품,RM Stand Adjust,상시,,,,1,3,0,0
gray,재고불요,Q4585578,SEO26FF,보험품,,상시,,,,0,5,0,0
gray,재고불요,Q4605205,SEO26FF,보험품,,상시,,,,0,2,0,0
gray,재고불요,Q4605206,SEO26FF,보험품,,상시,,,,0,2,0,0
gray,충분,Q4606740,SEO26FF,보험품,,상시,,,,7,28,0,0
gray,재고불요,Q4610709,SEO26FF,계획품,,상시,,,,0,10,0,0
gray,재고불요,Q4611811,SEO26FF,보험품,,상시,,,,0,4,0,0
gray,재고불요,Q4616814,SEO26FF,보험품,,상시,,,,0,2,0,0
gray,재고불요,Q4626564,SEO26FF,계획품,,상시,,,,0,150,0,0
gray,재고불요,Q4627208,SEO26FF,계획품,,상시,,,,0,1,0,0
gray,충분,Q4653124,SEO26FF,보험품,,상시,,,,1,2,0,0
gray,재고불요,Q4635563,SEO26FF,보험품,,상시,,,,0,10,0,0
gray,재고불요,Q4636078,SEO26FF,보험품,,상시,,,,0,20,0,0
gray,재고불요,Q4635441,SEO26FF,보험품,,상시,,,,0,2,0,0
gray,재고불요,Q4642447,SEO26FF,보험품,,상시,,,,0,1,0,0
gray,재고불요,Q4662921,SEO26FF,보험품,,상시,,,,0,8,0,0
gray,재고불요,Q4663525,SEO26FF,계획품,,상시,,,,0,3,0,0
gray,충분,Q4640645,SEO26FF,보험품,,상시,,,,1,3,0,0
gray,재고불요,Q4671514,SEO26FF,보험품,,상시,,,,0,1,0,0
gray,재고불요,Q4659090,SEO26FF,계획품,,상시,,,,0,1,0,0
gray,재고불요,Q4675700,SEO26FF,보험품,,상시,,,,0,1,0,0
gray,재고충분,Q4676007,SEO26FF,계획품,FM Main Motor,대수리,2026-09-04,2026-06-06,-89,1,1,0,0
gray,재고불요,Q4668630,SEO26FF,보험품,,상시,,,,0,1,0,0
gray,재고불요,Q4668643,SEO26FF,보험품,,상시,,,,0,1,0,0
gray,재고불요,Q4670923,SEO26FF,보험품,,상시,,,,0,1,0,0
gray,재고불요,Q4677113,SEO26FF,보험품,,상시,,,,0,2,0,0
gray,재고불요,Q4679740,SEO26FF,계획품,,상시,,,,0,3,0,0
gray,재고불요,Q4681514,SEO26FF,계획품,,상시,,,,0,8,0,0
gray,재고불요,Q4681315,SEO26FF,계획품,,상시,,,,0,1,0,0
gray,재고충분,Q4704375,SEO26FF,계획품,FM Main Motor,대수리,2026-09-04,2026-02-23,-192,1,1,0,0
gray,충분,Q4686594,SEO26FF,보험품,QOC Servo,상시,,,,1,2,0,0
gray,재고불요,Q4691588,SEO26FF,보험품,,상시,,,,0,1,0,0
gray,재고불요,Q4696404,SEO26FF,계획품,,상시,,,,0,2,0,0
gray,재고불요,Q4697155,SEO26FF,계획품,,상시,,,,0,1,0,0
gray,재고충분,Q4709438,SEO26FF,계획품,FM Main Motor,대수리,2026-09-04,2026-05-15,-111,1,2,0,0
gray,재고불요,Q4695959,SEO26FF,계획품,,상시,,,,0,1,0,0
gray,재고불요,Q4695963,SEO26FF,계획품,,상시,,,,0,1,0,0
gray,재고불요,Q4695964,SEO26FF,계획품,,상시,,,,0,1,0,0
gray,재고불요,Q4695965,SEO26FF,계획품,,상시,,,,0,1,0,0
gray,재고불요,Q4709544,SEO26FF,계획품,,상시,,,,0,3,0,0
gray,재고불요,Q4709545,SEO26FF,계획품,,상시,,,,0,4,0,0
gray,재고불요,Q4688109,SEO26FF,보험품,,상시,,,,0,1,0,0
gray,재고불요,Q4699400,SEO26FF,보험품,,상시,,,,0,2,0,0
gray,재고불요,Q4699194,SEO26FF,계획품,,상시,,,,0,2,0,0
gray,충분,Q4698941,SEO26FF,계획품,FM Hot Leveller,상시,,,,1,2,0,0
gray,재고불요,Q4712148,SEO26FF,계획품,,상시,,,,0,1,0,0
gray,재고불요,Q4712149,SEO26FF,계획품,,상시,,,,0,1,0,0
gray,재고불요,Q4712150,SEO26FF,계획품,,상시,,,,0,1,0,0
gray,재고불요,Q4712151,SEO26FF,계획품,,상시,,,,0,1,0,0
gray,재고불요,Q4712152,SEO26FF,계획품,,상시,,,,0,1,0,0
gray,재고불요,Q4712503,SEO26FF,계획품,,상시,,,,0,1,0,0
gray,재고불요,Q4712672,SEO26FF,계획품,FM Crop Shear,상시,,,,0,1,0,0
gray,재고불요,Q4716626,SEO26FF,계획품,,상시,,,,0,40,0,0
gray,재고불요,Q4716627,SEO26FF,계획품,,상시,,,,0,40,0,0
gray,재고불요,Q4702499,SEO26FF,계획품,,상시,,,,0,2,0,0
gray,재고불요,Q4702501,SEO26FF,계획품,,상시,,,,0,10,0,0
gray,재고불요,Q4702503,SEO26FF,계획품,,상시,,,,0,1,0,0
gray,재고불요,Q4702505,SEO26FF,계획품,,상시,,,,0,2,0,0
gray,재고불요,Q4702518,SEO26FF,계획품,,상시,,,,0,1,0,0
gray,재고불요,Q4702521,SEO26FF,계획품,,상시,,,,0,1,0,0
gray,재고불요,Q4702522,SEO26FF,계획품,,상시,,,,0,1,0,0
gray,재고불요,Q4702525,SEO26FF,계획품,,상시,,,,0,1,0,0
gray,재고불요,Q4702528,SEO26FF,계획품,,상시,,,,0,1,0,0
gray,재고불요,Q4702532,SEO26FF,계획품,,상시,,,,0,1,0,0
gray,재고불요,Q4702536,SEO26FF,계획품,,상시,,,,0,1,0,0
gray,재고충분,Q4701430,SEO26FF,계획품,FM Main Motor,대수리,2026-09-04,2026-05-23,-103,1,6,0,0
gray,재고불요,Q4700741,SEO26FF,보험품,,상시,,,,0,1,0,0
gray,재고불요,Q4700628,SEO26FF,계획품,,상시,,,,0,1,0,0
gray,재고불요,Q4700632,SEO26FF,계획품,,상시,,,,0,2,0,0
gray,재고불요,Q4700633,SEO26FF,계획품,,상시,,,,0,2,0,0
gray,재고불요,Q4700636,SEO26FF,계획품,,상시,,,,0,1,0,0
gray,재고불요,Q4710841,SEO26FF,계획품,,상시,,,,0,10,0,0
gray,재고불요,Q4711186,SEO26FF,계획품,,상시,,,,0,1,0,0
gray,재고불요,Q4711077,SEO26FF,계획품,,상시,,,,0,1,0,0
gray,재고불요,Q4711472,SEO26FF,계획품,,상시,,,,0,1,0,0
gray,재고불요,Q4711473,SEO26FF,계획품,,상시,,,,0,2,0,0
gray,재고불요,Q4693469,SEO26FF,계획품,,상시,,,,0,1,0,0
gray,재고불요,Q4694508,SEO26FF,계획품,,상시,,,,0,42,0,0
gray,재고불요,Q4693461,SEO26FF,계획품,,상시,,,,0,1,0,0
gray,재고불요,Q4693466,SEO26FF,계획품,,상시,,,,0,1,0,0
gray,충분,Q1048997,SEO26FF,보험품,,상시,,,,1,2,0,0
gray,충분,Q1137969,SEO26FF,보험품,,상시,,,,1,4,0,0
gray,충분,Q1218357,SEO26FF,보험품,,상시,,,,1,3,0,0
gray,충분,Q1219164,SEO26FF,보험품,,상시,,,,1,3,0,0
gray,충분,Q1260654,SEO26FF,보험품,,상시,,,,1,4,0,0
gray,충분,Q2088228,SEO26FF,보험품,,상시,,,,1,3,0,0
gray,충분,Q2130291,SEO26FF,보험품,,상시,,,,1,3,0,0
gray,충분,Q2185181,SEO26FF,보험품,,상시,,,,1,5,0,0
gray,충분,Q4017996,SEO26FF,보험품,,상시,,,,1,3,0,0
gray,충분,Q4017997,SEO26FF,보험품,,상시,,,,1,3,0,0
gray,충분,Q4017999,SEO26FF,보험품,,상시,,,,1,4,0,0
gray,충분,Q4018000,SEO26FF,보험품,,상시,,,,1,4,0,0
gray,충분,Q4018004,SEO26FF,보험품,,상시,,,,1,2,0,0
gray,충분,Q4018005,SEO26FF,보험품,,상시,,,,4,13,0,0
gray,충분,Q4018012,SEO26FF,보험품,,상시,,,,1,3,0,0
gray,충분,Q4018014,SEO26FF,보험품,,상시,,,,2,3,0,0
gray,충분,Q4169627,SEO26FF,보험품,,상시,,,,2,4,0,0
gray,충분,Q4192133,SEO26FF,보험품,,상시,,,,1,2,0,0
gray,충분,Q4192171,SEO26FF,보험품,,상시,,,,1,2,0,0
gray,충분,Q4230326,SEO26FF,보험품,,상시,,,,1,2,0,0
gray,충분,Q4269272,SEO26FF,보험품,,상시,,,,1,2,0,0
