Item,DeptCode,Type,TypeSource,Grade,CSP,CEQ,UnitCost,StockDept,StockAll,Target,OrderNeed,OrderAmount,Action,Reason
Q1000108,SEO26FF,보험품,master.csv,C,X,X,1422190,1,4,2,1,1422190,발주,"비핵심보험[C] μ_LT+SS(Z1.28)=2,상한4→2"
Q1042338,SEO26FF,보험품,master.csv,B,X,X,420000,1,1,1,0,0,유지,"비핵심보험[B] μ_LT+SS(Z1.65)=1,상한2→1"
Q1042383,SEO26FF,계획품,master.csv,B,X,X,1137500,2,2,0,0,0,감축,계획품 원칙0(비핵심설비→수리일정발주)
Q1052919,SEO26FF,보험품,master.csv,C,X,X,39000,2,2,3,1,39000,발주,"비핵심보험[C] μ_LT+SS(Z1.28)=3,상한8→3"
Q1052933,SEO26FF,계획품,master.csv,C,X,X,27500,2,2,0,0,0,감축,계획품 원칙0(비핵심설비→수리일정발주)
Q1053112,SEO26FF,보험품,master.csv,A,X,O,164100,4,4,2,0,0,감축,"핵심보험[A] μ_LT+SS(Z2.05)=2,상한4,기준1→2"
Q1053113,SEO26FF,보험품,master.csv,A,X,O,120800,4,4,2,0,0,감축,"핵심보험[A] μ_LT+SS(Z2.05)=2,상한4,기준1→2"
Q1053117,SEO26FF,계획품,master.csv,C,X,X,340000,2,2,0,0,0,감축,계획품 원칙0(비핵심설비→수리일정발주)
Q1053133,SEO26FF,보험품,master.csv,C,X,X,425000,2,2,2,0,0,유지,"비핵심보험[C] μ_LT+SS(Z1.28)=2,상한2→2"
Q1053210,SEO26FF,계획품,master.csv,C,X,X,20000,3,3,0,0,0,감축,계획품 원칙0(비핵심설비→수리일정발주)
Q1078241,SEO26FF,계획품,master.csv,C,X,X,465000,1,1,0,0,0,감축,계획품 원칙0(비핵심설비→수리일정발주)
Q1078244,SEO26FF,보험품,master.csv,B,X,X,415000,1,1,0,0,0,감축,비핵심보험[B] 소요無→0
Q1078248,SEO26FF,보험품,master.csv,A,X,O,150000,2,2,2,0,0,유지,"핵심보험[A] μ_LT+SS(Z2.05)=2,상한2,기준1→2"
Q1078249,SEO26FF,보험품,master.csv,A,X,O,141000,1,1,1,0,0,유지,"핵심보험[A] μ_LT+SS(Z2.05)=1,상한1,기준1→1"
Q1053247,SEO26FF,보험품,master.csv,A,X,O,26881,4,4,4,0,0,유지,"핵심보험[A] μ_LT+SS(Z2.05)=4,상한6,기준1→4"
Q1053248,SEO26FF,보험품,master.csv,A,X,O,21000,4,4,4,0,0,유지,"핵심보험[A] μ_LT+SS(Z2.05)=4,상한6,기준1→4"
Q1053287,SEO26FF,보험품,master.csv,A,X,O,25000,3,3,1,0,0,감축,"핵심보험[A] μ_LT+SS(Z2.05)=1,상한1,기준1→1"
Q1053317,SEO26FF,계획품,master.csv,A,X,O,36000,2,2,0,0,0,감축,핵심설비 계획품이나 3년무소요→0
Q1053318,SEO26FF,계획품,master.csv,A,X,O,36850,2,2,0,0,0,감축,핵심설비 계획품이나 3년무소요→0
Q1053378,SEO26FF,계획품,master.csv,A,X,O,67000,2,2,0,0,0,감축,핵심설비 계획품이나 3년무소요→0
Q1053392,SEO26FF,계획품,master.csv,C,X,X,176000,2,2,0,0,0,감축,계획품 원칙0(비핵심설비→수리일정발주)
Q1053400,SEO26FF,보험품,master.csv,C,X,X,150000,2,2,1,0,0,감축,"비핵심보험[C] μ_LT+SS(Z1.28)=1,상한1→1"
Q1053401,SEO26FF,보험품,master.csv,C,X,X,150000,1,1,1,0,0,유지,"비핵심보험[C] μ_LT+SS(Z1.28)=1,상한1→1"
Q1053468,SEO26FF,계획품,master.csv,C,X,X,190000,2,2,0,0,0,감축,계획품 원칙0(비핵심설비→수리일정발주)
Q1053581,SEO26FF,보험품,master.csv,B,X,X,9634025,1,1,1,0,0,유지,"비핵심보험[B] μ_LT+SS(Z1.65)=1,상한3→1"
Q1053588,SEO26FF,보험품,master.csv,C,X,X,65000,4,4,4,0,0,유지,"비핵심보험[C] μ_LT+SS(Z1.28)=4,상한8→4"
Q1053590,SEO26FF,보험품,master.csv,C,X,X,68750,4,4,2,0,0,감축,"비핵심보험[C] μ_LT+SS(Z1.28)=2,상한4→2"
Q1117822,SEO26FF,보험품,master.csv,C,X,X,1029700,1,1,0,0,0,감축,비핵심보험[C] 소요無→0
Q1051490,SEO26FF,보험품,master.csv,C,X,X,19716,8,8,2,0,0,감축,"비핵심보험[C] μ_LT+SS(Z1.28)=2,상한0→2"
Q1119268,SEO26FF,계획품,master.csv,C,X,X,23591,60,60,0,0,0,감축,계획품 원칙0(비핵심설비→수리일정발주)
Q1119452,SEO26FF,계획품,master.csv,B,X,X,30637,2,2,0,0,0,감축,계획품 원칙0(비핵심설비→수리일정발주)
Q1119526,SEO26FF,보험품,master.csv,C,X,X,317753,0,2,3,3,953259,발주,"비핵심보험[C] μ_LT+SS(Z1.28)=3,상한5→3"
Q1119649,SEO26FF,보험품,master.csv,C,X,X,103890,20,90,7,0,0,감축,"비핵심보험[C] μ_LT+SS(Z1.28)=7,상한20→7"
Q1119795,SEO26FF,보험품,master.csv,C,X,X,728590,1,6,1,0,0,유지,"비핵심보험[C] μ_LT+SS(Z1.28)=3,상한1→1"
Q1120753,SEO26FF,보험품,master.csv,B,X,X,91512,2,2,3,1,91512,발주,"비핵심보험[B] μ_LT+SS(Z1.65)=3,상한3→3"
Q1121188,SEO26FF,보험품,master.csv,C,X,X,384451,0,0,1,1,384451,발주,"비핵심보험[C] μ_LT+SS(Z1.28)=2,상한1→1"
Q1000751,SEO26FF,계획품,master.csv,B,X,X,1285000,2,2,0,0,0,감축,계획품 원칙0(비핵심설비→수리일정발주)
Q1204795,SEO26FF,보험품,master.csv,C,X,X,16373,12,12,2,0,0,감축,"비핵심보험[C] μ_LT+SS(Z1.28)=3,상한2→2"
Q1204949,SEO26FF,보험품,master.csv,C,X,X,1880,13,33,4,0,0,감축,"비핵심보험[C] μ_LT+SS(Z1.28)=4,상한10→4"
Q1305036,SEO26FF,계획품,master.csv,C,X,X,2867,10,10,0,0,0,감축,계획품 원칙0(비핵심설비→수리일정발주)
Q1002238,SEO26FF,보험품,master.csv,C,X,X,197767,1,1,1,0,0,유지,"비핵심보험[C] μ_LT+SS(Z1.28)=1,상한1→1"
Q1002292,SEO26FF,보험품,master.csv,C,X,X,1766,10,25,0,0,0,감축,비핵심보험[C] 소요無→0
Q1201276,SEO26FF,보험품,master.csv,B,X,X,475153,1,1,2,1,475153,발주,"비핵심보험[B] μ_LT+SS(Z1.65)=2,상한3→2"
Q1201564,SEO26FF,보험품,master.csv,C,X,X,98467200,1,3,2,1,98467200,발주,"비핵심보험[C] μ_LT+SS(Z1.28)=2,상한10→2"
Q1004847,SEO26FF,계획품,master.csv,C,X,X,48014,30,30,0,0,0,감축,계획품 원칙0(비핵심설비→수리일정발주)
Q1005323,SEO26FF,계획품,master.csv,C,X,X,4509,323,1210,0,0,0,감축,계획품 원칙0(비핵심설비→수리일정발주)
Q1011982,SEO26FF,계획품,master.csv,B,X,X,2791,100,100,0,0,0,감축,계획품 원칙0(비핵심설비→수리일정발주)
Q1021614,SEO26FF,보험품,master.csv,B,X,X,118,10,10,10,0,0,유지,"비핵심보험[B] μ_LT+SS(Z1.65)=10,상한10→10"
Q1021836,SEO26FF,보험품,master.csv,C,X,X,56,3,16,63,60,3335,발주,"비핵심보험[C] μ_LT+SS(Z1.28)=63,상한100→63"
Q1021920,SEO26FF,보험품,master.csv,C,X,X,611,15,73,8,0,0,감축,"비핵심보험[C] μ_LT+SS(Z1.28)=8,상한24→8"
Q1030043,SEO26FF,계획품,master.csv,A,X,O,210000,1,1,0,0,0,감축,핵심설비 계획품이나 소요비활발(λ0.1)→0
Q1030044,SEO26FF,계획품,master.csv,A,X,O,210000,1,1,0,0,0,감축,핵심설비 계획품이나 소요비활발(λ0.2)→0
Q1030453,SEO26FF,계획품,master.csv,C,X,X,51285,6,7,0,0,0,감축,계획품 원칙0(비핵심설비→수리일정발주)
Q1293261,SEO26FF,계획품,master.csv,B,X,X,11770000,1,1,0,0,0,감축,계획품 원칙0(비핵심설비→수리일정발주)
Q1297201,SEO26FF,보험품,master.csv,B,X,X,343,22,22,2,0,0,감축,"비핵심보험[B] μ_LT+SS(Z1.65)=2,상한5→2"
Q1297240,SEO26FF,계획품,master.csv,B,X,X,63716,2,2,0,0,0,감축,계획품 원칙0(비핵심설비→수리일정발주)
Q1308654,SEO26FF,계획품,master.csv,C,X,X,895678,1,3,0,0,0,감축,계획품 원칙0(비핵심설비→수리일정발주)
Q1012773,SEO26FF,계획품,master.csv,B,X,X,12404,2,2,0,0,0,감축,계획품 원칙0(비핵심설비→수리일정발주)
Q1012781,SEO26FF,보험품,master.csv,B,X,X,4135,50,50,100,50,206750,발주,"비핵심보험[B] μ_LT+SS(Z1.65)=100,상한200→100"
Q1018930,SEO26FF,보험품,master.csv,C,X,X,3169,1,14,0,0,0,감축,비핵심보험[C] 소요無→0
Q1019015,SEO26FF,보험품,master.csv,A,X,X,509949,1,1,3,2,1019898,발주,"비핵심보험[A] μ_LT+SS(Z2.05)=3,상한5→3"
Q1019385,SEO26FF,계획품,master.csv,S,X,O,41063883,2,2,0,0,0,감축,핵심설비 계획품이나 소요비활발(λ0.4)→0
Q1023561,SEO26FF,보험품,master.csv,B,X,X,2300,14,14,7,0,0,감축,"비핵심보험[B] μ_LT+SS(Z1.65)=7,상한22→7"
Q1023576,SEO26FF,보험품,master.csv,C,X,X,12440,1,1,3,2,24880,발주,"비핵심보험[C] μ_LT+SS(Z1.28)=3,상한3→3"
Q1024150,SEO26FF,보험품,master.csv,B,X,X,5834,9,9,6,0,0,감축,"비핵심보험[B] μ_LT+SS(Z1.65)=6,상한10→6"
Q1024335,SEO26FF,보험품,master.csv,C,X,X,31939,32,45,6,0,0,감축,"비핵심보험[C] μ_LT+SS(Z1.28)=6,상한10→6"
Q1031104,SEO26FF,계획품,master.csv,B,X,X,401049,1,1,0,0,0,감축,계획품 원칙0(비핵심설비→수리일정발주)
Q1031233,SEO26FF,보험품,master.csv,A,X,X,1690348,2,2,5,3,5071044,발주,"비핵심보험[A] μ_LT+SS(Z2.05)=5,상한6→5"
Q1031361,SEO26FF,계획품,master.csv,C,X,X,939998,3,7,0,0,0,감축,계획품 원칙0(비핵심설비→수리일정발주)
Q1031708,SEO26FF,보험품,master.csv,B,X,X,260175,1,1,1,0,0,유지,"비핵심보험[B] μ_LT+SS(Z1.65)=1,상한0→1"
Q1032182,SEO26FF,보험품,master.csv,A,X,O,558639,1,1,2,1,558639,발주,"핵심보험[A] μ_LT+SS(Z2.05)=2,상한2,기준1→2"
Q1035525,SEO26FF,계획품,master.csv,C,X,X,99452,4,22,0,0,0,감축,계획품 원칙0(비핵심설비→수리일정발주)
Q1036694,SEO26FF,보험품,master.csv,C,X,X,85000,3,3,0,0,0,감축,비핵심보험[C] 소요無→0
Q1036702,SEO26FF,보험품,master.csv,C,X,X,82500,3,3,2,0,0,감축,"비핵심보험[C] μ_LT+SS(Z1.28)=2,상한3→2"
Q1036822,SEO26FF,계획품,master.csv,B,X,X,570000,2,2,0,0,0,감축,계획품 원칙0(비핵심설비→수리일정발주)
Q1036844,SEO26FF,계획품,master.csv,C,X,X,650333,4,4,0,0,0,감축,계획품 원칙0(비핵심설비→수리일정발주)
Q1036971,SEO26FF,계획품,master.csv,C,X,X,560000,12,32,0,0,0,감축,계획품 원칙0(비핵심설비→수리일정발주)
Q1040729,SEO26FF,보험품,master.csv,C,X,X,1460000,2,3,2,0,0,유지,"비핵심보험[C] μ_LT+SS(Z1.28)=2,상한4→2"
Q1041363,SEO26FF,계획품,master.csv,B,X,X,1000000,1,1,0,0,0,감축,계획품 원칙0(비핵심설비→수리일정발주)
Q1041364,SEO26FF,보험품,master.csv,C,X,X,825000,5,5,2,0,0,감축,"비핵심보험[C] μ_LT+SS(Z1.28)=2,상한6→2"
Q1041372,SEO26FF,보험품,master.csv,C,X,X,4700000,4,4,2,0,0,감축,"비핵심보험[C] μ_LT+SS(Z1.28)=2,상한6→2"
Q1080083,SEO26FF,계획품,master.csv,A,X,O,1750000,1,1,0,0,0,감축,핵심설비 계획품이나 소요비활발(λ0.2)→0
Q1080084,SEO26FF,계획품,master.csv,A,X,O,1750000,1,1,0,0,0,감축,핵심설비 계획품이나 소요비활발(λ0.2)→0
Q1080117,SEO26FF,계획품,master.csv,B,X,X,20500,2,2,0,0,0,감축,계획품 원칙0(비핵심설비→수리일정발주)
Q1010099,SEO26FF,계획품,master.csv,C,X,X,43384,9,9,0,0,0,감축,계획품 원칙0(비핵심설비→수리일정발주)
Q1010193,SEO26FF,계획품,master.csv,C,X,X,14411,15,25,0,0,0,감축,계획품 원칙0(비핵심설비→수리일정발주)
Q1010224,SEO26FF,보험품,master.csv,C,X,X,116059,7,7,3,0,0,감축,"비핵심보험[C] μ_LT+SS(Z1.28)=3,상한7→3"
Q1010299,SEO26FF,보험품,master.csv,B,X,X,239090,4,4,7,3,717270,발주,"비핵심보험[B] μ_LT+SS(Z1.65)=7,상한10→7"
Q1015021,SEO26FF,계획품,master.csv,C,X,X,41,54,54,0,0,0,감축,계획품 원칙0(비핵심설비→수리일정발주)
Q1019683,SEO26FF,보험품,master.csv,A,X,X,10049325,2,2,7,5,50246625,발주,"비핵심보험[A] μ_LT+SS(Z2.05)=7,상한9→7"
Q1019689,SEO26FF,계획품,master.csv,A,X,X,8021737,3,3,0,0,0,감축,계획품 원칙0(비핵심설비→수리일정발주)
Q1019695,SEO26FF,계획품,master.csv,A,X,X,50274148,2,2,0,0,0,감축,계획품 원칙0(비핵심설비→수리일정발주)
Q1019962,SEO26FF,보험품,master.csv,C,X,X,310787,1,8,1,0,0,유지,"비핵심보험[C] μ_LT+SS(Z1.28)=1,상한0→1"
Q1020094,SEO26FF,계획품,master.csv,B,X,X,1898633,2,2,0,0,0,감축,계획품 원칙0(비핵심설비→수리일정발주)
Q1020168,SEO26FF,보험품,master.csv,C,X,X,3293252,2,3,6,4,13173009,발주,"비핵심보험[C] μ_LT+SS(Z1.28)=6,상한12→6"
Q1020996,SEO26FF,보험품,master.csv,B,X,X,87855,2,2,0,0,0,감축,비핵심보험[B] 소요無→0
Q1024603,SEO26FF,보험품,master.csv,B,X,X,16667,14,14,11,0,0,감축,"비핵심보험[B] μ_LT+SS(Z1.65)=11,상한40→11"
Q1024620,SEO26FF,보험품,master.csv,B,X,X,10833,10,10,12,2,21666,발주,"비핵심보험[B] μ_LT+SS(Z1.65)=12,상한40→12"
Q1029602,SEO26FF,보험품,master.csv,A,X,O,1650000,4,4,2,0,0,감축,"핵심보험[A] μ_LT+SS(Z2.05)=2,상한4,기준1→2"
Q1029614,SEO26FF,계획품,master.csv,A,X,O,1241316,1,1,0,0,0,감축,핵심설비 계획품이나 소요비활발(λ0.2)→0
Q1029653,SEO26FF,계획품,master.csv,A,X,O,150000,3,3,0,0,0,감축,핵심설비 계획품이나 3년무소요→0
Q1029662,SEO26FF,보험품,master.csv,C,X,X,275000,5,5,2,0,0,감축,"비핵심보험[C] μ_LT+SS(Z1.28)=2,상한5→2"
Q1029893,SEO26FF,계획품,master.csv,C,X,X,180000,1,3,0,0,0,감축,계획품 원칙0(비핵심설비→수리일정발주)
Q1033612,SEO26FF,보험품,master.csv,B,X,X,230834,2,2,1,0,0,감축,"비핵심보험[B] μ_LT+SS(Z1.65)=1,상한0→1"
Q1033796,SEO26FF,계획품,master.csv,B,X,X,161799,3,3,0,0,0,감축,계획품 원칙0(비핵심설비→수리일정발주)
Q1033995,SEO26FF,계획품,master.csv,A,X,X,26282850,5,5,0,0,0,감축,계획품 원칙0(비핵심설비→수리일정발주)
Q1034231,SEO26FF,계획품,master.csv,A,X,X,97916500,3,3,0,0,0,감축,계획품 원칙0(비핵심설비→수리일정발주)
Q1034397,SEO26FF,계획품,master.csv,B,X,X,1442980,6,6,0,0,0,감축,계획품 원칙0(비핵심설비→수리일정발주)
Q1039075,SEO26FF,계획품,master.csv,B,X,X,3390000,9,9,0,0,0,감축,계획품 원칙0(비핵심설비→수리일정발주)
Q1039945,SEO26FF,계획품,master.csv,C,X,X,830000,3,5,0,0,0,감축,계획품 원칙0(비핵심설비→수리일정발주)
Q1039948,SEO26FF,계획품,master.csv,B,X,X,2350000,3,3,0,0,0,감축,계획품 원칙0(비핵심설비→수리일정발주)
Q1039950,SEO26FF,보험품,master.csv,B,X,X,3380000,4,4,2,0,0,감축,"비핵심보험[B] μ_LT+SS(Z1.65)=2,상한3→2"
Q1039951,SEO26FF,계획품,master.csv,C,X,X,2600000,1,2,0,0,0,감축,계획품 원칙0(비핵심설비→수리일정발주)
Q1040051,SEO26FF,보험품,master.csv,S,O,X,3630000,1,1,2,1,3630000,발주,"핵심보험[S] μ_LT+SS(Z2.58)=2,상한2,기준2→2"
Q1040053,SEO26FF,계획품,master.csv,B,X,X,1220000,1,1,0,0,0,감축,계획품 원칙0(비핵심설비→수리일정발주)
Q1040054,SEO26FF,보험품,master.csv,B,X,X,1857000,2,2,2,0,0,유지,"비핵심보험[B] μ_LT+SS(Z1.65)=2,상한3→2"
Q1040058,SEO26FF,보험품,master.csv,B,X,X,690000,1,1,3,2,1380000,발주,"비핵심보험[B] μ_LT+SS(Z1.65)=3,상한5→3"
Q1040060,SEO26FF,계획품,master.csv,A,X,X,630000,7,7,0,0,0,감축,계획품 원칙0(비핵심설비→수리일정발주)
Q1040061,SEO26FF,보험품,master.csv,C,X,X,1950000,4,5,4,0,0,유지,"비핵심보험[C] μ_LT+SS(Z1.28)=4,상한10→4"
Q1040065,SEO26FF,계획품,master.csv,B,X,X,2005000,1,1,0,0,0,감축,계획품 원칙0(비핵심설비→수리일정발주)
Q1040129,SEO26FF,계획품,master.csv,B,X,X,2030000,3,3,0,0,0,감축,계획품 원칙0(비핵심설비→수리일정발주)
Q1080541,SEO26FF,계획품,master.csv,C,X,X,650000,1,1,0,0,0,감축,계획품 원칙0(비핵심설비→수리일정발주)
Q1080794,SEO26FF,계획품,master.csv,C,X,X,214800,4,4,0,0,0,감축,계획품 원칙0(비핵심설비→수리일정발주)
Q1080969,SEO26FF,계획품,master.csv,C,X,X,135000,2,2,0,0,0,감축,계획품 원칙0(비핵심설비→수리일정발주)
Q1080970,SEO26FF,계획품,master.csv,C,X,X,125000,1,1,0,0,0,감축,계획품 원칙0(비핵심설비→수리일정발주)
Q1113604,SEO26FF,계획품,master.csv,B,X,X,837206,24,24,0,0,0,감축,계획품 원칙0(비핵심설비→수리일정발주)
Q2008527,SEO26FF,보험품,master.csv,C,X,X,74000,2,2,1,0,0,감축,"비핵심보험[C] μ_LT+SS(Z1.28)=1,상한0→1"
Q2013987,SEO26FF,계획품,master.csv,S,X,O,5380000,2,2,0,0,0,감축,핵심설비 계획품이나 소요비활발(λ0.4)→0
Q2015221,SEO26FF,계획품,master.csv,C,X,X,626687,3,6,0,0,0,감축,계획품 원칙0(비핵심설비→수리일정발주)
Q2018730,SEO26FF,보험품,master.csv,C,X,X,187000,11,11,5,0,0,감축,"비핵심보험[C] μ_LT+SS(Z1.28)=5,상한8→5"
Q2019637,SEO26FF,계획품,master.csv,B,X,X,1400000,3,3,0,0,0,감축,계획품 원칙0(비핵심설비→수리일정발주)
Q1072616,SEO26FF,계획품,master.csv,B,X,X,1289380,8,8,0,0,0,감축,계획품 원칙0(비핵심설비→수리일정발주)
Q1072668,SEO26FF,보험품,master.csv,C,X,X,6400,20,20,0,0,0,감축,비핵심보험[C] 소요無→0
Q1072820,SEO26FF,보험품,master.csv,B,X,X,96000,2,2,3,1,96000,발주,"비핵심보험[B] μ_LT+SS(Z1.65)=3,상한4→3"
Q1072821,SEO26FF,보험품,master.csv,C,X,X,45200,4,4,4,0,0,유지,"비핵심보험[C] μ_LT+SS(Z1.28)=4,상한10→4"
Q1072836,SEO26FF,보험품,master.csv,B,X,X,4200000,1,1,2,1,4200000,발주,"비핵심보험[B] μ_LT+SS(Z1.65)=2,상한2→2"
Q1072924,SEO26FF,계획품,master.csv,C,X,X,537550,2,2,0,0,0,감축,계획품 원칙0(비핵심설비→수리일정발주)
Q1072926,SEO26FF,계획품,master.csv,B,X,X,12342667,3,3,0,0,0,감축,계획품 원칙0(비핵심설비→수리일정발주)
Q1072928,SEO26FF,계획품,master.csv,B,X,X,20000000,2,2,0,0,0,감축,계획품 원칙0(비핵심설비→수리일정발주)
Q1072961,SEO26FF,보험품,master.csv,C,X,X,76346,4,4,2,0,0,감축,"비핵심보험[C] μ_LT+SS(Z1.28)=2,상한3→2"
Q1072973,SEO26FF,보험품,master.csv,C,X,X,40500,14,14,9,0,0,감축,"비핵심보험[C] μ_LT+SS(Z1.28)=9,상한16→9"
Q1072995,SEO26FF,계획품,master.csv,A,X,O,3203333,1,1,0,0,0,감축,핵심설비 계획품이나 3년무소요→0
Q1073040,SEO26FF,계획품,master.csv,B,X,X,1080000,1,1,0,0,0,감축,계획품 원칙0(비핵심설비→수리일정발주)
Q1073183,SEO26FF,계획품,master.csv,B,X,X,38190,1,1,0,0,0,감축,계획품 원칙0(비핵심설비→수리일정발주)
Q1073184,SEO26FF,계획품,master.csv,B,X,X,22910,1,1,0,0,0,감축,계획품 원칙0(비핵심설비→수리일정발주)
Q1073210,SEO26FF,계획품,master.csv,C,X,X,320000,1,1,0,0,0,감축,계획품 원칙0(비핵심설비→수리일정발주)
Q1073215,SEO26FF,계획품,master.csv,C,X,X,320000,1,1,0,0,0,감축,계획품 원칙0(비핵심설비→수리일정발주)
Q1073310,SEO26FF,계획품,master.csv,B,X,X,3180000,1,1,0,0,0,감축,계획품 원칙0(비핵심설비→수리일정발주)
Q1073449,SEO26FF,계획품,master.csv,C,X,X,5280,1,1,0,0,0,감축,계획품 원칙0(비핵심설비→수리일정발주)
Q1073553,SEO26FF,계획품,master.csv,B,X,X,476739,4,4,0,0,0,감축,계획품 원칙0(비핵심설비→수리일정발주)
Q1073590,SEO26FF,보험품,master.csv,C,X,X,123500,8,8,15,7,864500,발주,"비핵심보험[C] μ_LT+SS(Z1.28)=15,상한32→15"
Q1073594,SEO26FF,계획품,master.csv,C,X,X,80000,8,8,0,0,0,감축,계획품 원칙0(비핵심설비→수리일정발주)
Q1073859,SEO26FF,보험품,master.csv,C,X,X,145000,1,1,1,0,0,유지,"비핵심보험[C] μ_LT+SS(Z1.28)=1,상한2→1"
Q1073865,SEO26FF,보험품,master.csv,C,X,X,20900,2,2,0,0,0,감축,비핵심보험[C] 소요無→0
Q1073866,SEO26FF,보험품,master.csv,C,X,X,4400,2,2,0,0,0,감축,비핵심보험[C] 소요無→0
Q1073870,SEO26FF,보험품,master.csv,C,X,X,37400,2,2,0,0,0,감축,비핵심보험[C] 소요無→0
Q1121309,SEO26FF,계획품,master.csv,C,X,X,63430,1,1,0,0,0,감축,계획품 원칙0(비핵심설비→수리일정발주)
Q1122097,SEO26FF,보험품,master.csv,C,X,X,1003,100,100,0,0,0,감축,비핵심보험[C] 소요無→0
Q1269776,SEO26FF,보험품,master.csv,B,X,X,748071,2,2,2,0,0,유지,"비핵심보험[B] μ_LT+SS(Z1.65)=2,상한4→2"
Q2011794,SEO26FF,계획품,master.csv,C,X,X,103470,6,6,0,0,0,감축,계획품 원칙0(비핵심설비→수리일정발주)
Q2011846,SEO26FF,보험품,master.csv,B,X,X,545000,3,3,10,7,3815000,발주,"비핵심보험[B] μ_LT+SS(Z1.65)=10,상한0→10"
Q1076627,SEO26FF,계획품,master.csv,B,X,X,1150000,1,1,0,0,0,감축,계획품 원칙0(비핵심설비→수리일정발주)
Q1076630,SEO26FF,계획품,master.csv,B,X,X,3800000,2,2,0,0,0,감축,계획품 원칙0(비핵심설비→수리일정발주)
Q1077285,SEO26FF,보험품,master.csv,B,X,X,200000,10,10,14,4,800000,발주,"비핵심보험[B] μ_LT+SS(Z1.65)=14,상한60→14"
Q1077340,SEO26FF,계획품,master.csv,C,X,X,5100000,1,1,0,0,0,감축,계획품 원칙0(비핵심설비→수리일정발주)
Q1077367,SEO26FF,계획품,master.csv,C,X,X,127825,3,3,0,0,0,감축,계획품 원칙0(비핵심설비→수리일정발주)
Q1077400,SEO26FF,계획품,master.csv,A,X,O,35150,2,2,0,0,0,감축,핵심설비 계획품이나 3년무소요→0
Q1077476,SEO26FF,보험품,master.csv,C,X,O,13800000,2,3,2,0,0,유지,"핵심보험[C] μ_LT+SS(Z1.28)=2,상한2,기준1→2"
Q1077486,SEO26FF,계획품,master.csv,C,X,X,600000,4,4,0,0,0,감축,계획품 원칙0(비핵심설비→수리일정발주)
Q1077487,SEO26FF,계획품,master.csv,C,X,X,600000,4,4,0,0,0,감축,계획품 원칙0(비핵심설비→수리일정발주)
Q1077622,SEO26FF,계획품,master.csv,S,X,O,3524000,1,1,0,0,0,감축,핵심설비 계획품이나 소요비활발(λ0.5)→0
Q1077624,SEO26FF,보험품,master.csv,B,X,X,10200000,1,1,1,0,0,유지,"비핵심보험[B] μ_LT+SS(Z1.65)=2,상한1→1"
Q1077646,SEO26FF,계획품,master.csv,B,X,X,470000,1,1,0,0,0,감축,계획품 원칙0(비핵심설비→수리일정발주)
Q1077670,SEO26FF,보험품,master.csv,B,X,X,2000000,10,10,10,0,0,유지,"비핵심보험[B] μ_LT+SS(Z1.65)=10,상한20→10"
Q1077676,SEO26FF,계획품,master.csv,B,X,X,7766,40,40,0,0,0,감축,계획품 원칙0(비핵심설비→수리일정발주)
Q1077684,SEO26FF,보험품,master.csv,C,X,X,6700000,3,5,1,0,0,감축,"비핵심보험[C] μ_LT+SS(Z1.28)=1,상한1→1"
Q1077685,SEO26FF,보험품,master.csv,C,X,X,2600000,3,4,1,0,0,감축,"비핵심보험[C] μ_LT+SS(Z1.28)=1,상한2→1"
Q1077724,SEO26FF,계획품,master.csv,C,X,X,550000,6,6,0,0,0,감축,계획품 원칙0(비핵심설비→수리일정발주)
Q1077747,SEO26FF,계획품,master.csv,B,X,X,63400,1,1,0,0,0,감축,계획품 원칙0(비핵심설비→수리일정발주)
Q1077761,SEO26FF,계획품,master.csv,B,X,X,141000,7,7,0,0,0,감축,계획품 원칙0(비핵심설비→수리일정발주)
Q1077763,SEO26FF,계획품,master.csv,B,X,X,101000,7,7,0,0,0,감축,계획품 원칙0(비핵심설비→수리일정발주)
Q1077776,SEO26FF,계획품,master.csv,B,X,X,5450000,4,4,0,0,0,감축,계획품 원칙0(비핵심설비→수리일정발주)
Q1077777,SEO26FF,계획품,master.csv,C,X,X,1680000,12,12,0,0,0,감축,계획품 원칙0(비핵심설비→수리일정발주)
Q1077786,SEO26FF,계획품,master.csv,B,X,X,1180494,1,1,0,0,0,감축,계획품 원칙0(비핵심설비→수리일정발주)
Q1077922,SEO26FF,계획품,master.csv,B,X,X,1100000,1,1,0,0,0,감축,계획품 원칙0(비핵심설비→수리일정발주)
Q1077925,SEO26FF,계획품,master.csv,B,X,X,1130000,4,4,0,0,0,감축,계획품 원칙0(비핵심설비→수리일정발주)
Q1077941,SEO26FF,보험품,master.csv,C,X,X,195000,4,4,4,0,0,유지,"비핵심보험[C] μ_LT+SS(Z1.28)=4,상한4→4"
Q1078004,SEO26FF,보험품,master.csv,C,X,X,116025,1,3,2,1,116025,발주,"비핵심보험[C] μ_LT+SS(Z1.28)=2,상한2→2"
Q1078005,SEO26FF,보험품,master.csv,B,X,X,580000,2,2,1,0,0,감축,"비핵심보험[B] μ_LT+SS(Z1.65)=1,상한1→1"
Q1034310,SEO26FF,보험품,master.csv,C,X,X,319813,2,13,4,2,639626,발주,"비핵심보험[C] μ_LT+SS(Z1.28)=4,상한15→4"
Q1072889,SEO26FF,계획품,master.csv,C,X,X,47520,2,2,0,0,0,감축,계획품 원칙0(비핵심설비→수리일정발주)
Q2024605,SEO26FF,보험품,master.csv,B,X,X,17639000,2,2,2,0,0,유지,"비핵심보험[B] μ_LT+SS(Z1.65)=2,상한2→2"
Q2028329,SEO26FF,계획품,master.csv,A,X,O,491000,1,1,0,0,0,감축,핵심설비 계획품이나 소요비활발(λ0.5)→0
Q1007239,SEO26FF,보험품,master.csv,C,X,X,14596,5,5,0,0,0,감축,비핵심보험[C] 소요無→0
Q1021932,SEO26FF,보험품,master.csv,C,X,X,1303,2,36,4,2,2605,발주,"비핵심보험[C] μ_LT+SS(Z1.28)=5,상한4→4"
Q1072930,SEO26FF,계획품,master.csv,B,X,X,40000000,2,2,0,0,0,감축,계획품 원칙0(비핵심설비→수리일정발주)
Q1073256,SEO26FF,보험품,master.csv,B,X,X,440000,4,4,2,0,0,감축,"비핵심보험[B] μ_LT+SS(Z1.65)=2,상한2→2"
Q1080496,SEO26FF,계획품,master.csv,A,X,O,25000,2,2,0,0,0,감축,핵심설비 계획품이나 소요비활발(λ0.1)→0
Q2026952,SEO26FF,보험품,master.csv,B,X,X,1923333,4,4,3,0,0,감축,"비핵심보험[B] μ_LT+SS(Z1.65)=3,상한4→3"
Q2032488,SEO26FF,보험품,master.csv,C,X,X,460000,3,3,2,0,0,감축,"비핵심보험[C] μ_LT+SS(Z1.28)=2,상한4→2"
Q2032490,SEO26FF,보험품,master.csv,C,X,X,430000,4,4,1,0,0,감축,"비핵심보험[C] μ_LT+SS(Z1.28)=1,상한2→1"
Q2032491,SEO26FF,보험품,master.csv,C,X,X,540000,4,4,1,0,0,감축,"비핵심보험[C] μ_LT+SS(Z1.28)=1,상한2→1"
Q2038307,SEO26FF,계획품,master.csv,B,X,X,950000,4,4,0,0,0,감축,계획품 원칙0(비핵심설비→수리일정발주)
Q2039356,SEO26FF,계획품,master.csv,C,X,X,3450000,1,1,0,0,0,감축,계획품 원칙0(비핵심설비→수리일정발주)
Q2040220,SEO26FF,계획품,master.csv,B,X,X,3634841,2,2,0,0,0,감축,계획품 원칙0(비핵심설비→수리일정발주)
Q2042214,SEO26FF,보험품,master.csv,C,X,X,120000,2,2,2,0,0,유지,"비핵심보험[C] μ_LT+SS(Z1.28)=2,상한3→2"
Q2052411,SEO26FF,보험품,master.csv,A,X,O,95000,2,2,1,0,0,감축,핵심보험[A] 소요無→기준1
Q2054201,SEO26FF,보험품,master.csv,C,X,X,2520000,2,3,2,0,0,유지,"비핵심보험[C] μ_LT+SS(Z1.28)=2,상한3→2"
Q2055671,SEO26FF,보험품,master.csv,C,X,X,1100,8,8,6,0,0,감축,"비핵심보험[C] μ_LT+SS(Z1.28)=10,상한6→6"
Q2055672,SEO26FF,보험품,master.csv,B,X,X,680000,1,1,8,7,4760000,발주,"비핵심보험[B] μ_LT+SS(Z1.65)=8,상한24→8"
Q2055698,SEO26FF,계획품,master.csv,C,X,X,387081,4,4,0,0,0,감축,계획품 원칙0(비핵심설비→수리일정발주)
Q2056110,SEO26FF,보험품,master.csv,B,X,X,234707,1,1,1,0,0,유지,"비핵심보험[B] μ_LT+SS(Z1.65)=1,상한2→1"
Q2059079,SEO26FF,보험품,master.csv,C,X,X,90000,1,1,0,0,0,감축,비핵심보험[C] 소요無→0
Q2059080,SEO26FF,보험품,master.csv,C,X,X,14200,10,10,5,0,0,감축,"비핵심보험[C] μ_LT+SS(Z1.28)=5,상한5→5"
Q2059081,SEO26FF,보험품,master.csv,C,X,X,14050,10,10,2,0,0,감축,"비핵심보험[C] μ_LT+SS(Z1.28)=2,상한0→2"
Q2059082,SEO26FF,보험품,master.csv,C,X,X,13000,5,5,7,2,26000,발주,"비핵심보험[C] μ_LT+SS(Z1.28)=7,상한10→7"
Q2059083,SEO26FF,보험품,master.csv,C,X,X,11800,10,10,8,0,0,감축,"비핵심보험[C] μ_LT+SS(Z1.28)=8,상한0→8"
Q2059088,SEO26FF,보험품,master.csv,C,X,X,130000,4,4,4,0,0,유지,"비핵심보험[C] μ_LT+SS(Z1.28)=4,상한12→4"
Q2060148,SEO26FF,보험품,master.csv,C,X,X,20000,10,10,14,4,80000,발주,"비핵심보험[C] μ_LT+SS(Z1.28)=14,상한40→14"
Q2060154,SEO26FF,보험품,master.csv,B,X,X,76000,2,2,5,3,228000,발주,"비핵심보험[B] μ_LT+SS(Z1.65)=5,상한5→5"
Q2060222,SEO26FF,보험품,master.csv,B,X,X,95880,5,5,16,11,1054682,발주,"비핵심보험[B] μ_LT+SS(Z1.65)=16,상한60→16"
Q2060332,SEO26FF,보험품,master.csv,B,X,X,3300693,1,1,1,0,0,유지,"비핵심보험[B] μ_LT+SS(Z1.65)=1,상한2→1"
Q2060337,SEO26FF,보험품,master.csv,B,X,X,4621294,1,1,1,0,0,유지,"비핵심보험[B] μ_LT+SS(Z1.65)=1,상한1→1"
Q2060460,SEO26FF,보험품,master.csv,C,X,X,12700000,2,3,1,0,0,감축,"비핵심보험[C] μ_LT+SS(Z1.28)=1,상한2→1"
Q2060462,SEO26FF,계획품,master.csv,S,O,X,8030000,1,1,0,0,0,감축,핵심설비 계획품이나 소요비활발(λ0.5)→0
Q2060463,SEO26FF,보험품,master.csv,C,X,X,4970000,1,2,2,1,4970000,발주,"비핵심보험[C] μ_LT+SS(Z1.28)=2,상한3→2"
Q2060465,SEO26FF,보험품,master.csv,B,X,X,7497000,1,1,1,0,0,유지,"비핵심보험[B] μ_LT+SS(Z1.65)=1,상한2→1"
Q2060474,SEO26FF,보험품,master.csv,B,X,X,3490000,1,1,2,1,3490000,발주,"비핵심보험[B] μ_LT+SS(Z1.65)=2,상한3→2"
Q2064661,SEO26FF,보험품,master.csv,C,X,X,970000,1,2,2,1,970000,발주,"비핵심보험[C] μ_LT+SS(Z1.28)=2,상한6→2"
Q2064662,SEO26FF,계획품,master.csv,A,X,X,1690000,2,2,0,0,0,감축,계획품 원칙0(비핵심설비→수리일정발주)
Q2065292,SEO26FF,계획품,master.csv,C,X,X,2623132,1,6,0,0,0,감축,계획품 원칙0(비핵심설비→수리일정발주)
Q2066145,SEO26FF,보험품,master.csv,B,X,X,1050000,1,1,2,1,1050000,발주,"비핵심보험[B] μ_LT+SS(Z1.65)=2,상한2→2"
Q2068400,SEO26FF,계획품,master.csv,A,X,O,350778,2,2,0,0,0,감축,핵심설비 계획품이나 소요비활발(λ0.5)→0
Q2070790,SEO26FF,계획품,master.csv,S,O,X,2100000,1,1,0,0,0,감축,핵심설비 계획품이나 소요비활발(λ0.9)→0
Q2070791,SEO26FF,계획품,master.csv,S,O,X,2150000,3,3,1,0,0,감축,핵심설비계획품 소요활발(λ1.0)→소량1
Q2070796,SEO26FF,계획품,master.csv,S,O,X,1400000,2,2,0,0,0,감축,핵심설비 계획품이나 3년무소요→0
Q2070797,SEO26FF,계획품,master.csv,S,O,X,1450000,1,1,1,0,0,유지,핵심설비계획품 소요활발(λ1.0)→소량1
Q2070800,SEO26FF,계획품,master.csv,S,O,X,2000000,4,4,0,0,0,감축,핵심설비 계획품이나 소요비활발(λ0.8)→0
Q2070801,SEO26FF,계획품,master.csv,S,O,O,1300000,4,4,0,0,0,감축,핵심설비 계획품이나 소요비활발(λ0.8)→0
Q2074351,SEO26FF,보험품,master.csv,B,X,X,17320000,1,1,0,0,0,감축,비핵심보험[B] 소요無→0
Q2076004,SEO26FF,보험품,master.csv,A,X,X,4071265,2,2,4,2,8142530,발주,"비핵심보험[A] μ_LT+SS(Z2.05)=5,상한4→4"
Q2076458,SEO26FF,보험품,master.csv,C,X,X,25000,6,6,5,0,0,감축,"비핵심보험[C] μ_LT+SS(Z1.28)=5,상한5→5"
Q2076463,SEO26FF,보험품,master.csv,C,X,X,460000,1,1,0,0,0,감축,비핵심보험[C] 소요無→0
Q2079650,SEO26FF,보험품,master.csv,C,X,X,16500,2,2,1,0,0,감축,"비핵심보험[C] μ_LT+SS(Z1.28)=1,상한1→1"
Q2079652,SEO26FF,보험품,master.csv,C,X,X,16500,2,2,1,0,0,감축,"비핵심보험[C] μ_LT+SS(Z1.28)=1,상한1→1"
Q2079654,SEO26FF,보험품,master.csv,C,X,X,16500,2,2,1,0,0,감축,"비핵심보험[C] μ_LT+SS(Z1.28)=1,상한1→1"
Q2079803,SEO26FF,보험품,master.csv,C,X,X,1750000,8,8,4,0,0,감축,"비핵심보험[C] μ_LT+SS(Z1.28)=4,상한4→4"
Q2082726,SEO26FF,보험품,master.csv,C,X,X,23372,10,10,0,0,0,감축,비핵심보험[C] 소요無→0
Q2082954,SEO26FF,보험품,master.csv,C,X,X,20000,10,10,4,0,0,감축,"비핵심보험[C] μ_LT+SS(Z1.28)=4,상한0→4"
Q2084886,SEO26FF,보험품,master.csv,B,X,X,960000,4,4,4,0,0,유지,"비핵심보험[B] μ_LT+SS(Z1.65)=4,상한8→4"
Q2086017,SEO26FF,계획품,master.csv,B,X,X,1250000,1,1,0,0,0,감축,계획품 원칙0(비핵심설비→수리일정발주)
Q2086434,SEO26FF,보험품,master.csv,B,X,X,1185305,2,2,1,0,0,감축,"비핵심보험[B] μ_LT+SS(Z1.65)=1,상한2→1"
Q2086435,SEO26FF,보험품,master.csv,B,X,X,1185305,2,2,1,0,0,감축,"비핵심보험[B] μ_LT+SS(Z1.65)=1,상한1→1"
Q2086682,SEO26FF,보험품,master.csv,C,X,X,2167,10,12,0,0,0,감축,비핵심보험[C] 소요無→0
Q2087261,SEO26FF,보험품,master.csv,B,X,X,218106,1,1,2,1,218106,발주,"비핵심보험[B] μ_LT+SS(Z1.65)=2,상한2→2"
Q2087833,SEO26FF,보험품,master.csv,B,X,X,295000,4,4,4,0,0,유지,"비핵심보험[B] μ_LT+SS(Z1.65)=4,상한4→4"
Q2091278,SEO26FF,보험품,master.csv,S,O,X,6880000,1,1,2,1,6880000,발주,"핵심보험[S] μ_LT+SS(Z2.58)=2,상한1,기준2→2"
Q2091279,SEO26FF,보험품,master.csv,S,O,X,5663000,1,1,1,0,0,유지,"핵심보험[S] μ_LT+SS(Z2.58)=1,상한1,기준1→1"
Q2094313,SEO26FF,보험품,master.csv,B,X,X,825000,2,2,2,0,0,유지,"비핵심보험[B] μ_LT+SS(Z1.65)=2,상한2→2"
Q2095005,SEO26FF,계획품,master.csv,B,X,X,810000,1,1,0,0,0,감축,계획품 원칙0(비핵심설비→수리일정발주)
Q2095006,SEO26FF,보험품,master.csv,B,X,X,2908000,4,4,1,0,0,감축,"비핵심보험[B] μ_LT+SS(Z1.65)=1,상한1→1"
Q2095020,SEO26FF,보험품,master.csv,A,X,O,15600,10,10,4,0,0,감축,"핵심보험[A] μ_LT+SS(Z2.05)=4,상한8,기준1→4"
Q2095032,SEO26FF,계획품,master.csv,B,X,X,12500000,1,1,0,0,0,감축,계획품 원칙0(비핵심설비→수리일정발주)
Q2095281,SEO26FF,보험품,master.csv,C,X,X,1590000,1,1,2,1,1590000,발주,"비핵심보험[C] μ_LT+SS(Z1.28)=2,상한6→2"
Q2095868,SEO26FF,보험품,master.csv,B,X,X,56000,1,1,1,0,0,유지,"비핵심보험[B] μ_LT+SS(Z1.65)=1,상한1→1"
Q2096490,SEO26FF,보험품,master.csv,C,X,X,1253120,1,1,2,1,1253120,발주,"비핵심보험[C] μ_LT+SS(Z1.28)=2,상한3→2"
Q2097306,SEO26FF,보험품,master.csv,C,X,O,10830,12,16,4,0,0,감축,"핵심보험[C] μ_LT+SS(Z1.28)=4,상한4,기준1→4"
Q2097711,SEO26FF,계획품,master.csv,B,X,X,500000,1,1,0,0,0,감축,계획품 원칙0(비핵심설비→수리일정발주)
Q2097972,SEO26FF,계획품,master.csv,C,X,X,2079994,2,3,0,0,0,감축,계획품 원칙0(비핵심설비→수리일정발주)
Q2098351,SEO26FF,계획품,master.csv,C,X,X,660000,2,2,0,0,0,감축,계획품 원칙0(비핵심설비→수리일정발주)
Q2098353,SEO26FF,계획품,master.csv,B,X,X,550000,2,2,0,0,0,감축,계획품 원칙0(비핵심설비→수리일정발주)
Q2098900,SEO26FF,계획품,master.csv,B,X,X,9500000,1,1,0,0,0,감축,계획품 원칙0(비핵심설비→수리일정발주)
Q2100582,SEO26FF,계획품,master.csv,C,X,O,794098,8,14,0,0,0,감축,핵심설비 계획품이나 소요비활발(λ0.6)→0
Q2101008,SEO26FF,보험품,master.csv,A,X,O,14444,8,8,2,0,0,감축,"핵심보험[A] μ_LT+SS(Z2.05)=2,상한2,기준1→2"
Q2101009,SEO26FF,보험품,master.csv,A,X,O,13412,4,4,6,2,26824,발주,"핵심보험[A] μ_LT+SS(Z2.05)=6,상한6,기준1→6"
Q2101010,SEO26FF,보험품,master.csv,A,X,O,14444,8,8,2,0,0,감축,"핵심보험[A] μ_LT+SS(Z2.05)=2,상한2,기준1→2"
Q2101882,SEO26FF,계획품,master.csv,B,X,X,8900000,1,1,0,0,0,감축,계획품 원칙0(비핵심설비→수리일정발주)
Q2102570,SEO26FF,계획품,master.csv,C,X,X,1280000,2,2,0,0,0,감축,계획품 원칙0(비핵심설비→수리일정발주)
Q2104247,SEO26FF,계획품,master.csv,C,X,X,197055,2,5,0,0,0,감축,계획품 원칙0(비핵심설비→수리일정발주)
Q2106112,SEO26FF,보험품,master.csv,B,X,X,875000,8,8,8,0,0,유지,"비핵심보험[B] μ_LT+SS(Z1.65)=8,상한8→8"
Q2110732,SEO26FF,보험품,master.csv,C,X,O,16500000,1,2,1,0,0,유지,"핵심보험[C] μ_LT+SS(Z1.28)=1,상한1,기준1→1"
Q2110733,SEO26FF,보험품,master.csv,S,X,O,16500000,1,1,1,0,0,유지,"핵심보험[S] μ_LT+SS(Z2.58)=1,상한1,기준1→1"
Q2116016,SEO26FF,계획품,master.csv,S,X,O,404107,8,8,0,0,0,감축,핵심설비 계획품이나 소요비활발(λ0.6)→0
Q2116265,SEO26FF,계획품,master.csv,B,X,X,640686,5,5,0,0,0,감축,계획품 원칙0(비핵심설비→수리일정발주)
Q2116694,SEO26FF,보험품,master.csv,B,X,X,1479621,1,1,1,0,0,유지,"비핵심보험[B] μ_LT+SS(Z1.65)=1,상한2→1"
Q2116695,SEO26FF,보험품,master.csv,B,X,X,1400392,1,1,1,0,0,유지,"비핵심보험[B] μ_LT+SS(Z1.65)=1,상한2→1"
Q2117078,SEO26FF,보험품,master.csv,A,X,X,10307000,8,8,4,0,0,감축,"비핵심보험[A] μ_LT+SS(Z2.05)=4,상한7→4"
Q2118354,SEO26FF,보험품,master.csv,B,X,X,14584,20,20,52,32,466688,발주,"비핵심보험[B] μ_LT+SS(Z1.65)=52,상한100→52"
Q2118643,SEO26FF,보험품,master.csv,A,X,X,383420,2,2,7,5,1917100,발주,"비핵심보험[A] μ_LT+SS(Z2.05)=7,상한15→7"
Q2119613,SEO26FF,보험품,master.csv,C,X,X,80000,4,4,0,0,0,감축,비핵심보험[C] 소요無→0
Q2120491,SEO26FF,보험품,master.csv,A,X,O,130000,6,6,4,0,0,감축,"핵심보험[A] μ_LT+SS(Z2.05)=4,상한7,기준1→4"
Q2122540,SEO26FF,계획품,master.csv,B,X,X,11500000,1,1,0,0,0,감축,계획품 원칙0(비핵심설비→수리일정발주)
Q2125396,SEO26FF,계획품,master.csv,B,X,X,13691500,2,2,0,0,0,감축,계획품 원칙0(비핵심설비→수리일정발주)
Q2125412,SEO26FF,계획품,master.csv,A,X,X,16049125,2,2,0,0,0,감축,계획품 원칙0(비핵심설비→수리일정발주)
Q2125413,SEO26FF,계획품,master.csv,A,X,X,14394278,2,2,0,0,0,감축,계획품 원칙0(비핵심설비→수리일정발주)
Q2125462,SEO26FF,계획품,master.csv,B,X,X,14630000,2,2,0,0,0,감축,계획품 원칙0(비핵심설비→수리일정발주)
Q2125464,SEO26FF,계획품,master.csv,B,X,X,18690000,2,2,0,0,0,감축,계획품 원칙0(비핵심설비→수리일정발주)
Q2126080,SEO26FF,계획품,master.csv,B,X,X,3485350,1,1,0,0,0,감축,계획품 원칙0(비핵심설비→수리일정발주)
Q2126459,SEO26FF,보험품,master.csv,C,X,X,2860,40,40,0,0,0,감축,비핵심보험[C] 소요無→0
Q2133117,SEO26FF,보험품,master.csv,B,X,X,138716,1,1,0,0,0,감축,비핵심보험[B] 소요無→0
Q2133118,SEO26FF,보험품,master.csv,B,X,X,374532,2,2,2,0,0,유지,"비핵심보험[B] μ_LT+SS(Z1.65)=2,상한2→2"
Q2133119,SEO26FF,보험품,master.csv,C,X,X,237761,1,1,1,0,0,유지,"비핵심보험[C] μ_LT+SS(Z1.28)=1,상한1→1"
Q2135729,SEO26FF,보험품,master.csv,C,X,X,355942,11,28,9,0,0,감축,"비핵심보험[C] μ_LT+SS(Z1.28)=9,상한40→9"
Q2137371,SEO26FF,계획품,master.csv,B,X,X,2705000,1,1,0,0,0,감축,계획품 원칙0(비핵심설비→수리일정발주)
Q2137920,SEO26FF,계획품,master.csv,C,X,X,4720000,4,5,0,0,0,감축,계획품 원칙0(비핵심설비→수리일정발주)
Q2137922,SEO26FF,계획품,master.csv,B,X,X,840000,2,2,0,0,0,감축,계획품 원칙0(비핵심설비→수리일정발주)
Q2139926,SEO26FF,보험품,master.csv,S,O,X,1100000,1,1,3,2,2200000,발주,"핵심보험[S] μ_LT+SS(Z2.58)=3,상한5,기준1→3"
Q2140042,SEO26FF,보험품,master.csv,B,X,X,449400,5,5,5,0,0,유지,"비핵심보험[B] μ_LT+SS(Z1.65)=5,상한10→5"
Q2141016,SEO26FF,보험품,master.csv,C,X,X,70000,2,2,2,0,0,유지,"비핵심보험[C] μ_LT+SS(Z1.28)=2,상한2→2"
Q2141021,SEO26FF,보험품,master.csv,B,X,X,319028,2,2,2,0,0,유지,"비핵심보험[B] μ_LT+SS(Z1.65)=2,상한4→2"
Q2142284,SEO26FF,계획품,master.csv,A,X,O,50536,10,10,0,0,0,감축,핵심설비 계획품이나 소요비활발(λ0.4)→0
Q2142898,SEO26FF,계획품,master.csv,A,X,O,230000,4,4,0,0,0,감축,핵심설비 계획품이나 소요비활발(λ0.4)→0
Q2143052,SEO26FF,보험품,master.csv,C,X,X,112500,6,6,4,0,0,감축,"비핵심보험[C] μ_LT+SS(Z1.28)=4,상한0→4"
Q2144319,SEO26FF,계획품,master.csv,C,X,X,639034,1,2,0,0,0,감축,계획품 원칙0(비핵심설비→수리일정발주)
Q2146787,SEO26FF,계획품,master.csv,S,X,O,2793197,1,1,0,0,0,감축,핵심설비 계획품이나 소요비활발(λ0.3)→0
Q2147980,SEO26FF,계획품,master.csv,B,X,X,35000,2,2,0,0,0,감축,계획품 원칙0(비핵심설비→수리일정발주)
Q2154362,SEO26FF,계획품,master.csv,C,X,X,988055,2,3,0,0,0,감축,계획품 원칙0(비핵심설비→수리일정발주)
Q2162230,SEO26FF,계획품,master.csv,C,X,X,210000,2,2,0,0,0,감축,계획품 원칙0(비핵심설비→수리일정발주)
Q2162413,SEO26FF,계획품,master.csv,A,X,O,794143,2,2,0,0,0,감축,핵심설비 계획품이나 3년무소요→0
Q2163394,SEO26FF,계획품,master.csv,B,X,X,2635000,2,2,0,0,0,감축,계획품 원칙0(비핵심설비→수리일정발주)
Q2166135,SEO26FF,계획품,master.csv,C,X,X,96669,2,7,0,0,0,감축,계획품 원칙0(비핵심설비→수리일정발주)
Q2166833,SEO26FF,계획품,master.csv,B,X,X,129800,4,4,0,0,0,감축,계획품 원칙0(비핵심설비→수리일정발주)
Q2168061,SEO26FF,계획품,master.csv,B,X,X,350000,2,2,0,0,0,감축,계획품 원칙0(비핵심설비→수리일정발주)
Q2168437,SEO26FF,계획품,master.csv,C,X,X,250000,2,2,0,0,0,감축,계획품 원칙0(비핵심설비→수리일정발주)
Q2169758,SEO26FF,계획품,master.csv,B,X,X,2007915,1,1,0,0,0,감축,계획품 원칙0(비핵심설비→수리일정발주)
Q2173282,SEO26FF,계획품,master.csv,C,X,X,4769000,1,3,0,0,0,감축,계획품 원칙0(비핵심설비→수리일정발주)
Q2176849,SEO26FF,보험품,master.csv,B,X,X,46720558,1,1,1,0,0,유지,"비핵심보험[B] μ_LT+SS(Z1.65)=1,상한2→1"
Q2177492,SEO26FF,계획품,master.csv,A,X,O,1150000,1,1,0,0,0,감축,핵심설비 계획품이나 소요비활발(λ0.5)→0
Q2177493,SEO26FF,계획품,master.csv,B,X,X,1180000,1,1,0,0,0,감축,계획품 원칙0(비핵심설비→수리일정발주)
Q2179246,SEO26FF,보험품,master.csv,B,X,X,1097000,2,2,2,0,0,유지,"비핵심보험[B] μ_LT+SS(Z1.65)=2,상한2→2"
Q2184244,SEO26FF,계획품,master.csv,A,X,O,3150000,1,1,0,0,0,감축,핵심설비 계획품이나 3년무소요→0
Q2184478,SEO26FF,계획품,master.csv,A,X,O,2790000,1,1,0,0,0,감축,핵심설비 계획품이나 3년무소요→0
Q2184712,SEO26FF,계획품,master.csv,B,X,X,2454000,2,2,0,0,0,감축,계획품 원칙0(비핵심설비→수리일정발주)
Q2187474,SEO26FF,보험품,master.csv,B,X,X,824661,7,7,5,0,0,감축,"비핵심보험[B] μ_LT+SS(Z1.65)=5,상한7→5"
Q2190703,SEO26FF,계획품,master.csv,A,X,O,2140000,1,1,0,0,0,감축,핵심설비 계획품이나 소요비활발(λ0.2)→0
Q2191618,SEO26FF,계획품,master.csv,B,X,X,46653,30,30,0,0,0,감축,계획품 원칙0(비핵심설비→수리일정발주)
Q2191857,SEO26FF,보험품,master.csv,C,X,X,1805,10,41,0,0,0,감축,비핵심보험[C] 소요無→0
Q2194210,SEO26FF,계획품,master.csv,B,X,X,920800,3,3,0,0,0,감축,계획품 원칙0(비핵심설비→수리일정발주)
Q2194211,SEO26FF,계획품,master.csv,B,X,X,917000,3,3,0,0,0,감축,계획품 원칙0(비핵심설비→수리일정발주)
Q2194827,SEO26FF,보험품,master.csv,C,X,X,551000,2,2,3,1,551000,발주,"비핵심보험[C] μ_LT+SS(Z1.28)=3,상한12→3"
Q2195767,SEO26FF,계획품,master.csv,B,X,X,289659,2,2,0,0,0,감축,계획품 원칙0(비핵심설비→수리일정발주)
Q2200004,SEO26FF,보험품,master.csv,B,X,X,210000,16,16,16,0,0,유지,"비핵심보험[B] μ_LT+SS(Z1.65)=16,상한16→16"
Q2200005,SEO26FF,보험품,master.csv,B,X,X,515900,16,16,16,0,0,유지,"비핵심보험[B] μ_LT+SS(Z1.65)=16,상한16→16"
Q2200464,SEO26FF,보험품,master.csv,C,X,X,14444,8,8,2,0,0,감축,"비핵심보험[C] μ_LT+SS(Z1.28)=2,상한0→2"
Q2200465,SEO26FF,보험품,master.csv,C,X,X,14444,8,8,2,0,0,감축,"비핵심보험[C] μ_LT+SS(Z1.28)=2,상한0→2"
Q2200466,SEO26FF,보험품,master.csv,C,X,X,13412,4,4,6,2,26824,발주,"비핵심보험[C] μ_LT+SS(Z1.28)=6,상한0→6"
Q2202508,SEO26FF,보험품,master.csv,A,X,O,2630000,1,1,1,0,0,유지,"핵심보험[A] μ_LT+SS(Z2.05)=1,상한1,기준1→1"
Q2206557,SEO26FF,보험품,master.csv,C,X,X,32492,4,5,4,0,0,유지,"비핵심보험[C] μ_LT+SS(Z1.28)=4,상한4→4"
Q2208062,SEO26FF,보험품,master.csv,C,X,X,19068,10,36,4,0,0,감축,"비핵심보험[C] μ_LT+SS(Z1.28)=4,상한5→4"
Q2210205,SEO26FF,계획품,master.csv,B,X,X,2366496,4,4,0,0,0,감축,핵심설비 계획품이나 소요비활발(λ0.2)→0
Q2217711,SEO26FF,계획품,master.csv,B,X,X,455000,1,1,0,0,0,감축,계획품 원칙0(비핵심설비→수리일정발주)
Q2223743,SEO26FF,계획품,master.csv,B,X,X,5025000,2,2,0,0,0,감축,계획품 원칙0(비핵심설비→수리일정발주)
Q2224741,SEO26FF,보험품,master.csv,B,X,X,4920000,2,2,2,0,0,유지,"비핵심보험[B] μ_LT+SS(Z1.65)=2,상한2→2"
Q2228118,SEO26FF,보험품,master.csv,B,X,X,900000,1,1,2,1,900000,발주,"비핵심보험[B] μ_LT+SS(Z1.65)=2,상한2→2"
Q2228203,SEO26FF,계획품,master.csv,B,X,X,2260000,2,2,0,0,0,감축,계획품 원칙0(비핵심설비→수리일정발주)
Q2228264,SEO26FF,보험품,master.csv,A,X,O,140000,2,2,5,3,420000,발주,"핵심보험[A] μ_LT+SS(Z2.05)=5,상한10,기준1→5"
Q2233578,SEO26FF,계획품,master.csv,B,X,X,2796768,2,2,0,0,0,감축,핵심설비 계획품이나 소요비활발(λ0.2)→0
Q2234798,SEO26FF,계획품,master.csv,S,O,X,9000000,1,1,0,0,0,감축,핵심설비 계획품이나 소요비활발(λ0.2)→0
Q2235169,SEO26FF,보험품,master.csv,B,X,X,1440000,1,1,1,0,0,유지,"비핵심보험[B] μ_LT+SS(Z1.65)=1,상한1→1"
Q2235172,SEO26FF,보험품,master.csv,B,X,X,1440000,1,1,1,0,0,유지,"비핵심보험[B] μ_LT+SS(Z1.65)=1,상한1→1"
Q4002139,SEO26FF,보험품,master.csv,B,X,X,1025000,1,1,1,0,0,유지,"비핵심보험[B] μ_LT+SS(Z1.65)=1,상한1→1"
Q4003811,SEO26FF,보험품,master.csv,B,X,X,1351680,1,1,1,0,0,유지,"비핵심보험[B] μ_LT+SS(Z1.65)=1,상한1→1"
Q4005375,SEO26FF,계획품,master.csv,B,X,X,5210000,2,2,0,0,0,감축,계획품 원칙0(비핵심설비→수리일정발주)
Q4008483,SEO26FF,계획품,master.csv,C,X,X,26000,8,8,0,0,0,감축,계획품 원칙0(비핵심설비→수리일정발주)
Q4008484,SEO26FF,계획품,master.csv,C,X,X,12896,10,10,0,0,0,감축,계획품 원칙0(비핵심설비→수리일정발주)
Q4008971,SEO26FF,계획품,master.csv,C,X,X,210000,2,7,0,0,0,감축,계획품 원칙0(비핵심설비→수리일정발주)
Q4011271,SEO26FF,계획품,master.csv,B,X,X,3177,5,5,0,0,0,감축,계획품 원칙0(비핵심설비→수리일정발주)
Q4012998,SEO26FF,보험품,master.csv,A,X,O,300000,2,2,3,1,300000,발주,"핵심보험[A] μ_LT+SS(Z2.05)=3,상한5,기준1→3"
Q4013000,SEO26FF,보험품,master.csv,S,X,O,2461000,1,1,4,3,7383000,발주,"핵심보험[S] μ_LT+SS(Z2.58)=4,상한7,기준1→4"
Q4014292,SEO26FF,계획품,master.csv,C,X,X,120000,8,8,0,0,0,감축,계획품 원칙0(비핵심설비→수리일정발주)
Q4015362,SEO26FF,보험품,master.csv,B,X,X,660000,1,1,4,3,1980000,발주,"비핵심보험[B] μ_LT+SS(Z1.65)=4,상한8→4"
Q4015363,SEO26FF,보험품,master.csv,B,X,X,248000,1,1,4,3,744000,발주,"비핵심보험[B] μ_LT+SS(Z1.65)=4,상한16→4"
Q4015364,SEO26FF,보험품,master.csv,B,X,X,318000,1,1,4,3,954000,발주,"비핵심보험[B] μ_LT+SS(Z1.65)=4,상한8→4"
Q4015365,SEO26FF,보험품,master.csv,B,X,X,59567,1,1,8,7,416967,발주,"비핵심보험[B] μ_LT+SS(Z1.65)=8,상한8→8"
Q4015405,SEO26FF,계획품,master.csv,A,X,O,2119000,1,1,0,0,0,감축,핵심설비 계획품이나 소요비활발(λ0.4)→0
Q4015414,SEO26FF,보험품,master.csv,B,X,X,39600,1,1,4,3,118800,발주,"비핵심보험[B] μ_LT+SS(Z1.65)=4,상한8→4"
Q4015950,SEO26FF,계획품,master.csv,C,X,X,4200000,1,2,0,0,0,감축,계획품 원칙0(비핵심설비→수리일정발주)
Q4015951,SEO26FF,계획품,master.csv,C,X,X,4200000,1,2,0,0,0,감축,계획품 원칙0(비핵심설비→수리일정발주)
Q4015952,SEO26FF,계획품,master.csv,C,X,X,4480000,1,2,0,0,0,감축,계획품 원칙0(비핵심설비→수리일정발주)
Q4015953,SEO26FF,계획품,master.csv,C,X,X,4480000,1,2,0,0,0,감축,계획품 원칙0(비핵심설비→수리일정발주)
Q4017406,SEO26FF,계획품,master.csv,B,X,X,1610500,2,2,0,0,0,감축,계획품 원칙0(비핵심설비→수리일정발주)
Q4020699,SEO26FF,보험품,master.csv,A,X,O,155355,3,3,5,2,310710,발주,"핵심보험[A] μ_LT+SS(Z2.05)=5,상한10,기준1→5"
Q4026534,SEO26FF,계획품,master.csv,C,X,X,16000,100,100,0,0,0,감축,계획품 원칙0(비핵심설비→수리일정발주)
Q4030002,SEO26FF,계획품,master.csv,B,X,X,850000,4,4,0,0,0,감축,계획품 원칙0(비핵심설비→수리일정발주)
Q4030286,SEO26FF,보험품,master.csv,A,X,O,11500,1,1,1,0,0,유지,핵심보험[A] 소요無→기준1
Q4030636,SEO26FF,보험품,master.csv,A,X,O,12000,1,1,1,0,0,유지,핵심보험[A] 소요無→기준1
Q4033165,SEO26FF,계획품,master.csv,C,X,X,3933000,2,10,0,0,0,감축,계획품 원칙0(비핵심설비→수리일정발주)
Q4034332,SEO26FF,보험품,master.csv,B,X,X,1765000,2,2,2,0,0,유지,"비핵심보험[B] μ_LT+SS(Z1.65)=2,상한4→2"
Q4037546,SEO26FF,계획품,master.csv,B,X,X,1017533,2,2,0,0,0,감축,계획품 원칙0(비핵심설비→수리일정발주)
Q4041104,SEO26FF,보험품,master.csv,C,X,X,258000,1,1,1,0,0,유지,"비핵심보험[C] μ_LT+SS(Z1.28)=1,상한1→1"
Q4045098,SEO26FF,계획품,master.csv,C,X,X,79000,2,2,0,0,0,감축,계획품 원칙0(비핵심설비→수리일정발주)
Q4045501,SEO26FF,계획품,master.csv,B,X,X,68000,16,16,0,0,0,감축,계획품 원칙0(비핵심설비→수리일정발주)
Q4045748,SEO26FF,계획품,master.csv,B,X,X,180000,5,5,0,0,0,감축,계획품 원칙0(비핵심설비→수리일정발주)
Q4047391,SEO26FF,보험품,master.csv,B,X,X,4470495,1,1,2,1,4470495,발주,"비핵심보험[B] μ_LT+SS(Z1.65)=2,상한4→2"
Q4051167,SEO26FF,보험품,master.csv,A,X,O,329000,4,4,3,0,0,감축,"핵심보험[A] μ_LT+SS(Z2.05)=3,상한4,기준1→3"
Q4057578,SEO26FF,계획품,master.csv,B,X,X,982257,2,2,0,0,0,감축,계획품 원칙0(비핵심설비→수리일정발주)
Q3200485,SEO26FF,보험품,master.csv,C,X,X,600,142,142,8,0,0,감축,"비핵심보험[C] μ_LT+SS(Z1.28)=29,상한8→8"
Q4073338,SEO26FF,보험품,master.csv,B,X,X,2950000,2,2,2,0,0,유지,"비핵심보험[B] μ_LT+SS(Z1.65)=2,상한2→2"
Q4079757,SEO26FF,계획품,master.csv,B,X,X,4085000,2,2,0,0,0,감축,계획품 원칙0(비핵심설비→수리일정발주)
Q4080226,SEO26FF,계획품,master.csv,B,X,X,13600000,1,1,0,0,0,감축,계획품 원칙0(비핵심설비→수리일정발주)
Q4080430,SEO26FF,계획품,master.csv,S,X,O,5700000,1,1,0,0,0,감축,핵심설비 계획품이나 소요비활발(λ0.2)→0
Q4084463,SEO26FF,보험품,master.csv,B,X,X,927676,4,4,3,0,0,감축,"비핵심보험[B] μ_LT+SS(Z1.65)=3,상한8→3"
Q4085105,SEO26FF,보험품,master.csv,B,X,X,9020000,1,1,1,0,0,유지,"비핵심보험[B] μ_LT+SS(Z1.65)=1,상한2→1"
Q4089851,SEO26FF,보험품,master.csv,A,X,O,16600,2,2,2,0,0,유지,"핵심보험[A] μ_LT+SS(Z2.05)=2,상한3,기준1→2"
Q4103142,SEO26FF,보험품,master.csv,A,X,O,1593938,1,1,1,0,0,유지,핵심보험[A] 소요無→기준1
Q4104776,SEO26FF,계획품,master.csv,C,X,X,19980000,1,2,0,0,0,감축,계획품 원칙0(비핵심설비→수리일정발주)
Q4034340,SEO26FF,계획품,master.csv,C,X,X,5046,71,141,0,0,0,감축,계획품 원칙0(비핵심설비→수리일정발주)
Q4112995,SEO26FF,보험품,master.csv,A,X,O,27000,4,4,4,0,0,유지,"핵심보험[A] μ_LT+SS(Z2.05)=4,상한4,기준1→4"
Q4119198,SEO26FF,보험품,master.csv,B,X,X,8031660,1,1,1,0,0,유지,"비핵심보험[B] μ_LT+SS(Z1.65)=1,상한2→1"
Q4124066,SEO26FF,보험품,master.csv,B,X,X,467112,1,1,2,1,467112,발주,"비핵심보험[B] μ_LT+SS(Z1.65)=2,상한2→2"
Q4136434,SEO26FF,보험품,master.csv,B,X,X,316390,2,2,2,0,0,유지,"비핵심보험[B] μ_LT+SS(Z1.65)=2,상한2→2"
Q4140768,SEO26FF,보험품,master.csv,C,X,X,1149100,2,2,2,0,0,유지,"비핵심보험[C] μ_LT+SS(Z1.28)=2,상한2→2"
Q4140770,SEO26FF,보험품,master.csv,C,X,X,1018100,4,4,2,0,0,감축,"비핵심보험[C] μ_LT+SS(Z1.28)=2,상한4→2"
Q4156386,SEO26FF,보험품,master.csv,C,X,X,16005,19,19,4,0,0,감축,"비핵심보험[C] μ_LT+SS(Z1.28)=4,상한0→4"
Q4168315,SEO26FF,계획품,master.csv,B,X,X,746429,1,1,0,0,0,감축,계획품 원칙0(비핵심설비→수리일정발주)
Q4168388,SEO26FF,계획품,master.csv,B,X,X,21109,9,9,0,0,0,감축,계획품 원칙0(비핵심설비→수리일정발주)
Q4169942,SEO26FF,보험품,master.csv,B,X,X,5641350,1,1,2,1,5641350,발주,"비핵심보험[B] μ_LT+SS(Z1.65)=2,상한2→2"
Q4172575,SEO26FF,보험품,master.csv,C,X,X,27940000,1,2,2,1,27940000,발주,"비핵심보험[C] μ_LT+SS(Z1.28)=2,상한4→2"
Q4182619,SEO26FF,보험품,master.csv,B,X,X,3704000,1,1,2,1,3704000,발주,"비핵심보험[B] μ_LT+SS(Z1.65)=2,상한3→2"
Q4188532,SEO26FF,보험품,master.csv,C,X,X,194000,4,4,5,1,194000,발주,"비핵심보험[C] μ_LT+SS(Z1.28)=5,상한6→5"
Q4189151,SEO26FF,보험품,master.csv,C,X,X,81800,6,6,6,0,0,유지,"비핵심보험[C] μ_LT+SS(Z1.28)=6,상한14→6"
Q4189150,SEO26FF,보험품,master.csv,C,X,X,75300,4,4,3,0,0,감축,"비핵심보험[C] μ_LT+SS(Z1.28)=3,상한4→3"
Q4198917,SEO26FF,계획품,master.csv,A,X,O,2368310,2,2,0,0,0,감축,핵심설비 계획품이나 소요비활발(λ0.3)→0
Q4200634,SEO26FF,계획품,master.csv,A,X,X,993869,3,3,0,0,0,감축,계획품 원칙0(비핵심설비→수리일정발주)
Q4203928,SEO26FF,보험품,master.csv,C,X,X,46000000,1,2,1,0,0,유지,"비핵심보험[C] μ_LT+SS(Z1.28)=1,상한0→1"
Q4204062,SEO26FF,보험품,master.csv,A,X,O,1000000,2,2,1,0,0,감축,"핵심보험[A] μ_LT+SS(Z2.05)=1,상한0,기준1→1"
Q4204059,SEO26FF,보험품,master.csv,A,X,O,1200000,4,4,4,0,0,유지,"핵심보험[A] μ_LT+SS(Z2.05)=4,상한4,기준1→4"
Q4204061,SEO26FF,보험품,master.csv,A,X,O,1100000,1,1,1,0,0,유지,"핵심보험[A] μ_LT+SS(Z2.05)=1,상한0,기준1→1"
Q4204060,SEO26FF,보험품,master.csv,A,X,O,1350000,2,2,2,0,0,유지,"핵심보험[A] μ_LT+SS(Z2.05)=2,상한0,기준1→2"
Q4208633,SEO26FF,계획품,master.csv,C,X,X,220000,2,2,0,0,0,감축,계획품 원칙0(비핵심설비→수리일정발주)
Q4210315,SEO26FF,보험품,master.csv,B,X,X,3630000,1,1,2,1,3630000,발주,"비핵심보험[B] μ_LT+SS(Z1.65)=2,상한3→2"
Q4210501,SEO26FF,보험품,master.csv,B,X,X,3503333,1,1,1,0,0,유지,"비핵심보험[B] μ_LT+SS(Z1.65)=1,상한1→1"
Q4210610,SEO26FF,보험품,master.csv,C,X,X,357000,2,2,2,0,0,유지,"비핵심보험[C] μ_LT+SS(Z1.28)=2,상한2→2"
Q4210612,SEO26FF,보험품,master.csv,B,X,X,486667,2,2,2,0,0,유지,"비핵심보험[B] μ_LT+SS(Z1.65)=2,상한2→2"
Q4225250,SEO26FF,계획품,master.csv,C,X,X,725000,1,1,0,0,0,감축,계획품 원칙0(비핵심설비→수리일정발주)
Q4229869,SEO26FF,계획품,master.csv,B,X,X,2490000,2,2,0,0,0,감축,계획품 원칙0(비핵심설비→수리일정발주)
Q4232430,SEO26FF,보험품,master.csv,B,X,X,3295040,1,1,1,0,0,유지,"비핵심보험[B] μ_LT+SS(Z1.65)=1,상한2→1"
Q4232896,SEO26FF,계획품,master.csv,C,X,X,43000,33,33,0,0,0,감축,계획품 원칙0(비핵심설비→수리일정발주)
Q4232897,SEO26FF,계획품,master.csv,C,X,X,20000,66,66,0,0,0,감축,계획품 원칙0(비핵심설비→수리일정발주)
Q4233153,SEO26FF,계획품,master.csv,A,X,O,278500,4,4,0,0,0,감축,핵심설비 계획품이나 3년무소요→0
Q4239083,SEO26FF,보험품,master.csv,B,X,X,1176409,3,3,3,0,0,유지,"비핵심보험[B] μ_LT+SS(Z1.65)=3,상한3→3"
Q4245535,SEO26FF,보험품,master.csv,C,X,X,1280000,3,3,1,0,0,감축,"비핵심보험[C] μ_LT+SS(Z1.28)=1,상한2→1"
Q4245876,SEO26FF,보험품,master.csv,C,X,X,654977,2,3,1,0,0,감축,"비핵심보험[C] μ_LT+SS(Z1.28)=1,상한2→1"
Q4246475,SEO26FF,보험품,master.csv,C,X,X,389222,2,6,10,8,3113776,발주,"비핵심보험[C] μ_LT+SS(Z1.28)=10,상한0→10"
Q4251042,SEO26FF,계획품,master.csv,C,X,X,20997,50,50,0,0,0,감축,계획품 원칙0(비핵심설비→수리일정발주)
Q4256411,SEO26FF,보험품,master.csv,B,X,X,154755,4,4,5,1,154755,발주,"비핵심보험[B] μ_LT+SS(Z1.65)=5,상한10→5"
Q4264097,SEO26FF,보험품,master.csv,C,X,X,110000,5,15,5,0,0,유지,"비핵심보험[C] μ_LT+SS(Z1.28)=5,상한0→5"
Q4273074,SEO26FF,보험품,master.csv,B,X,X,1150000,2,2,3,1,1150000,발주,"비핵심보험[B] μ_LT+SS(Z1.65)=3,상한5→3"
Q4278883,SEO26FF,계획품,master.csv,B,X,X,295000,1,1,0,0,0,감축,계획품 원칙0(비핵심설비→수리일정발주)
Q4280135,SEO26FF,보험품,master.csv,C,X,X,9303,16,16,4,0,0,감축,"비핵심보험[C] μ_LT+SS(Z1.28)=4,상한0→4"
Q4283104,SEO26FF,보험품,master.csv,B,X,X,895839,1,1,2,1,895839,발주,"비핵심보험[B] μ_LT+SS(Z1.65)=2,상한4→2"
Q4295492,SEO26FF,계획품,master.csv,B,X,X,260514,3,3,0,0,0,감축,핵심설비 계획품이나 소요비활발(λ0.1)→0
Q4102245,SEO26FF,보험품,master.csv,C,X,X,138518,6,14,0,0,0,감축,비핵심보험[C] 소요無→0
Q3401267,SEO26FF,보험품,master.csv,C,X,X,93318,2,7,0,0,0,감축,비핵심보험[C] 소요無→0
Q4308842,SEO26FF,계획품,master.csv,C,X,O,205340,1,2,0,0,0,감축,핵심설비 계획품이나 3년무소요→0
Q4310783,SEO26FF,계획품,master.csv,S,X,O,17539,2,2,0,0,0,감축,핵심설비 계획품이나 3년무소요→0
Q4312812,SEO26FF,보험품,master.csv,B,X,X,2480000,1,1,1,0,0,유지,"비핵심보험[B] μ_LT+SS(Z1.65)=1,상한1→1"
Q4321160,SEO26FF,보험품,master.csv,B,X,X,4850000,1,1,1,0,0,유지,"비핵심보험[B] μ_LT+SS(Z1.65)=1,상한1→1"
Q4327789,SEO26FF,보험품,master.csv,B,X,X,2100000,1,1,2,1,2100000,발주,"비핵심보험[B] μ_LT+SS(Z1.65)=2,상한2→2"
Q4336678,SEO26FF,보험품,master.csv,B,X,X,7354160,1,1,1,0,0,유지,"비핵심보험[B] μ_LT+SS(Z1.65)=1,상한2→1"
Q4342710,SEO26FF,계획품,master.csv,B,X,X,2791,20,20,0,0,0,감축,계획품 원칙0(비핵심설비→수리일정발주)
Q4347498,SEO26FF,계획품,master.csv,A,X,O,125000,1,1,0,0,0,감축,핵심설비 계획품이나 3년무소요→0
Q4348128,SEO26FF,보험품,master.csv,B,X,X,3220,400,400,0,0,0,감축,비핵심보험[B] 소요無→0
Q4349846,SEO26FF,계획품,master.csv,C,X,X,35800000,6,8,0,0,0,감축,계획품 원칙0(비핵심설비→수리일정발주)
Q4354776,SEO26FF,계획품,master.csv,C,X,X,183980,12,12,0,0,0,감축,계획품 원칙0(비핵심설비→수리일정발주)
Q4357975,SEO26FF,보험품,master.csv,B,X,X,3802490,1,1,3,2,7604980,발주,"비핵심보험[B] μ_LT+SS(Z1.65)=3,상한10→3"
Q4383840,SEO26FF,계획품,master.csv,B,X,X,1870000,1,1,0,0,0,감축,계획품 원칙0(비핵심설비→수리일정발주)
Q4383841,SEO26FF,계획품,master.csv,B,X,X,1680000,2,2,0,0,0,감축,계획품 원칙0(비핵심설비→수리일정발주)
Q4384099,SEO26FF,보험품,master.csv,C,X,X,904166,2,3,3,1,904166,발주,"비핵심보험[C] μ_LT+SS(Z1.28)=3,상한0→3"
Q4386124,SEO26FF,보험품,master.csv,S,X,O,8923590,2,2,3,1,8923590,발주,"핵심보험[S] μ_LT+SS(Z2.58)=3,상한4,기준1→3"
Q4390457,SEO26FF,보험품,master.csv,B,X,X,17928000,2,2,2,0,0,유지,"비핵심보험[B] μ_LT+SS(Z1.65)=2,상한2→2"
Q4390712,SEO26FF,계획품,master.csv,B,X,X,17212690,1,1,0,0,0,감축,계획품 원칙0(비핵심설비→수리일정발주)
Q4394089,SEO26FF,보험품,master.csv,B,X,X,3970000,1,1,1,0,0,유지,"비핵심보험[B] μ_LT+SS(Z1.65)=1,상한1→1"
Q4398385,SEO26FF,보험품,master.csv,B,X,X,7049560,1,1,1,0,0,유지,"비핵심보험[B] μ_LT+SS(Z1.65)=1,상한1→1"
Q4403031,SEO26FF,보험품,master.csv,C,X,X,87355,4,4,2,0,0,감축,"비핵심보험[C] μ_LT+SS(Z1.28)=2,상한2→2"
Q4410007,SEO26FF,보험품,master.csv,C,X,X,43000,6,6,3,0,0,감축,"비핵심보험[C] μ_LT+SS(Z1.28)=3,상한6→3"
Q4412119,SEO26FF,보험품,master.csv,A,X,O,81019,2,2,1,0,0,감축,"핵심보험[A] μ_LT+SS(Z2.05)=1,상한0,기준1→1"
Q4412288,SEO26FF,계획품,master.csv,A,X,O,2500000,2,2,0,0,0,감축,핵심설비 계획품이나 3년무소요→0
Q4412576,SEO26FF,계획품,master.csv,C,X,X,11850000,1,1,0,0,0,감축,계획품 원칙0(비핵심설비→수리일정발주)
Q4416013,SEO26FF,계획품,master.csv,A,X,O,250000,1,1,0,0,0,감축,핵심설비 계획품이나 3년무소요→0
Q4416076,SEO26FF,계획품,master.csv,B,X,X,975000,2,2,0,0,0,감축,계획품 원칙0(비핵심설비→수리일정발주)
Q4416082,SEO26FF,계획품,master.csv,B,X,X,600000,1,1,0,0,0,감축,계획품 원칙0(비핵심설비→수리일정발주)
Q4418347,SEO26FF,계획품,master.csv,B,X,X,51170000,1,1,0,0,0,감축,계획품 원칙0(비핵심설비→수리일정발주)
Q4419677,SEO26FF,계획품,master.csv,A,X,O,800000,4,4,0,0,0,감축,핵심설비 계획품이나 3년무소요→0
Q4419678,SEO26FF,계획품,master.csv,C,X,X,863000,3,3,0,0,0,감축,계획품 원칙0(비핵심설비→수리일정발주)
Q4423761,SEO26FF,계획품,master.csv,B,X,X,935000,2,2,0,0,0,감축,계획품 원칙0(비핵심설비→수리일정발주)
Q4435466,SEO26FF,보험품,master.csv,C,X,X,341000,4,4,4,0,0,유지,"비핵심보험[C] μ_LT+SS(Z1.28)=4,상한8→4"
Q4439263,SEO26FF,보험품,master.csv,C,X,O,11500000,1,2,1,0,0,유지,"핵심보험[C] μ_LT+SS(Z1.28)=1,상한2,기준1→1"
Q4439264,SEO26FF,보험품,master.csv,C,X,O,11900000,1,2,1,0,0,유지,"핵심보험[C] μ_LT+SS(Z1.28)=1,상한2,기준1→1"
Q4439265,SEO26FF,보험품,master.csv,A,X,O,11900000,1,1,2,1,11900000,발주,"핵심보험[A] μ_LT+SS(Z2.05)=2,상한2,기준1→2"
Q4439266,SEO26FF,보험품,master.csv,S,X,O,14806000,1,1,2,1,14806000,발주,"핵심보험[S] μ_LT+SS(Z2.58)=3,상한2,기준1→2"
Q4439269,SEO26FF,보험품,master.csv,C,X,X,9990000,1,2,1,0,0,유지,"비핵심보험[C] μ_LT+SS(Z1.28)=1,상한2→1"
Q4439270,SEO26FF,보험품,master.csv,B,X,X,1378541,1,1,1,0,0,유지,"비핵심보험[B] μ_LT+SS(Z1.65)=1,상한1→1"
Q4443501,SEO26FF,보험품,master.csv,C,X,X,8000,6,6,6,0,0,유지,"비핵심보험[C] μ_LT+SS(Z1.28)=6,상한0→6"
Q4444346,SEO26FF,계획품,master.csv,C,X,X,180000,1,1,0,0,0,감축,계획품 원칙0(비핵심설비→수리일정발주)
Q4450272,SEO26FF,보험품,master.csv,C,X,X,3800000,1,1,1,0,0,유지,"비핵심보험[C] μ_LT+SS(Z1.28)=1,상한1→1"
Q4453988,SEO26FF,보험품,master.csv,B,X,X,8726315,1,1,1,0,0,유지,"비핵심보험[B] μ_LT+SS(Z1.65)=1,상한1→1"
Q4459402,SEO26FF,보험품,master.csv,B,X,X,400000,2,2,2,0,0,유지,"비핵심보험[B] μ_LT+SS(Z1.65)=2,상한2→2"
Q4460076,SEO26FF,보험품,master.csv,A,X,O,2685000,1,1,1,0,0,유지,"핵심보험[A] μ_LT+SS(Z2.05)=1,상한1,기준1→1"
Q4465267,SEO26FF,보험품,master.csv,B,X,X,13900000,1,1,2,1,13900000,발주,"비핵심보험[B] μ_LT+SS(Z1.65)=2,상한2→2"
Q4468493,SEO26FF,계획품,master.csv,A,X,O,199680,2,2,0,0,0,감축,핵심설비 계획품이나 3년무소요→0
Q4468503,SEO26FF,계획품,master.csv,B,X,X,763840,1,1,0,0,0,감축,계획품 원칙0(비핵심설비→수리일정발주)
Q4468504,SEO26FF,계획품,master.csv,B,X,X,763840,1,1,0,0,0,감축,계획품 원칙0(비핵심설비→수리일정발주)
Q4470227,SEO26FF,계획품,master.csv,A,X,O,99290,1,1,0,0,0,감축,핵심설비 계획품이나 3년무소요→0
Q4471030,SEO26FF,계획품,master.csv,B,X,X,1462350,1,1,0,0,0,감축,계획품 원칙0(비핵심설비→수리일정발주)
Q4471765,SEO26FF,보험품,master.csv,B,X,X,2420000,1,1,1,0,0,유지,"비핵심보험[B] μ_LT+SS(Z1.65)=1,상한1→1"
QS414625,SEO26FF,보험품,master.csv,C,X,X,667781,10,33,4,0,0,감축,"비핵심보험[C] μ_LT+SS(Z1.28)=4,상한17→4"
Q4474243,SEO26FF,계획품,master.csv,C,X,X,550700,1,1,0,0,0,감축,계획품 원칙0(비핵심설비→수리일정발주)
Q4480769,SEO26FF,보험품,master.csv,B,X,X,3976000,2,2,2,0,0,유지,"비핵심보험[B] μ_LT+SS(Z1.65)=2,상한2→2"
Q4485045,SEO26FF,보험품,master.csv,B,X,X,730000,1,1,1,0,0,유지,"비핵심보험[B] μ_LT+SS(Z1.65)=1,상한1→1"
Q4485080,SEO26FF,보험품,master.csv,B,X,X,12883750,1,1,1,0,0,유지,"비핵심보험[B] μ_LT+SS(Z1.65)=1,상한2→1"
Q4485081,SEO26FF,보험품,master.csv,B,X,X,11646910,1,1,1,0,0,유지,"비핵심보험[B] μ_LT+SS(Z1.65)=1,상한2→1"
Q4485087,SEO26FF,보험품,master.csv,B,X,X,620000,1,1,1,0,0,유지,"비핵심보험[B] μ_LT+SS(Z1.65)=1,상한1→1"
Q4493662,SEO26FF,보험품,master.csv,B,X,X,1200000,2,2,2,0,0,유지,"비핵심보험[B] μ_LT+SS(Z1.65)=2,상한2→2"
Q4497103,SEO26FF,보험품,master.csv,B,X,X,100000,4,4,1,0,0,감축,"비핵심보험[B] μ_LT+SS(Z1.65)=1,상한1→1"
Q4499010,SEO26FF,보험품,master.csv,C,X,X,36657320,4,5,1,0,0,감축,"비핵심보험[C] μ_LT+SS(Z1.28)=1,상한2→1"
Q4501966,SEO26FF,보험품,master.csv,A,X,O,32000,8,8,1,0,0,감축,핵심보험[A] 소요無→기준1
Q4503767,SEO26FF,보험품,master.csv,A,X,O,115326,15,15,8,0,0,감축,"핵심보험[A] μ_LT+SS(Z2.05)=8,상한15,기준1→8"
Q4503770,SEO26FF,계획품,master.csv,A,X,O,41188,10,10,0,0,0,감축,핵심설비 계획품이나 3년무소요→0
Q4504475,SEO26FF,보험품,master.csv,A,X,O,630000,1,1,1,0,0,유지,"핵심보험[A] μ_LT+SS(Z2.05)=1,상한1,기준1→1"
Q4504476,SEO26FF,보험품,master.csv,A,X,O,490000,2,2,2,0,0,유지,"핵심보험[A] μ_LT+SS(Z2.05)=2,상한2,기준1→2"
Q4504478,SEO26FF,보험품,master.csv,A,X,O,420000,2,2,2,0,0,유지,"핵심보험[A] μ_LT+SS(Z2.05)=2,상한2,기준1→2"
QS418165,SEO26FF,보험품,master.csv,B,X,X,65000000,1,1,2,1,65000000,발주,"비핵심보험[B] μ_LT+SS(Z1.65)=2,상한2→2"
Q4515205,SEO26FF,보험품,master.csv,A,X,O,15061,20,20,36,16,240976,발주,"핵심보험[A] μ_LT+SS(Z2.05)=36,상한36,기준1→36"
Q4515206,SEO26FF,보험품,master.csv,A,X,O,21083,8,8,8,0,0,유지,"핵심보험[A] μ_LT+SS(Z2.05)=8,상한0,기준1→8"
Q4515573,SEO26FF,보험품,master.csv,C,X,X,2650000,2,3,2,0,0,유지,"비핵심보험[C] μ_LT+SS(Z1.28)=2,상한2→2"
Q4517465,SEO26FF,보험품,master.csv,B,X,X,845000,2,2,2,0,0,유지,"비핵심보험[B] μ_LT+SS(Z1.65)=2,상한2→2"
Q4517801,SEO26FF,보험품,master.csv,B,X,X,795000,6,6,6,0,0,유지,"비핵심보험[B] μ_LT+SS(Z1.65)=6,상한6→6"
Q4524604,SEO26FF,보험품,master.csv,B,X,X,4300000,1,1,1,0,0,유지,"비핵심보험[B] μ_LT+SS(Z1.65)=1,상한1→1"
Q4524949,SEO26FF,보험품,master.csv,B,X,X,1100000,2,2,2,0,0,유지,"비핵심보험[B] μ_LT+SS(Z1.65)=2,상한2→2"
Q4530897,SEO26FF,보험품,master.csv,B,X,X,920000,1,1,0,0,0,감축,비핵심보험[B] 소요無→0
Q4531078,SEO26FF,계획품,master.csv,B,X,X,1370000,3,3,0,0,0,감축,계획품 원칙0(비핵심설비→수리일정발주)
Q4532058,SEO26FF,보험품,master.csv,B,X,X,630000,1,1,1,0,0,유지,"비핵심보험[B] μ_LT+SS(Z1.65)=2,상한1→1"
Q4535892,SEO26FF,계획품,master.csv,S,X,O,31900000,2,2,0,0,0,감축,핵심설비 계획품이나 소요비활발(λ0.8)→0
Q4535894,SEO26FF,계획품,master.csv,S,X,O,31900000,2,2,0,0,0,감축,핵심설비 계획품이나 소요비활발(λ0.8)→0
Q4535900,SEO26FF,계획품,master.csv,S,X,O,41000000,1,1,0,0,0,감축,핵심설비 계획품이나 소요비활발(λ0.3)→0
Q4535902,SEO26FF,계획품,master.csv,S,X,O,41000000,1,1,0,0,0,감축,핵심설비 계획품이나 3년무소요→0
Q4536719,SEO26FF,보험품,master.csv,B,X,X,870000,4,4,4,0,0,유지,"비핵심보험[B] μ_LT+SS(Z1.65)=4,상한0→4"
Q4537595,SEO26FF,계획품,master.csv,C,X,X,5297586,2,3,0,0,0,감축,계획품 원칙0(비핵심설비→수리일정발주)
Q4541491,SEO26FF,보험품,master.csv,B,X,X,875000,2,2,8,6,5250000,발주,"비핵심보험[B] μ_LT+SS(Z1.65)=8,상한32→8"
Q4541492,SEO26FF,보험품,master.csv,B,X,X,875000,2,2,8,6,5250000,발주,"비핵심보험[B] μ_LT+SS(Z1.65)=8,상한32→8"
Q4543363,SEO26FF,보험품,master.csv,B,X,X,3300000,1,1,0,0,0,감축,비핵심보험[B] 소요無→0
Q4546235,SEO26FF,보험품,master.csv,C,X,X,711183,1,2,1,0,0,유지,"비핵심보험[C] μ_LT+SS(Z1.28)=1,상한1→1"
Q4548256,SEO26FF,계획품,master.csv,B,X,X,465000,1,1,0,0,0,감축,계획품 원칙0(비핵심설비→수리일정발주)
Q4548258,SEO26FF,계획품,master.csv,B,X,X,475000,1,1,0,0,0,감축,계획품 원칙0(비핵심설비→수리일정발주)
Q4548259,SEO26FF,계획품,master.csv,B,X,X,485000,1,1,0,0,0,감축,계획품 원칙0(비핵심설비→수리일정발주)
Q4548260,SEO26FF,계획품,master.csv,B,X,X,570000,1,1,0,0,0,감축,계획품 원칙0(비핵심설비→수리일정발주)
Q4551506,SEO26FF,계획품,master.csv,B,X,X,13700000,1,1,0,0,0,감축,계획품 원칙0(비핵심설비→수리일정발주)
Q4551507,SEO26FF,보험품,master.csv,B,X,X,12500000,1,1,1,0,0,유지,"비핵심보험[B] μ_LT+SS(Z1.65)=1,상한0→1"
Q4559574,SEO26FF,보험품,master.csv,B,X,X,400000,6,6,6,0,0,유지,"비핵심보험[B] μ_LT+SS(Z1.65)=6,상한0→6"
Q4559575,SEO26FF,보험품,master.csv,B,X,X,400000,3,3,3,0,0,유지,"비핵심보험[B] μ_LT+SS(Z1.65)=3,상한0→3"
Q4559600,SEO26FF,보험품,master.csv,B,X,X,409909,3,3,2,0,0,감축,"비핵심보험[B] μ_LT+SS(Z1.65)=2,상한2→2"
Q4559686,SEO26FF,보험품,master.csv,B,X,X,1180000,3,3,3,0,0,유지,"비핵심보험[B] μ_LT+SS(Z1.65)=3,상한3→3"
Q4562126,SEO26FF,보험품,master.csv,C,X,X,910000,1,1,1,0,0,유지,"비핵심보험[C] μ_LT+SS(Z1.28)=2,상한1→1"
Q4562194,SEO26FF,보험품,master.csv,B,X,X,946000,1,1,1,0,0,유지,"비핵심보험[B] μ_LT+SS(Z1.65)=1,상한1→1"
Q4572470,SEO26FF,보험품,master.csv,C,X,X,363895,1,1,1,0,0,유지,"비핵심보험[C] μ_LT+SS(Z1.28)=1,상한0→1"
Q4572473,SEO26FF,보험품,master.csv,B,X,X,634217,1,1,1,0,0,유지,"비핵심보험[B] μ_LT+SS(Z1.65)=1,상한1→1"
Q4573456,SEO26FF,보험품,master.csv,B,X,X,660000,1,1,0,0,0,감축,비핵심보험[B] 소요無→0
Q4575867,SEO26FF,보험품,master.csv,B,X,X,363000,1,1,1,0,0,유지,"비핵심보험[B] μ_LT+SS(Z1.65)=1,상한0→1"
Q4576432,SEO26FF,보험품,master.csv,C,X,X,1350000,4,4,2,0,0,감축,"비핵심보험[C] μ_LT+SS(Z1.28)=2,상한2→2"
Q4576623,SEO26FF,보험품,master.csv,C,X,X,1541000,1,1,1,0,0,유지,"비핵심보험[C] μ_LT+SS(Z1.28)=1,상한0→1"
Q4576624,SEO26FF,보험품,master.csv,C,X,X,1543000,1,1,1,0,0,유지,"비핵심보험[C] μ_LT+SS(Z1.28)=1,상한0→1"
Q4582819,SEO26FF,보험품,master.csv,C,X,X,1605534,1,18,1,0,0,유지,"비핵심보험[C] μ_LT+SS(Z1.28)=1,상한1→1"
Q4585577,SEO26FF,보험품,master.csv,C,X,O,130000,3,7,1,0,0,감축,핵심보험[C] 소요無→기준1
Q4585578,SEO26FF,보험품,master.csv,C,X,X,59000,5,5,0,0,0,감축,비핵심보험[C] 소요無→0
Q4587154,SEO26FF,보험품,master.csv,S,X,O,13399100,5,5,5,0,0,유지,"핵심보험[S] μ_LT+SS(Z2.58)=5,상한0,기준1→5"
Q4588343,SEO26FF,보험품,master.csv,B,X,X,98870000,1,1,1,0,0,유지,"비핵심보험[B] μ_LT+SS(Z1.65)=1,상한1→1"
Q4590955,SEO26FF,보험품,master.csv,B,X,X,1700000,2,2,2,0,0,유지,"비핵심보험[B] μ_LT+SS(Z1.65)=2,상한2→2"
Q4597580,SEO26FF,보험품,master.csv,A,X,O,100911,30,30,30,0,0,유지,"핵심보험[A] μ_LT+SS(Z2.05)=30,상한30,기준1→30"
Q4598537,SEO26FF,보험품,master.csv,B,X,X,19269375,1,1,1,0,0,유지,"비핵심보험[B] μ_LT+SS(Z1.65)=1,상한2→1"
Q4605205,SEO26FF,보험품,master.csv,B,X,X,1350000,2,2,0,0,0,감축,비핵심보험[B] 소요無→0
Q4605206,SEO26FF,보험품,master.csv,B,X,X,586000,2,2,0,0,0,감축,비핵심보험[B] 소요無→0
Q4606740,SEO26FF,보험품,master.csv,C,X,X,3101,28,28,7,0,0,감축,"비핵심보험[C] μ_LT+SS(Z1.28)=7,상한0→7"
Q4610709,SEO26FF,계획품,master.csv,C,X,X,19000,10,10,0,0,0,감축,계획품 원칙0(비핵심설비→수리일정발주)
Q4611811,SEO26FF,보험품,master.csv,C,X,X,135000,4,4,0,0,0,감축,비핵심보험[C] 소요無→0
Q4612557,SEO26FF,보험품,master.csv,B,X,X,2774790,2,2,2,0,0,유지,"비핵심보험[B] μ_LT+SS(Z1.65)=2,상한0→2"
Q4616814,SEO26FF,보험품,master.csv,B,X,X,304057,2,2,0,0,0,감축,비핵심보험[B] 소요無→0
Q4625628,SEO26FF,보험품,master.csv,B,X,X,27439590,1,1,1,0,0,유지,"비핵심보험[B] μ_LT+SS(Z1.65)=1,상한1→1"
Q4625646,SEO26FF,보험품,master.csv,B,X,X,39463680,1,1,1,0,0,유지,"비핵심보험[B] μ_LT+SS(Z1.65)=1,상한1→1"
Q4626564,SEO26FF,계획품,master.csv,C,X,X,538,150,150,0,0,0,감축,계획품 원칙0(비핵심설비→수리일정발주)
Q4627208,SEO26FF,계획품,master.csv,B,X,X,17212690,1,1,0,0,0,감축,계획품 원칙0(비핵심설비→수리일정발주)
Q4653124,SEO26FF,보험품,master.csv,B,X,X,9688580,2,2,1,0,0,감축,"비핵심보험[B] μ_LT+SS(Z1.65)=1,상한1→1"
Q4635563,SEO26FF,보험품,master.csv,C,X,X,18000,10,10,0,0,0,감축,비핵심보험[C] 소요無→0
Q4636078,SEO26FF,보험품,master.csv,C,X,X,124044,20,20,0,0,0,감축,비핵심보험[C] 소요無→0
Q4635441,SEO26FF,보험품,master.csv,C,X,X,35000,2,2,0,0,0,감축,비핵심보험[C] 소요無→0
Q4642447,SEO26FF,보험품,master.csv,C,X,X,1080000,1,1,0,0,0,감축,비핵심보험[C] 소요無→0
Q4662921,SEO26FF,보험품,master.csv,B,X,X,13000,8,8,0,0,0,감축,비핵심보험[B] 소요無→0
Q4663525,SEO26FF,계획품,master.csv,C,X,X,116356,3,3,0,0,0,감축,계획품 원칙0(비핵심설비→수리일정발주)
Q4652294,SEO26FF,보험품,master.csv,B,X,X,4145000,2,2,2,0,0,유지,"비핵심보험[B] μ_LT+SS(Z1.65)=2,상한2→2"
Q4640645,SEO26FF,보험품,master.csv,C,X,X,840000,3,3,1,0,0,감축,"비핵심보험[C] μ_LT+SS(Z1.28)=1,상한0→1"
Q4671514,SEO26FF,보험품,master.csv,B,X,X,1800000,1,1,0,0,0,감축,비핵심보험[B] 소요無→0
Q4659090,SEO26FF,계획품,master.csv,B,X,X,17400000,1,1,0,0,0,감축,계획품 원칙0(비핵심설비→수리일정발주)
Q4675700,SEO26FF,보험품,master.csv,B,X,X,1015000,1,1,0,0,0,감축,비핵심보험[B] 소요無→0
Q4676007,SEO26FF,계획품,master.csv,A,X,O,2009865,1,1,1,0,0,유지,핵심설비계획품 소요활발(λ4.6)→소량1
Q4668630,SEO26FF,보험품,master.csv,B,X,X,134000,1,1,0,0,0,감축,비핵심보험[B] 소요無→0
Q4668643,SEO26FF,보험품,master.csv,B,X,X,5840000,1,1,0,0,0,감축,비핵심보험[B] 소요無→0
Q4670923,SEO26FF,보험품,master.csv,C,X,X,99000,1,1,0,0,0,감축,비핵심보험[C] 소요無→0
QS429155,SEO26FF,보험품,master.csv,C,X,O,14300000,1,3,1,0,0,유지,"핵심보험[C] μ_LT+SS(Z1.28)=1,상한0,기준1→1"
Q4677113,SEO26FF,보험품,master.csv,B,X,X,5820000,2,2,0,0,0,감축,비핵심보험[B] 소요無→0
Q4679740,SEO26FF,계획품,master.csv,C,X,X,95000,3,6,0,0,0,감축,계획품 원칙0(비핵심설비→수리일정발주)
Q4681514,SEO26FF,계획품,master.csv,B,X,X,806286,8,8,0,0,0,감축,계획품 원칙0(비핵심설비→수리일정발주)
Q4681315,SEO26FF,계획품,master.csv,B,X,X,10625000,1,1,0,0,0,감축,계획품 원칙0(비핵심설비→수리일정발주)
Q4704375,SEO26FF,계획품,master.csv,B,X,X,48000000,1,1,0,0,0,감축,계획품 원칙0(비핵심설비→수리일정발주)
Q4686594,SEO26FF,보험품,master.csv,A,X,O,355000,2,2,1,0,0,감축,핵심보험[A] 소요無→기준1
Q4691588,SEO26FF,보험품,master.csv,B,X,X,5250000,1,1,0,0,0,감축,비핵심보험[B] 소요無→0
Q4696404,SEO26FF,계획품,master.csv,B,X,X,870000,2,2,0,0,0,감축,계획품 원칙0(비핵심설비→수리일정발주)
Q4697155,SEO26FF,계획품,master.csv,B,X,X,52616700,1,1,0,0,0,감축,계획품 원칙0(비핵심설비→수리일정발주)
Q4709438,SEO26FF,계획품,master.csv,A,X,O,15693210,2,2,0,0,0,감축,핵심설비 계획품이나 3년무소요→0
Q4695959,SEO26FF,계획품,master.csv,B,X,X,9490000,1,1,0,0,0,감축,계획품 원칙0(비핵심설비→수리일정발주)
Q4695963,SEO26FF,계획품,master.csv,B,X,X,9490000,1,1,0,0,0,감축,계획품 원칙0(비핵심설비→수리일정발주)
Q4695964,SEO26FF,계획품,master.csv,B,X,X,9490000,1,1,0,0,0,감축,계획품 원칙0(비핵심설비→수리일정발주)
Q4695965,SEO26FF,계획품,master.csv,B,X,X,9490000,1,1,0,0,0,감축,계획품 원칙0(비핵심설비→수리일정발주)
Q4709544,SEO26FF,계획품,master.csv,B,X,X,2000000,3,3,0,0,0,감축,계획품 원칙0(비핵심설비→수리일정발주)
Q4709545,SEO26FF,계획품,master.csv,B,X,X,2000000,4,4,0,0,0,감축,계획품 원칙0(비핵심설비→수리일정발주)
Q4688109,SEO26FF,보험품,master.csv,B,X,X,925973,1,1,0,0,0,감축,비핵심보험[B] 소요無→0
Q4699400,SEO26FF,보험품,master.csv,C,X,X,16340430,2,3,0,0,0,감축,비핵심보험[C] 소요無→0
Q4699194,SEO26FF,계획품,master.csv,B,X,X,515350,2,2,0,0,0,감축,계획품 원칙0(비핵심설비→수리일정발주)
Q4698941,SEO26FF,계획품,master.csv,A,X,O,38000,2,2,1,0,0,감축,핵심설비계획품 소요활발(λ24.2)→소량1
Q4712148,SEO26FF,계획품,master.csv,B,X,X,380989,1,1,0,0,0,감축,계획품 원칙0(비핵심설비→수리일정발주)
Q4712149,SEO26FF,계획품,master.csv,B,X,X,581781,1,1,0,0,0,감축,계획품 원칙0(비핵심설비→수리일정발주)
Q4712150,SEO26FF,계획품,master.csv,B,X,X,1714451,1,1,0,0,0,감축,계획품 원칙0(비핵심설비→수리일정발주)
Q4712151,SEO26FF,계획품,master.csv,C,X,X,1122373,1,1,0,0,0,감축,계획품 원칙0(비핵심설비→수리일정발주)
Q4712152,SEO26FF,계획품,master.csv,B,X,X,844354,1,1,0,0,0,감축,계획품 원칙0(비핵심설비→수리일정발주)
Q4712503,SEO26FF,계획품,master.csv,B,X,X,25160000,1,1,0,0,0,감축,계획품 원칙0(비핵심설비→수리일정발주)
Q4712672,SEO26FF,계획품,master.csv,A,X,O,25860000,1,1,0,0,0,감축,핵심설비 계획품이나 3년무소요→0
Q4716626,SEO26FF,계획품,master.csv,C,X,X,280000,40,40,0,0,0,감축,계획품 원칙0(비핵심설비→수리일정발주)
Q4716627,SEO26FF,계획품,master.csv,C,X,X,280000,40,40,0,0,0,감축,계획품 원칙0(비핵심설비→수리일정발주)
Q4702499,SEO26FF,계획품,master.csv,C,X,X,462000,2,2,0,0,0,감축,계획품 원칙0(비핵심설비→수리일정발주)
Q4702501,SEO26FF,계획품,master.csv,C,X,X,515000,10,10,0,0,0,감축,계획품 원칙0(비핵심설비→수리일정발주)
Q4702503,SEO26FF,계획품,master.csv,B,X,X,1480000,1,1,0,0,0,감축,계획품 원칙0(비핵심설비→수리일정발주)
Q4702505,SEO26FF,계획품,master.csv,C,X,X,505000,2,2,0,0,0,감축,계획품 원칙0(비핵심설비→수리일정발주)
Q4702518,SEO26FF,계획품,master.csv,B,X,X,2540000,1,1,0,0,0,감축,계획품 원칙0(비핵심설비→수리일정발주)
Q4702521,SEO26FF,계획품,master.csv,B,X,X,2540000,1,1,0,0,0,감축,계획품 원칙0(비핵심설비→수리일정발주)
Q4702522,SEO26FF,계획품,master.csv,B,X,X,2480000,1,1,0,0,0,감축,계획품 원칙0(비핵심설비→수리일정발주)
Q4702525,SEO26FF,계획품,master.csv,B,X,X,1510000,1,1,0,0,0,감축,계획품 원칙0(비핵심설비→수리일정발주)
Q4702528,SEO26FF,계획품,master.csv,B,X,X,2540000,1,1,0,0,0,감축,계획품 원칙0(비핵심설비→수리일정발주)
Q4702532,SEO26FF,계획품,master.csv,B,X,X,1510000,1,1,0,0,0,감축,계획품 원칙0(비핵심설비→수리일정발주)
Q4702536,SEO26FF,계획품,master.csv,B,X,X,1480000,1,1,0,0,0,감축,계획품 원칙0(비핵심설비→수리일정발주)
Q4701430,SEO26FF,계획품,master.csv,C,X,X,2100000,6,6,0,0,0,감축,계획품 원칙0(비핵심설비→수리일정발주)
Q4700741,SEO26FF,보험품,master.csv,B,X,X,378000,1,1,0,0,0,감축,비핵심보험[B] 소요無→0
Q4700628,SEO26FF,계획품,master.csv,B,X,X,1863000,1,1,0,0,0,감축,계획품 원칙0(비핵심설비→수리일정발주)
Q4700632,SEO26FF,계획품,master.csv,B,X,X,48584,2,2,0,0,0,감축,계획품 원칙0(비핵심설비→수리일정발주)
Q4700633,SEO26FF,계획품,master.csv,B,X,X,68224,2,2,0,0,0,감축,계획품 원칙0(비핵심설비→수리일정발주)
Q4700636,SEO26FF,계획품,master.csv,B,X,X,2900000,1,1,0,0,0,감축,계획품 원칙0(비핵심설비→수리일정발주)
Q4710841,SEO26FF,계획품,master.csv,B,X,X,21000,10,10,0,0,0,감축,계획품 원칙0(비핵심설비→수리일정발주)
Q4711186,SEO26FF,계획품,master.csv,C,X,X,39000,1,1,0,0,0,감축,계획품 원칙0(비핵심설비→수리일정발주)
Q4711077,SEO26FF,계획품,master.csv,B,X,X,3870000,1,1,0,0,0,감축,계획품 원칙0(비핵심설비→수리일정발주)
Q4711472,SEO26FF,계획품,master.csv,B,X,X,3838000,1,1,0,0,0,감축,계획품 원칙0(비핵심설비→수리일정발주)
Q4711473,SEO26FF,계획품,master.csv,C,X,X,2922800,2,2,0,0,0,감축,계획품 원칙0(비핵심설비→수리일정발주)
Q4693469,SEO26FF,계획품,master.csv,B,X,X,770000,1,1,0,0,0,감축,계획품 원칙0(비핵심설비→수리일정발주)
Q4694508,SEO26FF,계획품,master.csv,B,X,X,50000,42,42,0,0,0,감축,계획품 원칙0(비핵심설비→수리일정발주)
Q4693461,SEO26FF,계획품,master.csv,B,X,X,1540000,1,1,0,0,0,감축,계획품 원칙0(비핵심설비→수리일정발주)
Q4693466,SEO26FF,계획품,master.csv,B,X,X,1078000,1,1,0,0,0,감축,계획품 원칙0(비핵심설비→수리일정발주)
Q1000737,SEO26FF,보험품,master.csv,S,O,X,760000,0,3,1,1,760000,발주,"핵심보험[S] μ_LT+SS(Z2.58)=1,상한1,기준1→1"
Q1000745,SEO26FF,보험품,master.csv,S,O,X,1220000,2,2,4,2,2440000,발주,"핵심보험[S] μ_LT+SS(Z2.58)=4,상한6,기준2→4"
Q1000781,SEO26FF,보험품,master.csv,S,O,X,5456724,0,0,2,2,10913448,발주,"핵심보험[S] μ_LT+SS(Z2.58)=2,상한2,기준2→2"
Q1000971,SEO26FF,보험품,master.csv,S,O,X,3567054,0,3,1,1,3567054,발주,핵심보험[S] 소요無→기준1
Q1032374,SEO26FF,보험품,master.csv,S,O,X,208614,0,1,3,3,625842,발주,"핵심보험[S] μ_LT+SS(Z2.58)=3,상한4,기준2→3"
Q1039284,SEO26FF,보험품,master.csv,S,O,X,5435000,0,1,2,2,10870000,발주,"핵심보험[S] μ_LT+SS(Z2.58)=2,상한2,기준1→2"
Q1039371,SEO26FF,보험품,master.csv,S,O,X,1179555,1,1,2,1,1179555,발주,"핵심보험[S] μ_LT+SS(Z2.58)=2,상한2,기준1→2"
Q1040012,SEO26FF,보험품,master.csv,S,O,X,6820905,0,0,2,2,13641810,발주,"핵심보험[S] μ_LT+SS(Z2.58)=2,상한2,기준2→2"
Q1040224,SEO26FF,보험품,master.csv,S,O,X,8936000,0,0,2,2,17872000,발주,"핵심보험[S] μ_LT+SS(Z2.58)=2,상한1,기준2→2"
Q1040225,SEO26FF,보험품,master.csv,S,O,X,5261841,0,0,2,2,10523682,발주,"핵심보험[S] μ_LT+SS(Z2.58)=2,상한2,기준2→2"
Q1040312,SEO26FF,보험품,master.csv,S,O,X,1120000,0,1,4,4,4480000,발주,"핵심보험[S] μ_LT+SS(Z2.58)=4,상한4,기준1→4"
Q1042306,SEO26FF,보험품,master.csv,S,O,X,205000,3,8,3,0,0,유지,"핵심보험[S] μ_LT+SS(Z2.58)=3,상한4,기준1→3"
Q1042421,SEO26FF,보험품,master.csv,S,O,X,5550000,0,0,1,1,5550000,발주,핵심보험[S] 소요無→기준1
Q1048997,SEO26FF,보험품,master.csv,S,O,X,2149164,2,4,1,0,0,감축,핵심보험[S] 소요無→기준1
Q1049004,SEO26FF,보험품,master.csv,S,O,X,3016846,0,6,1,1,3016846,발주,핵심보험[S] 소요無→기준1
Q1071793,SEO26FF,보험품,master.csv,S,O,X,76349,0,0,25,25,1908725,발주,"핵심보험[S] μ_LT+SS(Z2.58)=25,상한32,기준6→25"
Q1073119,SEO26FF,보험품,master.csv,S,O,X,6502210,0,0,1,1,6502210,발주,"핵심보험[S] μ_LT+SS(Z2.58)=1,상한2,기준1→1"
Q1073185,SEO26FF,보험품,master.csv,S,O,X,74104,0,0,24,24,1778496,발주,"핵심보험[S] μ_LT+SS(Z2.58)=24,상한28,기준6→24"
Q1073416,SEO26FF,보험품,master.csv,S,O,X,76349,0,0,24,24,1832376,발주,"핵심보험[S] μ_LT+SS(Z2.58)=24,상한30,기준6→24"
Q1073453,SEO26FF,보험품,master.csv,S,O,X,76349,0,0,21,21,1603329,발주,"핵심보험[S] μ_LT+SS(Z2.58)=21,상한30,기준6→21"
Q1074634,SEO26FF,보험품,master.csv,S,O,X,63152000,0,1,2,2,126304000,발주,"핵심보험[S] μ_LT+SS(Z2.58)=1,상한0,기준2→2"
Q1074772,SEO26FF,보험품,master.csv,S,O,X,52155000,0,4,4,4,208620000,발주,핵심보험[S] 소요無→기준4
Q1078283,SEO26FF,보험품,master.csv,S,O,X,5949060,0,5,4,4,23796240,발주,"핵심보험[S] μ_LT+SS(Z2.58)=4,상한4,기준2→4"
Q1137969,SEO26FF,보험품,master.csv,S,O,X,9302623,4,18,1,0,0,감축,핵심보험[S] 소요無→기준1
Q1218357,SEO26FF,보험품,master.csv,S,O,X,10789575,3,4,1,0,0,감축,핵심보험[S] 소요無→기준1
Q1218391,SEO26FF,보험품,master.csv,S,O,X,706654,1,10,1,0,0,유지,핵심보험[S] 소요無→기준1
Q1218393,SEO26FF,보험품,master.csv,S,O,X,2577600,0,3,1,1,2577600,발주,핵심보험[S] 소요無→기준1
Q1219164,SEO26FF,보험품,master.csv,S,O,X,1888445,3,4,1,0,0,감축,"핵심보험[S] μ_LT+SS(Z2.58)=1,상한0,기준1→1"
Q1260654,SEO26FF,보험품,master.csv,S,O,X,440836,4,20,1,0,0,감축,핵심보험[S] 소요無→기준1
Q1292612,SEO26FF,보험품,master.csv,S,O,X,4900000,0,0,6,6,29400000,발주,"핵심보험[S] μ_LT+SS(Z2.58)=6,상한8,기준4→6"
Q1314441,SEO26FF,보험품,master.csv,S,O,X,3598518,0,0,1,1,3598518,발주,핵심보험[S] 소요無→기준1
Q1316039,SEO26FF,보험품,master.csv,S,O,X,135333,0,4,1,1,135333,발주,핵심보험[S] 소요無→기준1
Q2010934,SEO26FF,보험품,master.csv,S,O,X,0,0,0,2,2,0,발주,핵심보험[S] 소요無→기준2
Q2024559,SEO26FF,보험품,master.csv,S,O,X,9000000,1,3,3,2,18000000,발주,"핵심보험[S] μ_LT+SS(Z2.58)=2,상한3,기준3→3"
Q2028061,SEO26FF,보험품,master.csv,S,O,X,84025400,0,0,2,2,168050800,발주,"핵심보험[S] μ_LT+SS(Z2.58)=2,상한2,기준1→2"
Q2028134,SEO26FF,보험품,master.csv,S,O,X,9333184,0,0,1,1,9333184,발주,"핵심보험[S] μ_LT+SS(Z2.58)=1,상한0,기준1→1"
Q2045742,SEO26FF,보험품,master.csv,S,O,X,4099280,0,2,1,1,4099280,발주,핵심보험[S] 소요無→기준1
Q2054727,SEO26FF,보험품,master.csv,S,O,X,3945376,16,22,21,5,19726878,발주,"핵심보험[S] μ_LT+SS(Z2.58)=21,상한30,기준1→21"
Q2062201,SEO26FF,보험품,master.csv,S,O,X,2325188,1,16,1,0,0,유지,핵심보험[S] 소요無→기준1
Q2074769,SEO26FF,보험품,master.csv,S,O,X,410000,0,0,4,4,1640000,발주,"핵심보험[S] μ_LT+SS(Z2.58)=4,상한8,기준2→4"
Q2088228,SEO26FF,보험품,master.csv,S,O,X,5351957,3,5,1,0,0,감축,핵심보험[S] 소요無→기준1
Q2094703,SEO26FF,보험품,master.csv,S,O,X,18565170,0,0,1,1,18565170,발주,"핵심보험[S] μ_LT+SS(Z2.58)=2,상한1,기준1→1"
Q2118996,SEO26FF,보험품,master.csv,S,O,X,2396595,0,5,1,1,2396595,발주,핵심보험[S] 소요無→기준1
Q2124049,SEO26FF,보험품,master.csv,S,O,X,400000,0,0,15,15,6000000,발주,"핵심보험[S] μ_LT+SS(Z2.58)=15,상한50,기준10→15"
Q2130291,SEO26FF,보험품,master.csv,S,O,X,6024410,3,13,1,0,0,감축,핵심보험[S] 소요無→기준1
Q2130293,SEO26FF,보험품,master.csv,S,O,X,4616560,0,4,1,1,4616560,발주,핵심보험[S] 소요無→기준1
Q2139998,SEO26FF,보험품,master.csv,S,O,X,5745152,1,1,1,0,0,유지,"핵심보험[S] μ_LT+SS(Z2.58)=1,상한0,기준1→1"
Q2143592,SEO26FF,보험품,master.csv,S,O,X,7982500,0,8,1,1,7982500,발주,핵심보험[S] 소요無→기준1
Q2143616,SEO26FF,보험품,master.csv,S,O,X,541022,0,12,1,1,541022,발주,핵심보험[S] 소요無→기준1
Q2185181,SEO26FF,보험품,master.csv,S,O,X,5433560,5,8,1,0,0,감축,핵심보험[S] 소요無→기준1
Q2212113,SEO26FF,보험품,master.csv,S,O,X,5700000,1,2,2,1,5700000,발주,"핵심보험[S] μ_LT+SS(Z2.58)=2,상한2,기준1→2"
Q2226242,SEO26FF,보험품,master.csv,S,O,X,11730000,0,1,1,1,11730000,발주,핵심보험[S] 소요無→기준1
Q4017996,SEO26FF,보험품,master.csv,S,O,X,4882524,3,8,1,0,0,감축,핵심보험[S] 소요無→기준1
Q4017997,SEO26FF,보험품,master.csv,S,O,X,2160174,3,10,1,0,0,감축,"핵심보험[S] μ_LT+SS(Z2.58)=1,상한1,기준1→1"
Q4017998,SEO26FF,보험품,master.csv,S,O,X,17510329,1,9,2,1,17510329,발주,"핵심보험[S] μ_LT+SS(Z2.58)=2,상한3,기준1→2"
Q4017999,SEO26FF,보험품,master.csv,S,O,X,5486984,4,22,1,0,0,감축,핵심보험[S] 소요無→기준1
Q4018000,SEO26FF,보험품,master.csv,S,O,X,5476820,4,14,1,0,0,감축,핵심보험[S] 소요無→기준1
Q4018004,SEO26FF,보험품,master.csv,S,O,X,1431351,2,14,1,0,0,감축,핵심보험[S] 소요無→기준1
Q4018005,SEO26FF,보험품,master.csv,S,O,X,2492262,13,27,4,0,0,감축,"핵심보험[S] μ_LT+SS(Z2.58)=2,상한0,기준4→4"
Q4018007,SEO26FF,보험품,master.csv,S,O,X,1081894,5,26,7,2,2163788,발주,핵심보험[S] 소요無→기준7
Q4018011,SEO26FF,보험품,master.csv,S,O,X,735324,3,28,10,7,5147270,발주,핵심보험[S] 소요無→기준10
Q4018012,SEO26FF,보험품,master.csv,S,O,X,883062,3,14,1,0,0,감축,핵심보험[S] 소요無→기준1
Q4018014,SEO26FF,보험품,master.csv,S,O,X,2290425,3,18,2,0,0,감축,"핵심보험[S] μ_LT+SS(Z2.58)=2,상한2,기준1→2"
Q4018015,SEO26FF,보험품,master.csv,S,O,X,2532781,1,29,8,7,17729468,발주,핵심보험[S] 소요無→기준8
Q4018016,SEO26FF,보험품,master.csv,S,O,X,1723854,1,7,1,0,0,유지,핵심보험[S] 소요無→기준1
Q4018018,SEO26FF,보험품,master.csv,S,O,X,3050316,1,27,13,12,36603797,발주,핵심보험[S] 소요無→기준13
Q4018019,SEO26FF,보험품,master.csv,S,O,X,2360508,1,6,1,0,0,유지,핵심보험[S] 소요無→기준1
Q4018022,SEO26FF,보험품,master.csv,S,O,X,10592621,2,15,2,0,0,유지,"핵심보험[S] μ_LT+SS(Z2.58)=2,상한3,기준2→2"
Q4018023,SEO26FF,보험품,master.csv,S,O,X,2757626,0,10,1,1,2757626,발주,"핵심보험[S] μ_LT+SS(Z2.58)=1,상한1,기준1→1"
Q4018210,SEO26FF,보험품,master.csv,S,O,X,2911135,3,15,6,3,8733404,발주,"핵심보험[S] μ_LT+SS(Z2.58)=6,상한10,기준1→6"
Q4039953,SEO26FF,보험품,master.csv,S,O,X,22320000,2,2,3,1,22320000,발주,"핵심보험[S] μ_LT+SS(Z2.58)=3,상한3,기준1→3"
Q4169627,SEO26FF,보험품,master.csv,S,O,X,416357,4,30,2,0,0,감축,핵심보험[S] 소요無→기준2
Q4169634,SEO26FF,보험품,master.csv,S,O,X,5243066,0,3,2,2,10486132,발주,핵심보험[S] 소요無→기준2
Q4169635,SEO26FF,보험품,master.csv,S,O,X,2710126,1,7,1,0,0,유지,핵심보험[S] 소요無→기준1
Q4173290,SEO26FF,보험품,master.csv,S,O,X,15145171,2,7,3,1,15145171,발주,"핵심보험[S] μ_LT+SS(Z2.58)=3,상한4,기준1→3"
Q4174454,SEO26FF,보험품,master.csv,S,O,X,3012982,1,13,1,0,0,유지,"핵심보험[S] μ_LT+SS(Z2.58)=2,상한1,기준1→1"
Q4174455,SEO26FF,보험품,master.csv,S,O,X,31841016,1,10,1,0,0,유지,핵심보험[S] 소요無→기준1
Q4178355,SEO26FF,보험품,master.csv,S,O,X,19450000,0,0,4,4,77800000,발주,"핵심보험[S] μ_LT+SS(Z2.58)=4,상한7,기준2→4"
Q4185031,SEO26FF,보험품,master.csv,S,O,X,1960000,0,0,4,4,7840000,발주,"핵심보험[S] μ_LT+SS(Z2.58)=4,상한8,기준1→4"
Q4192133,SEO26FF,보험품,master.csv,S,O,X,5560877,2,7,1,0,0,감축,핵심보험[S] 소요無→기준1
Q4192171,SEO26FF,보험품,master.csv,S,O,X,5560877,2,7,1,0,0,감축,핵심보험[S] 소요無→기준1
Q4192179,SEO26FF,보험품,master.csv,S,O,X,8200889,1,6,1,0,0,유지,핵심보험[S] 소요無→기준1
Q4210213,SEO26FF,보험품,master.csv,S,O,X,9950000,0,0,2,2,19900000,발주,"핵심보험[S] μ_LT+SS(Z2.58)=2,상한3,기준1→2"
Q4230326,SEO26FF,보험품,master.csv,S,O,X,4206656,2,2,1,0,0,감축,핵심보험[S] 소요無→기준1
Q4257701,SEO26FF,보험품,master.csv,S,O,X,57383200,1,1,1,0,0,유지,"핵심보험[S] μ_LT+SS(Z2.58)=2,상한1,기준1→1"
Q4269272,SEO26FF,보험품,master.csv,S,O,X,1622917,2,6,1,0,0,감축,"핵심보험[S] μ_LT+SS(Z2.58)=1,상한0,기준1→1"
Q4441695,SEO26FF,보험품,master.csv,S,O,X,56339009,1,1,1,0,0,유지,"핵심보험[S] μ_LT+SS(Z2.58)=1,상한0,기준1→1"
Q4521625,SEO26FF,보험품,master.csv,S,O,X,1040000000,0,0,1,1,1040000000,발주,핵심보험[S] 소요無→기준1
Q4604630,SEO26FF,보험품,master.csv,S,O,X,1503362000,0,1,1,1,1503362000,발주,핵심보험[S] 소요無→기준1
QS424543,SEO26FF,보험품,master.csv,S,O,X,98500000,0,0,1,1,98500000,발주,핵심보험[S] 소요無→기준1
