q,dept,name,group,type,csp,ceq,wh,stockDept,stockAll,suppliers,price,ltMean,ltStd,cycles,proc,recvDate,eq,holdStd
Q1000108,SEO26FF,Ball & Roller BRG,Q_Ball & Roller BRG,보험품,X,X,QFC01,1,4,1,1422189.73,227.67,60.61,6,국내,2022-08-25,,
Q1000737,SEO26FF,Hydraulic Cylinder,Q_Hydraulic Cylinder,보험품,O,X,QFC01,0,3,3,760000,92.5,25.49,4,국내,2026-05-28,,1
Q1000745,SEO26FF,Hydraulic Cylinder,Q_Hydraulic Cylinder,보험품,O,X,QFC01,2,2,5,1220000,74.95,31.24,22,국내,2025-11-27,,2
Q1000751,SEO26FF,Hydraulic Cylinder,Q_Hydraulic Cylinder,계획품,X,X,QFC01,2,2,4,1285000,89,15.58,6,국내,2026-03-26,,
Q1000781,SEO26FF,Hydraulic Cylinder,Q_Hydraulic Cylinder,보험품,O,X,QFC01,0,0,1,5456724,117,0,1,국내,2017-11-15,,2
Q1000971,SEO26FF,Motor (Ready),Q_Motor (Ready),보험품,O,X,QFC01,0,3,0,3567054.48,196,66.04,0,(미확인),,,1
Q1002238,SEO26FF,Manual Valve,Q_Manual Valve,보험품,X,X,QFC01,1,1,2,197767,42.12,35.95,8,수입,2025-10-27,,
Q1002292,SEO26FF,Packing & Seal,Q_Packing & Seal,보험품,X,X,QFC01,10,25,10,1765.5,68.96,41.89,25,수입,2025-09-23,,
Q1004847,SEO26FF,Steel Material,Q_Steel Material,계획품,X,X,QVC07,30,30,4,48014,30.21,24.07,76,수입,2024-10-24,,
Q1005323,SEO26FF,Steel Material,Q_Steel Material,계획품,X,X,QVC07,322.56,1209.6,9,4509,26.3,21.73,118,수입,2026-08-25,,
Q1007239,SEO26FF,Belt,Q_Belt,보험품,X,X,QFC01,5,5,1,14596,40,28.28,2,국내,2016-09-12,FM Main Motor,
Q1010099,SEO26FF,Fitting,Q_Fitting,계획품,X,X,QFC01,9,9,3,43384.12,37,18.24,8,수입,2026-02-05,,
Q1010193,SEO26FF,Fitting,Q_Fitting,계획품,X,X,QHB24,15,25,2,14411,25.9,13.16,21,수입,2026-08-18,,
Q1010224,SEO26FF,Fitting,Q_Fitting,보험품,X,X,QFC01,7,7,2,116059,39,21.32,8,수입,2025-09-12,,
Q1010299,SEO26FF,Fitting,Q_Fitting,보험품,X,X,QFC01,4,4,3,239090.13,59.14,77.94,22,수입,2025-10-26,,
Q1011982,SEO26FF,Bolt & Nut,Q_Bolt & Nut,계획품,X,X,QFC01,100,100,1,2791,48.8,16.59,10,국내,2026-05-27,,
Q1012773,SEO26FF,Bolt & Nut,Q_Bolt & Nut,계획품,X,X,QHB25,2,2,1,12404,68.5,25.3,4,국내,2026-04-20,,
Q1012781,SEO26FF,Bolt & Nut,Q_Bolt & Nut,보험품,X,X,QFC01,50,50,1,4135,61.4,16.89,10,국내,2024-10-21,,
Q1015021,SEO26FF,Machinery Common,Q_Machinery Common,계획품,X,X,QHB24,54,54,2,41.3,49.75,24.73,8,국내,2026-06-25,,
Q1018930,SEO26FF,Ball & Roller BRG,Q_Ball & Roller BRG,보험품,X,X,QFC01,1,14,2,3168.71,134.25,188.4,16,수입,2026-08-14,,
Q1019015,SEO26FF,Ball & Roller BRG,Q_Ball & Roller BRG,보험품,X,X,QFC01,1,1,1,509948.82,57.57,69.78,56,국내,2026-07-02,,
Q1019385,SEO26FF,Ball & Roller BRG,Q_Ball & Roller BRG,계획품,X,O,QVC03,2,2,1,41063883,341.75,140.86,4,국내,2020-06-18,FM Crop Shear,
Q1019683,SEO26FF,Ball & Roller BRG,Q_Ball & Roller BRG,보험품,X,X,QFC01,2,2,1,10049325,177.94,95.76,16,국내,2026-04-17,,
Q1019689,SEO26FF,Ball & Roller BRG,Q_Ball & Roller BRG,계획품,X,X,QFC01,3,3,0,8021737.2,,,0,(미확인),,,
Q1019695,SEO26FF,Ball & Roller BRG,Q_Ball & Roller BRG,계획품,X,X,QVC03,2,2,1,50274148,403.67,200.05,3,국내,2020-08-25,,
Q1019962,SEO26FF,Ball & Roller BRG,Q_Ball & Roller BRG,보험품,X,X,QFC01,1,8,3,310787,67.44,68.41,9,수입,2019-10-18,,
Q1020094,SEO26FF,Ball & Roller BRG,Q_Ball & Roller BRG,계획품,X,X,QFC01,2,2,1,1898633.38,83.8,48.14,5,국내,2025-08-26,,
Q1020168,SEO26FF,Ball & Roller BRG,Q_Ball & Roller BRG,보험품,X,X,QFC01,2,3,1,3293252.14,215.71,214.08,7,국내,2025-09-25,,
Q1020996,SEO26FF,Machinery Common,Q_Machinery Common,보험품,X,X,QFC01,2,2,1,87855,83.67,40.38,3,국내,2022-04-18,,
Q1021614,SEO26FF,Packing & Seal,Q_Packing & Seal,보험품,X,X,QFC01,10,10,1,117.5,44.75,18.8,12,국내,2026-05-27,,
Q1021836,SEO26FF,Packing & Seal,Q_Packing & Seal,보험품,X,X,QFC01,3,16,7,55.59,86.57,78.77,63,수입,2026-05-14,,
Q1021920,SEO26FF,Packing & Seal,Q_Packing & Seal,보험품,X,X,QFC01,15,73,9,611.45,82.23,73.61,88,수입,2026-05-12,,
Q1021932,SEO26FF,Packing & Seal,Q_Packing & Seal,보험품,X,X,QFC01,2,36,10,1302.58,72.33,65.81,45,수입,2026-06-25,,
Q1023561,SEO26FF,Packing & Seal,Q_Packing & Seal,보험품,X,X,QFC01,14,14,1,2300,52.27,18.54,15,국내,2023-08-17,,
Q1023576,SEO26FF,Packing & Seal,Q_Packing & Seal,보험품,X,X,QFC01,1,1,1,12440,47.67,8.96,3,국내,2024-08-19,,
Q1024150,SEO26FF,Packing & Seal,Q_Packing & Seal,보험품,X,X,QFC01,9,9,3,5834.02,56.12,78.04,17,수입,2026-05-29,,
Q1024335,SEO26FF,Packing & Seal,Q_Packing & Seal,보험품,X,X,QFC01,32,45,3,31939.05,120.32,55.19,19,수입,2024-12-12,,
Q1024603,SEO26FF,Packing & Seal,Q_Packing & Seal,보험품,X,X,QFC01,14,14,1,16667,55.58,20.21,12,국내,2021-03-03,,
Q1024620,SEO26FF,Packing & Seal,Q_Packing & Seal,보험품,X,X,QFC01,10,10,1,10833,48.95,17.36,21,국내,2025-05-21,,
Q1029602,SEO26FF,Drive Coupling,Q_Drive Coupling,보험품,X,O,QFC01,4,4,2,1650000,63.12,18.91,8,국내,2025-10-16,FM Spindle 감속기,
Q1029614,SEO26FF,Drive Coupling,Q_Drive Coupling,계획품,X,O,QFC01,1,1,1,1241316,57,0,2,국내,2016-01-29,FM Spindle 감속기,
Q1029653,SEO26FF,Drive Coupling,Q_Drive Coupling,계획품,X,O,QFC01,3,3,2,150000,78.33,8.62,3,국내,2025-09-01,FM Crop Shear,
Q1029662,SEO26FF,Drive Coupling,Q_Drive Coupling,보험품,X,X,QFC01,5,5,3,275000,60.4,13.18,5,국내,2025-09-08,,
Q1029893,SEO26FF,Drive Coupling,Q_Drive Coupling,계획품,X,X,QFC01,1,3,4,180000,60,25.27,14,국내,2025-12-18,,
Q1030043,SEO26FF,Drive Coupling,Q_Drive Coupling,계획품,X,O,QFC01,1,1,4,210000,64.9,24.53,10,국내,2025-11-24,FM Spindle 감속기,
Q1030044,SEO26FF,Drive Coupling,Q_Drive Coupling,계획품,X,O,QFC01,1,1,4,210000,68.6,21.25,10,국내,2025-11-24,FM Spindle 감속기,
Q1030453,SEO26FF,Hydraulic & Pneumatics,Q_Hydraulic & Pneumatics,계획품,X,X,QFC01,6,7,1,51285,57.5,37.83,8,국내,2024-12-26,,
Q1031104,SEO26FF,Hydraulic & Pneumatics,Q_Hydraulic & Pneumatics,계획품,X,X,QFC01,1,1,0,401049,,,0,(미확인),,,
Q1031233,SEO26FF,Hydraulic & Pneumatics,Q_Hydraulic & Pneumatics,보험품,X,X,QFC01,2,2,1,1690348,191.17,59.36,6,국내,2026-03-06,,
Q1031361,SEO26FF,Hydraulic & Pneumatics,Q_Hydraulic & Pneumatics,계획품,X,X,QHB24,3,7,1,939998,209,81.74,15,국내,2026-07-20,,
Q1031708,SEO26FF,Hydraulic & Pneumatics,Q_Hydraulic & Pneumatics,보험품,X,X,QFC01,1,1,1,260175,146,1.41,2,국내,2022-04-27,FM Main Motor,
Q1032182,SEO26FF,Hydraulic & Pneumatics,Q_Hydraulic & Pneumatics,보험품,X,O,QFC01,1,1,1,558639,67.33,7.64,3,국내,2021-07-27,FM Roll Alignment,
Q1032374,SEO26FF,Hydraulic & Pneumatics,Q_Hydraulic & Pneumatics,보험품,O,X,QFC01,0,1,1,208614,123.53,108.29,38,국내,2026-08-05,,2
Q1033612,SEO26FF,Hydraulic & Pneumatics,Q_Hydraulic & Pneumatics,보험품,X,X,QFC01,2,2,1,230834,85,0,1,국내,2016-02-03,,
Q1033796,SEO26FF,Hydraulic & Pneumatics,Q_Hydraulic & Pneumatics,계획품,X,X,QFC01,3,3,1,161798.53,97.5,12.02,2,수입,2016-07-07,,
Q1033995,SEO26FF,Hydraulic & Pneumatics,Q_Hydraulic & Pneumatics,계획품,X,X,QHB27,5,5,1,26282850,126.6,45.4,42,국내,2026-08-27,,
Q1034231,SEO26FF,Hydraulic & Pneumatics,Q_Hydraulic & Pneumatics,계획품,X,X,QHB25,3,3,1,97916500,144.7,47.48,10,국내,2026-07-28,,
Q1034310,SEO26FF,Hydraulic & Pneumatics,Q_Hydraulic & Pneumatics,보험품,X,X,QFC01,2,13,4,319813,127,95.55,26,수입,2026-07-01,,
Q1034397,SEO26FF,Hydraulic & Pneumatics,Q_Hydraulic & Pneumatics,계획품,X,X,QHB24,6,6,2,1442980,81.88,29.78,8,수입,2025-09-17,FM Main Motor,
Q1035525,SEO26FF,Machinery Common,Q_Machinery Common,계획품,X,X,QHB24,4,22,5,99452.24,62.3,76.89,439,수입,2026-08-26,,
Q1036694,SEO26FF,Drive Coupling,Q_Drive Coupling,보험품,X,X,QFC01,3,3,2,85000,39.14,17.59,7,국내,2025-09-23,,
Q1036702,SEO26FF,Drive Coupling,Q_Drive Coupling,보험품,X,X,QFC01,3,3,2,82500,58.25,15.75,16,국내,2026-05-28,,
Q1036822,SEO26FF,Expan/Joint(Non-Metal),Q_Expan/Joint(Non-Metal),계획품,X,X,QFC01,2,2,0,570000,65,8.49,2,(미확인),2015-05-22,,
Q1036844,SEO26FF,Expan/Joint(Non-Metal),Q_Expan/Joint(Non-Metal),계획품,X,X,QFC01,4,4,2,650333.33,73.67,23.44,3,국내,2021-06-22,,
Q1036971,SEO26FF,Expan/Joint(Non-Metal),Q_Expan/Joint(Non-Metal),계획품,X,X,QFC01,12,32,6,560000,52.38,25.6,50,국내,2026-06-17,,
Q1039075,SEO26FF,Hydraulic Cylinder,Q_Hydraulic Cylinder,계획품,X,X,QFC01,9,9,4,3390000,93.32,24.19,19,국내,2026-08-27,,
Q1039284,SEO26FF,Hydraulic Cylinder(Critical),Q_Hydraulic Cylinder(Critical),보험품,O,X,QFC01,0,1,3,5435000,121.33,69.3,3,국내,2024-06-10,,1
Q1039371,SEO26FF,Hydraulic Cylinder,Q_Hydraulic Cylinder,보험품,O,X,QFC01,1,1,3,1179555,86.75,10.81,4,국내,2024-02-29,,1
Q1039945,SEO26FF,Hydraulic Cylinder,Q_Hydraulic Cylinder,계획품,X,X,QFC01,3,5,3,830000,102.2,23.32,5,국내,2025-02-25,,
Q1039948,SEO26FF,Hydraulic Cylinder,Q_Hydraulic Cylinder,계획품,X,X,QFC01,3,3,5,2350000,99,27.66,10,국내,2026-01-08,,
Q1039950,SEO26FF,Hydraulic Cylinder,Q_Hydraulic Cylinder,보험품,X,X,QFC01,4,4,6,3380000,89.33,24.86,9,국내,2026-05-21,,
Q1039951,SEO26FF,Hydraulic Cylinder,Q_Hydraulic Cylinder,계획품,X,X,QFC01,1,2,4,2600000,88.67,33.52,6,국내,2025-10-30,,
Q1040012,SEO26FF,Hydraulic Cylinder,Q_Hydraulic Cylinder,보험품,O,X,QFC01,0,0,1,6820905,113,0,1,국내,2018-02-23,,2
Q1040051,SEO26FF,Hydraulic Cylinder,Q_Hydraulic Cylinder,보험품,O,X,QFC01,1,1,5,3630000,85.62,21.69,8,국내,2026-03-18,,2
Q1040053,SEO26FF,Hydraulic Cylinder,Q_Hydraulic Cylinder,계획품,X,X,QFC01,1,1,3,1220000,85.1,13.09,10,국내,2025-05-30,,
Q1040054,SEO26FF,Hydraulic Cylinder,Q_Hydraulic Cylinder,보험품,X,X,QFC01,2,2,4,1857000,80.27,20.01,11,국내,2026-05-27,,
Q1040058,SEO26FF,Hydraulic Cylinder,Q_Hydraulic Cylinder,보험품,X,X,QFC01,1,1,4,690000,71.13,21.88,15,국내,2026-02-19,,
Q1040060,SEO26FF,Hydraulic Cylinder,Q_Hydraulic Cylinder,계획품,X,X,QFC01,7,7,1,630000,122,2.83,2,국내,2017-06-02,,
Q1040061,SEO26FF,Hydraulic Cylinder,Q_Hydraulic Cylinder,보험품,X,X,QFC01,4,5,8,1950000,94.23,19.69,13,국내,2026-06-30,,
Q1040065,SEO26FF,Hydraulic Cylinder,Q_Hydraulic Cylinder,계획품,X,X,QFC01,1,1,3,2005000,74,22.11,3,국내,2024-02-23,,
Q1040129,SEO26FF,Hydraulic Cylinder,Q_Hydraulic Cylinder,계획품,X,X,QFC01,3,3,4,2030000,98.6,15.87,5,국내,2024-02-14,,
Q1040224,SEO26FF,Hydraulic Cylinder,Q_Hydraulic Cylinder,보험품,O,X,QFC01,0,0,2,8936000,95,26.87,2,국내,2015-09-30,,2
Q1040225,SEO26FF,Hydraulic Cylinder,Q_Hydraulic Cylinder,보험품,O,X,QFC01,0,0,2,5261841,105,0,2,국내,2017-11-29,,2
Q1040312,SEO26FF,Hydraulic Cylinder,Q_Hydraulic Cylinder,보험품,O,X,QFC01,0,1,3,1120000,91.73,25.2,15,국내,2025-12-24,,1
Q1040729,SEO26FF,Pneumatic Cylinder,Q_Pneumatic Cylinder,보험품,X,X,QFC01,2,3,4,1460000,75.43,18.24,7,국내,2024-11-07,,
Q1041363,SEO26FF,Drive Joint,Q_Drive Joint,계획품,X,X,QFC01,1,1,0,1000000,,,0,(미확인),,,
Q1041364,SEO26FF,Drive Joint,Q_Drive Joint,보험품,X,X,QFC01,5,5,3,825000,58.83,16.19,6,국내,2023-06-02,,
Q1041372,SEO26FF,Drive Joint,Q_Drive Joint,보험품,X,X,QFC01,4,4,3,4700000,59.67,10.17,6,국내,2023-06-15,,
Q1042306,SEO26FF,Rotary/Swivel Joint,Q_Rotary/Swivel Joint,보험품,O,X,QFC01,3,8,2,205000,56.22,15.73,9,국내,2026-08-13,,1
Q1042338,SEO26FF,Rotary/Swivel Joint,Q_Rotary/Swivel Joint,보험품,X,X,QFC01,1,1,1,420000,70.5,20.51,2,국내,2025-03-20,,
Q1042383,SEO26FF,Rotary/Swivel Joint,Q_Rotary/Swivel Joint,계획품,X,X,QFC01,2,2,1,1137500,52.75,13.5,4,국내,2026-07-02,,
Q1042421,SEO26FF,Rotary/Swivel Joint,Q_Rotary/Swivel Joint,보험품,O,X,QFC01,0,0,0,5550000,196,66.04,0,(미확인),,,1
Q1048997,SEO26FF,Electrical & Electron,Q_Electrical & Electron,보험품,O,X,QFC01,2,4,0,2149164.13,196,66.04,0,(미확인),,,1
Q1049004,SEO26FF,Electrical & Electron,Q_Electrical & Electron,보험품,O,X,QFC01,0,6,1,3016845.51,223,0,1,수입,2017-04-06,,1
Q1051490,SEO26FF,Instrument Parts,Q_Instrument Parts,보험품,X,X,QFC01,8,8,1,19716,35.2,9.98,5,국내,2022-01-04,,
Q1052919,SEO26FF,Non/Fe Casting Metal(Copper),Q_Non/Fe Casting Metal(Copper),보험품,X,X,QFC01,2,2,5,39000,50.73,26.24,11,국내,2026-03-23,,
Q1052933,SEO26FF,Non/Fe Casting Metal(Copper),Q_Non/Fe Casting Metal(Copper),계획품,X,X,QFC01,2,2,4,27500,49.33,17.33,9,국내,2025-10-28,,
Q1053112,SEO26FF,Non/Fe Casting Metal(Copper),Q_Non/Fe Casting Metal(Copper),보험품,X,O,QFC01,4,4,3,164100,55,3.46,3,국내,2022-01-10,FM Crop Shear,
Q1053113,SEO26FF,Non/Fe Casting Metal(Copper),Q_Non/Fe Casting Metal(Copper),보험품,X,O,QFC01,4,4,3,120800,55,3.46,3,국내,2022-01-10,FM Crop Shear,
Q1053117,SEO26FF,Non/Fe Casting Metal(Copper),Q_Non/Fe Casting Metal(Copper),계획품,X,X,QHB25,2,2,2,340000,83.33,24.11,3,국내,2026-04-22,,
Q1053133,SEO26FF,Non/Fe Casting Metal(Copper),Q_Non/Fe Casting Metal(Copper),보험품,X,X,QFC01,2,2,4,425000,55.43,9.93,7,국내,2023-03-08,,
Q1053210,SEO26FF,Non/Fe Casting Metal(Copper),Q_Non/Fe Casting Metal(Copper),계획품,X,X,QFC01,3,3,3,20000,35.07,17.57,28,국내,2025-10-28,,
Q1053247,SEO26FF,Non/Fe Casting Metal(Copper),Q_Non/Fe Casting Metal(Copper),보험품,X,O,QFC01,4,4,4,26881,49.44,13.33,9,국내,2026-01-28,FM Main Motor,
Q1053248,SEO26FF,Non/Fe Casting Metal(Copper),Q_Non/Fe Casting Metal(Copper),보험품,X,O,QFC01,4,4,4,21000,44.12,10.96,8,국내,2026-01-28,FM Main Motor,
Q1053287,SEO26FF,Non/Fe Casting Metal(Copper),Q_Non/Fe Casting Metal(Copper),보험품,X,O,QFC01,3,3,2,25000,62.5,12.02,2,국내,2025-10-28,FM Main Motor,
Q1053317,SEO26FF,Non/Fe Casting Metal(Copper),Q_Non/Fe Casting Metal(Copper),계획품,X,O,QFC01,2,2,1,36000,54.33,22.85,3,국내,2019-11-04,FM Main Motor,
Q1053318,SEO26FF,Non/Fe Casting Metal(Copper),Q_Non/Fe Casting Metal(Copper),계획품,X,O,QFC01,2,2,2,36850,55,22.54,4,국내,2019-10-31,FM Main Motor,
Q1053378,SEO26FF,Non/Fe Casting Metal(Copper),Q_Non/Fe Casting Metal(Copper),계획품,X,O,QFC01,2,2,3,67000,61,8.68,4,국내,2019-11-29,FM Main Motor,
Q1053392,SEO26FF,Non/Fe Casting Metal(Copper),Q_Non/Fe Casting Metal(Copper),계획품,X,X,QFC01,2,2,5,176000,84.12,31.1,8,국내,2023-04-20,,
Q1053400,SEO26FF,Non/Fe Casting Metal(Copper),Q_Non/Fe Casting Metal(Copper),보험품,X,X,QFC01,2,2,4,150000,60.33,17.47,9,국내,2023-08-04,,
Q1053401,SEO26FF,Non/Fe Casting Metal(Copper),Q_Non/Fe Casting Metal(Copper),보험품,X,X,QFC01,1,1,4,150000,60.33,17.47,9,국내,2023-08-04,,
Q1053468,SEO26FF,Non/Fe Casting Metal(Copper),Q_Non/Fe Casting Metal(Copper),계획품,X,X,QFC01,2,2,3,190000,66.5,7.33,4,국내,2022-03-24,,
Q1053581,SEO26FF,Non/Fe Casting Metal(Copper),Q_Non/Fe Casting Metal(Copper),보험품,X,X,QFC01,1,1,4,9634025,70,30.95,11,국내,2024-08-26,,
Q1053588,SEO26FF,Non/Fe Casting Metal(Copper),Q_Non/Fe Casting Metal(Copper),보험품,X,X,QFC01,4,4,4,65000,51.85,13.72,13,국내,2025-06-25,,
Q1053590,SEO26FF,Non/Fe Casting Metal(Copper),Q_Non/Fe Casting Metal(Copper),보험품,X,X,QFC01,4,4,3,68750,56,12.18,6,국내,2025-06-23,,
Q1071793,SEO26FF,Bolt & Nut,Q_Bolt & Nut,보험품,O,X,QFC01,0,0,1,76349,72.96,84.87,25,국내,2025-09-25,,6
Q1072616,SEO26FF,Machining(General),Q_Machining(General),계획품,X,X,QFC01,8,8,2,1289380,64,19.52,3,국내,2016-12-07,,
Q1072668,SEO26FF,Machining(General),Q_Machining(General),보험품,X,X,QFC01,20,20,1,6400,41,0,1,국내,2022-01-26,,
Q1072820,SEO26FF,Machining(General),Q_Machining(General),보험품,X,X,QFC01,2,2,1,96000,41.38,16.83,8,국내,2026-01-29,,
Q1072821,SEO26FF,Machining(General),Q_Machining(General),보험품,X,X,QFC01,4,4,2,45200,52.06,16.5,17,국내,2025-06-30,,
Q1072836,SEO26FF,Machining(General),Q_Machining(General),보험품,X,X,QVC03,1,1,2,4200000,86.8,13.75,5,국내,2025-08-25,FM Main Motor,
Q1072889,SEO26FF,Machining(General),Q_Machining(General),계획품,X,X,QFC01,2,2,3,47520,49.33,20.98,3,국내,2018-10-02,,
Q1072924,SEO26FF,Machining(General),Q_Machining(General),계획품,X,X,QFC01,2,2,4,537550,65.86,21.52,7,국내,2019-10-28,,
Q1072926,SEO26FF,Machining(General),Q_Machining(General),계획품,X,X,QFC01,3,3,2,12342666.67,77.38,41.78,8,국내,2020-02-04,,
Q1072928,SEO26FF,Gear & Gear box,Q_Gear & Gear box,계획품,X,X,QHB24,2,2,2,20000000,147.43,53.88,7,국내,2026-07-29,,
Q1072930,SEO26FF,Gear & Gear box,Q_Gear & Gear box,계획품,X,X,QHB24,2,2,3,40000000,145.75,48.02,8,국내,2026-07-29,,
Q1072961,SEO26FF,Resinoid Class (Bakelite),Q_Resinoid Class (Bakelite),보험품,X,X,QFC01,4,4,4,76346,46.78,14.99,9,국내,2024-09-06,,
Q1072973,SEO26FF,Machining(General),Q_Machining(General),보험품,X,X,QFC01,14,14,2,40500,55,3.61,3,국내,2022-04-06,,
Q1072995,SEO26FF,Machining(General),Q_Machining(General),계획품,X,O,QVC03,1,1,1,3203333.33,55,0,1,국내,2016-12-29,FM Roll Alignment,
Q1073040,SEO26FF,Machining(General),Q_Machining(General),계획품,X,X,QFC01,1,1,0,1080000,,,0,(미확인),,,
Q1073119,SEO26FF,Roller(S),Q_Roller(S),보험품,O,X,QFC01,0,0,2,6502210,85,22.63,2,수입,2021-08-30,,1
Q1073183,SEO26FF,Machining(General),Q_Machining(General),계획품,X,X,QFC01,1,1,1,38190,52,24.04,2,국내,2019-11-11,,
Q1073184,SEO26FF,Machining(General),Q_Machining(General),계획품,X,X,QFC01,1,1,1,22910,48.5,28.99,2,국내,2019-11-04,,
Q1073185,SEO26FF,Bolt & Nut,Q_Bolt & Nut,보험품,O,X,QFC01,0,0,1,74104,64.94,42.46,16,국내,2026-03-20,,6
Q1073210,SEO26FF,Non/Fe Casting Metal(Copper),Q_Non/Fe Casting Metal(Copper),계획품,X,X,QFC01,1,1,3,320000,80,6.24,3,국내,2019-09-30,,
Q1073215,SEO26FF,Non/Fe Casting Metal(Copper),Q_Non/Fe Casting Metal(Copper),계획품,X,X,QFC01,1,1,3,320000,80,6.24,3,국내,2019-09-30,,
Q1073256,SEO26FF,Machining(General),Q_Machining(General),보험품,X,X,QFC01,4,4,1,440000,49.67,1.53,3,국내,2025-10-15,,
Q1073310,SEO26FF,Machining(General),Q_Machining(General),계획품,X,X,QVC03,1,1,0,3180000,,,0,(미확인),,,
Q1073416,SEO26FF,Bolt & Nut,Q_Bolt & Nut,보험품,O,X,QFC01,0,0,1,76349,82.18,86.79,11,국내,2025-09-25,,6
Q1073449,SEO26FF,Machining(General),Q_Machining(General),계획품,X,X,QFC01,1,1,1,5280,53.33,12.86,3,국내,2020-02-27,,
Q1073453,SEO26FF,Bolt & Nut,Q_Bolt & Nut,보험품,O,X,QFC01,0,0,1,76349,55.5,25.51,12,국내,2025-09-25,,6
Q1073553,SEO26FF,Non/Fe Casting Metal(Copper),Q_Non/Fe Casting Metal(Copper),계획품,X,X,QHB25,4,4,0,476739,,,0,(미확인),,,
Q1073590,SEO26FF,Machining(General),Q_Machining(General),보험품,X,X,QHB25,8,8,2,123500,49.5,19.04,16,국내,2025-07-24,,
Q1073594,SEO26FF,Non/Fe Casting Metal(Copper),Q_Non/Fe Casting Metal(Copper),계획품,X,X,QFC01,8,8,3,80000,52.25,12.53,8,국내,2023-04-18,,
Q1073859,SEO26FF,Machining(General),Q_Machining(General),보험품,X,X,QFC01,1,1,2,145000,65.67,8.5,3,국내,2021-10-01,,
Q1073865,SEO26FF,Machining(General),Q_Machining(General),보험품,X,X,QFC01,2,2,1,20900,43,0,1,국내,2018-08-30,,
Q1073866,SEO26FF,Machining(General),Q_Machining(General),보험품,X,X,QFC01,2,2,1,4400,49,0,1,국내,2018-09-05,,
Q1073870,SEO26FF,Machining(General),Q_Machining(General),보험품,X,X,QFC01,2,2,1,37400,43,0,1,국내,2018-08-30,,
Q1074634,SEO26FF,WEDGE SEGMENT MANDREL,Q_WEDGE SEGMENT MANDREL,보험품,O,X,QFC01,0,1,1,63152000,163.5,68.25,6,국내,2024-01-04,,2
Q1074772,SEO26FF,WEDGE SEGMENT MANDREL,Q_WEDGE SEGMENT MANDREL,보험품,O,X,QFC01,0,4,0,52155000,196,66.04,0,(미확인),,,4
Q1076627,SEO26FF,Drive Coupling,Q_Drive Coupling,계획품,X,X,QFC01,1,1,1,1150000,77,3.61,3,국내,2026-08-05,,
Q1076630,SEO26FF,Drive Coupling,Q_Drive Coupling,계획품,X,X,QFC01,2,2,1,3800000,54,28.82,7,국내,2023-01-09,,
Q1077285,SEO26FF,Machining(General),Q_Machining(General),보험품,X,X,QFC01,10,10,1,200000,58.17,8.13,6,국내,2022-06-20,,
Q1077340,SEO26FF,Machining(General),Q_Machining(General),계획품,X,X,QHB24,1,1,2,5100000,70.6,13.24,5,국내,2026-04-28,,
Q1077367,SEO26FF,Machining(General),Q_Machining(General),계획품,X,X,QFC01,3,3,3,127825,51.33,9.67,6,국내,2020-03-05,,
Q1077400,SEO26FF,Non/Fe Casting Metal(Copper),Q_Non/Fe Casting Metal(Copper),계획품,X,O,QFC01,2,2,1,35150,58,29.21,3,국내,2018-02-12,FM Roll Alignment,
Q1077476,SEO26FF,Gear & Gear box,Q_Gear & Gear box,보험품,X,O,QFC01,2,3,4,13800000,87.6,13.01,5,국내,2025-10-15,FM Spindle 감속기,
Q1077486,SEO26FF,Machining(General),Q_Machining(General),계획품,X,X,QVC03,4,4,3,600000,63.33,17.81,15,국내,2026-08-06,,
Q1077487,SEO26FF,Machining(General),Q_Machining(General),계획품,X,X,QVC03,4,4,3,600000,63.33,17.81,15,국내,2026-08-06,,
Q1077622,SEO26FF,Machining(General),Q_Machining(General),계획품,X,O,QFC01,1,1,1,3524000,102,0,1,국내,2020-03-31,FM Roll Alignment,
Q1077624,SEO26FF,Machining(General),Q_Machining(General),보험품,X,X,QVC03,1,1,1,10200000,95.33,13.32,3,국내,2025-07-28,,
Q1077646,SEO26FF,Machining(General),Q_Machining(General),계획품,X,X,QFC01,1,1,1,470000,68,0,1,국내,2014-09-25,,
Q1077670,SEO26FF,Non/Fe Casting Metal(Copper),Q_Non/Fe Casting Metal(Copper),보험품,X,X,QFC01,10,10,4,2000000,71.31,45.61,32,국내,2026-04-08,,
Q1077676,SEO26FF,Machining(General),Q_Machining(General),계획품,X,X,QFC01,40,40,1,7765.85,49.06,16.34,17,국내,2025-07-30,,
Q1077684,SEO26FF,Gear & Gear box,Q_Gear & Gear box,보험품,X,X,QFC01,3,5,3,6700000,81.33,11.68,3,국내,2025-10-02,,
Q1077685,SEO26FF,Gear & Gear box,Q_Gear & Gear box,보험품,X,X,QFC01,3,4,1,2600000,86.67,15.7,3,국내,2025-12-30,,
Q1077724,SEO26FF,Machining(General),Q_Machining(General),계획품,X,X,QVC03,6,6,4,550000,62.65,15.03,17,국내,2026-08-06,,
Q1077747,SEO26FF,Machining(General),Q_Machining(General),계획품,X,X,QFC01,1,1,1,63400,50.83,26.45,6,국내,2023-03-22,,
Q1077761,SEO26FF,Machining(General),Q_Machining(General),계획품,X,X,QFC01,7,7,1,141000,57.17,20.83,12,국내,2026-05-12,,
Q1077763,SEO26FF,Machining(General),Q_Machining(General),계획품,X,X,QFC01,7,7,1,101000,66.75,15.91,8,국내,2026-05-12,,
Q1077776,SEO26FF,Non/Fe Casting Metal(Copper),Q_Non/Fe Casting Metal(Copper),계획품,X,X,QFC01,4,4,4,5450000,79.19,29.91,16,국내,2026-04-23,,
Q1077777,SEO26FF,Non/Fe Casting Metal(Copper),Q_Non/Fe Casting Metal(Copper),계획품,X,X,QFC01,12,12,3,1680000,61.1,16.6,30,국내,2026-04-08,,
Q1077786,SEO26FF,Machining(General),Q_Machining(General),계획품,X,X,QFC01,1,1,1,1180494.44,65.5,33.88,12,국내,2025-08-28,,
Q1077922,SEO26FF,Machining(General),Q_Machining(General),계획품,X,X,QHB25,1,1,0,1100000,,,0,(미확인),,,
Q1077925,SEO26FF,Machining(General),Q_Machining(General),계획품,X,X,QFC01,4,4,1,1130000,60,2.83,2,국내,2023-04-21,,
Q1077941,SEO26FF,Machining(General),Q_Machining(General),보험품,X,X,QHB25,4,4,2,195000,49.33,6.51,3,국내,2026-02-02,,
Q1078004,SEO26FF,Machining(General),Q_Machining(General),보험품,X,X,QFC01,1,3,2,116025,58.8,13.44,5,국내,2018-09-14,,
Q1078005,SEO26FF,Machining(General),Q_Machining(General),보험품,X,X,QHB25,2,2,1,580000,60,16.97,2,국내,2025-11-06,,
Q1078241,SEO26FF,Machining(General),Q_Machining(General),계획품,X,X,QFC01,1,1,1,465000,53,0,1,국내,2015-04-22,,
Q1078244,SEO26FF,Machining(General),Q_Machining(General),보험품,X,X,QFC01,1,1,1,415000,70,0,1,국내,2022-02-09,,
Q1078248,SEO26FF,Machining(General),Q_Machining(General),보험품,X,O,QFC01,2,2,1,150000,48.75,13.12,8,국내,2024-09-12,FM Main Motor,
Q1078249,SEO26FF,Machining(General),Q_Machining(General),보험품,X,O,QFC01,1,1,1,141000,52.17,14.63,6,국내,2023-04-11,FM Main Motor,
Q1078283,SEO26FF,Hydraulic & Pneumatics,Q_Hydraulic & Pneumatics,보험품,O,X,QFC01,0,5,1,5949060,211.45,41.43,11,국내,2026-07-23,,2
Q1080083,SEO26FF,Bolt & Nut,Q_Bolt & Nut,계획품,X,O,QFC01,1,1,0,1750000,,,0,(미확인),,FM Screw Down,
Q1080084,SEO26FF,Bolt & Nut,Q_Bolt & Nut,계획품,X,O,QFC01,1,1,0,1750000,,,0,(미확인),,FM Screw Down,
Q1080117,SEO26FF,Machining(General),Q_Machining(General),계획품,X,X,QFC01,2,2,1,20500,60,0,1,국내,2016-11-30,,
Q1080496,SEO26FF,Roller(S),Q_Roller(S),계획품,X,O,QFC01,2,2,5,25000,93.75,126.6,12,국내,2026-08-24,FM Roll Alignment,
Q1080541,SEO26FF,Machining(General),Q_Machining(General),계획품,X,X,QFC01,1,1,5,650000,53.5,10.45,6,국내,2026-08-20,,
Q1080794,SEO26FF,Machining(General),Q_Machining(General),계획품,X,X,QHB25,4,4,1,214800,45.5,9.19,2,국내,2025-11-07,,
Q1080969,SEO26FF,Machining(General),Q_Machining(General),계획품,X,X,QFC01,2,2,1,135000,44,0,1,국내,2020-04-17,,
Q1080970,SEO26FF,Machining(General),Q_Machining(General),계획품,X,X,QFC01,1,1,1,125000,44,0,1,국내,2020-04-17,,
Q1113604,SEO26FF,Steel Material,Q_Steel Material,계획품,X,X,QVC07,24,24,1,837206,43.5,27.9,8,국내,2024-04-18,,
Q1117822,SEO26FF,Manual Valve,Q_Manual Valve,보험품,X,X,QHB24,1,1,1,1029700,52.5,20.42,6,국내,2026-06-09,,
Q1119268,SEO26FF,Fitting,Q_Fitting,계획품,X,X,QHB24,60,60,1,23591,25,9.63,4,국내,2026-08-19,,
Q1119452,SEO26FF,Fitting,Q_Fitting,계획품,X,X,QFC01,2,2,2,30636.98,102.05,142.5,19,수입,2026-05-28,,
Q1119526,SEO26FF,Fitting,Q_Fitting,보험품,X,X,QFC01,0,2,9,317753,33.22,17.8,18,수입,2026-08-27,,
Q1119649,SEO26FF,Fitting,Q_Fitting,보험품,X,X,QFC01,20,90,4,103889.63,88.19,96.14,21,수입,2026-06-11,,
Q1119795,SEO26FF,Fitting,Q_Fitting,보험품,X,X,QFC01,1,6,3,728590.2,125,128.76,13,수입,2026-08-31,,
Q1120753,SEO26FF,Fitting,Q_Fitting,보험품,X,X,QFC01,2,2,2,91511.6,241,170.44,534,수입,2026-08-12,,
Q1121188,SEO26FF,Fitting,Q_Fitting,보험품,X,X,QFC01,0,0,1,384451,31.55,17.61,11,국내,2026-03-11,,
Q1121309,SEO26FF,Fitting,Q_Fitting,계획품,X,X,QFC01,1,1,1,63430.17,38.25,12.01,4,국내,2022-08-25,,
Q1122097,SEO26FF,Bolt & Nut,Q_Bolt & Nut,보험품,X,X,QFC01,100,100,1,1003,35.12,21.83,8,국내,2025-05-15,,
Q1137969,SEO26FF,Electrical & Electron,Q_Electrical & Electron,보험품,O,X,QFC01,4,18,2,9302622.96,223.31,78.07,16,수입,2022-04-27,,1
Q1201276,SEO26FF,Hydraulic & Pneumatics,Q_Hydraulic & Pneumatics,보험품,X,X,QFC01,1,1,1,475153,60.14,41.4,7,국내,2025-11-11,,
Q1201564,SEO26FF,Hydraulic & Pneumatics,Q_Hydraulic & Pneumatics,보험품,X,X,QFC01,1,3,1,98467200,125.17,87.96,23,국내,2026-08-20,,
Q1204795,SEO26FF,Packing & Seal,Q_Packing & Seal,보험품,X,X,QFC01,12,12,1,16373,30.25,23.29,8,국내,2022-01-10,,
Q1204949,SEO26FF,Packing & Seal,Q_Packing & Seal,보험품,X,X,QFC01,13,33,1,1880.35,71.71,55.88,31,국내,2026-05-08,,
Q1218357,SEO26FF,Electrical & Electron,Q_Electrical & Electron,보험품,O,X,QFC01,3,4,1,10789575.13,237.6,35.96,5,수입,2017-02-09,,1
Q1218391,SEO26FF,Electrical & Electron,Q_Electrical & Electron,보험품,O,X,QFC01,1,10,0,706653.71,196,66.04,0,(미확인),,,1
Q1218393,SEO26FF,Electrical & Electron,Q_Electrical & Electron,보험품,O,X,QFC01,0,3,0,2577600,196,66.04,0,(미확인),,,1
Q1219164,SEO26FF,Electrical & Electron,Q_Electrical & Electron,보험품,O,X,QFC01,3,4,2,1888444.72,111.6,63.28,5,수입,2019-07-29,,1
Q1260654,SEO26FF,Electrical & Electron,Q_Electrical & Electron,보험품,O,X,QFC01,4,20,2,440836,98.56,63.2,9,수입,2019-09-20,,1
Q1269776,SEO26FF,Spare Parts,Q_Spare Parts,보험품,X,X,QFC01,2,2,0,748071.42,,,0,(미확인),,,
Q1292612,SEO26FF,Drive Joint,Q_Drive Joint,보험품,O,X,QFC01,0,0,3,4900000,85.44,39.23,9,국내,2022-01-20,,4
Q1293261,SEO26FF,Hydraulic Cylinder,Q_Hydraulic Cylinder,계획품,X,X,QHB24,1,1,1,11770000,84,0,1,국내,2019-01-25,,
Q1297201,SEO26FF,Packing & Seal,Q_Packing & Seal,보험품,X,X,QFC01,22,22,2,342.88,73.11,62.73,38,수입,2026-02-20,,
Q1297240,SEO26FF,Ball & Roller BRG,Q_Ball & Roller BRG,계획품,X,X,QFC01,2,2,1,63716.3,42.2,13.88,5,국내,2018-09-18,,
Q1305036,SEO26FF,Packing & Seal,Q_Packing & Seal,계획품,X,X,QFC01,10,10,1,2867,30,0,1,국내,2017-06-07,,
Q1308654,SEO26FF,Hydraulic & Pneumatics,Q_Hydraulic & Pneumatics,계획품,X,X,QFC01,1,3,1,895678,137.27,49.38,15,국내,2025-02-21,,
Q1314441,SEO26FF,Electrical & Electron,Q_Electrical & Electron,보험품,O,X,QFC01,0,0,0,3598518,196,66.04,0,(미확인),,,1
Q1316039,SEO26FF,Spare Parts,Q_Spare Parts,보험품,O,X,QFC01,0,4,0,135333.42,196,66.04,0,(미확인),,,1
Q2008527,SEO26FF,Non/Fe Casting Metal(Copper),Q_Non/Fe Casting Metal(Copper),보험품,X,X,QFC01,2,2,2,74000,63.2,18.19,5,국내,2024-10-14,,
Q2010934,SEO26FF,WEDGE SEGMENT MANDREL,Q_WEDGE SEGMENT MANDREL,보험품,O,X,QFC01,0,0,0,0,196,66.04,0,(미확인),,,2
Q2011794,SEO26FF,Steel Grating,Q_Steel Grating,계획품,X,X,QHB24,6,6,3,103470,32.52,13.68,50,수입,2026-07-31,,
Q2011846,SEO26FF,Non/Fe Casting Metal(Copper),Q_Non/Fe Casting Metal(Copper),보험품,X,X,QFC01,3,3,1,545000,78,2,3,국내,2023-07-18,,
Q2013987,SEO26FF,Hydraulic Cylinder,Q_Hydraulic Cylinder,계획품,X,O,QFC01,2,2,1,5380000,125,0,1,국내,2017-06-30,FM Crop Shear,
Q2015221,SEO26FF,Ball & Roller BRG,Q_Ball & Roller BRG,계획품,X,X,QFC01,3,6,2,626687,335,404.83,3,수입,2025-05-09,,
Q2018730,SEO26FF,Drive Coupling,Q_Drive Coupling,보험품,X,X,QFC01,11,11,2,187000,55.6,14.08,5,국내,2025-09-08,,
Q2019637,SEO26FF,Drive Coupling,Q_Drive Coupling,계획품,X,X,QHB24,3,3,2,1400000,61.57,23.84,14,국내,2025-12-17,,
Q2024559,SEO26FF,Drive Joint,Q_Drive Joint,보험품,O,X,QFC01,1,3,3,9000000,82,52.02,6,국내,2019-09-16,,3
Q2024605,SEO26FF,Pneumatic Cylinder,Q_Pneumatic Cylinder,보험품,X,X,QFC01,2,2,2,17639000,140,18.38,2,국내,2025-08-12,,
Q2026952,SEO26FF,Hydraulic Cylinder,Q_Hydraulic Cylinder,보험품,X,X,QFC01,4,4,4,1923333.33,93.67,20.76,12,국내,2026-07-07,,
Q2028061,SEO26FF,Control Valve (Ready),Q_Control Valve (Ready),보험품,O,X,QFC01,0,0,2,84025400,165.82,40.63,11,국내,2026-03-09,,1
Q2028134,SEO26FF,Roller(L),Q_Roller(L),보험품,O,X,QFC01,0,0,1,9333184.34,41,0,1,국내,2021-01-05,,1
Q2028329,SEO26FF,Drive Joint,Q_Drive Joint,계획품,X,O,QFC01,1,1,2,491000,61,2.83,2,국내,2022-04-15,FM Crop Shear,
Q2032488,SEO26FF,Non/Fe Casting Metal(Others),Q_Non/Fe Casting Metal(Others),보험품,X,X,QFC01,3,3,2,460000,55,9,3,국내,2024-08-14,,
Q2032490,SEO26FF,Non/Fe Casting Metal(Others),Q_Non/Fe Casting Metal(Others),보험품,X,X,QFC01,4,4,2,430000,55,9,3,국내,2024-08-14,,
Q2032491,SEO26FF,Non/Fe Casting Metal(Others),Q_Non/Fe Casting Metal(Others),보험품,X,X,QFC01,4,4,2,540000,55,9,3,국내,2024-08-14,,
Q2038307,SEO26FF,Hydraulic Cylinder,Q_Hydraulic Cylinder,계획품,X,X,QFC01,4,4,4,950000,84.76,30.52,17,국내,2026-01-26,,
Q2039356,SEO26FF,Machining(General),Q_Machining(General),계획품,X,X,QVC03,1,1,1,3450000,48,4.24,2,국내,2025-11-27,,
Q2040220,SEO26FF,Machinery Common,Q_Machinery Common,계획품,X,X,QFC01,2,2,1,3634841,70.11,15.43,18,국내,2026-02-23,,
Q2042214,SEO26FF,Drive Coupling,Q_Drive Coupling,보험품,X,X,QFC01,2,2,2,120000,40.6,18.74,5,국내,2025-09-11,,
Q2045742,SEO26FF,Electrical & Electron,Q_Electrical & Electron,보험품,O,X,QFC01,0,2,1,4099280.36,265.33,41.1,3,수입,2017-10-11,,1
Q2052411,SEO26FF,Machining(General),Q_Machining(General),보험품,X,O,QFC01,2,2,2,95000,61.33,19.14,3,국내,2023-05-02,FM Main Motor,
Q2054201,SEO26FF,Hydraulic Cylinder,Q_Hydraulic Cylinder,보험품,X,X,QFC01,2,3,3,2520000,95,29.53,5,국내,2025-07-29,,
Q2054727,SEO26FF,Electrical & Electron,Q_Electrical & Electron,보험품,O,X,QFC01,16,22,1,3945375.5,230.43,22.01,7,수입,2019-06-11,,1
Q2055671,SEO26FF,Machining(General),Q_Machining(General),보험품,X,X,QFC01,8,8,2,1100,59.33,12.44,6,국내,2025-08-21,FM Main Motor,
Q2055672,SEO26FF,Hydraulic Cylinder,Q_Hydraulic Cylinder,보험품,X,X,QFC01,1,1,4,680000,107.11,29.76,9,국내,2025-11-05,,
Q2055698,SEO26FF,Non/Fe Casting Metal(Copper),Q_Non/Fe Casting Metal(Copper),계획품,X,X,QFC01,4,4,3,387081,61.88,7.7,8,국내,2025-09-15,,
Q2056110,SEO26FF,Hydraulic Cylinder,Q_Hydraulic Cylinder,보험품,X,X,QHB27,1,1,1,234707,83.5,30.41,2,국내,2020-01-03,,
Q2059079,SEO26FF,Machining(General),Q_Machining(General),보험품,X,X,QFC01,1,1,1,90000,23,0,1,국내,2017-07-19,,
Q2059080,SEO26FF,Machining(General),Q_Machining(General),보험품,X,X,QFC01,10,10,1,14200,31.67,16.62,3,국내,2018-04-09,,
Q2059081,SEO26FF,Machining(General),Q_Machining(General),보험품,X,X,QFC01,10,10,2,14050,47,15.62,3,국내,2018-05-09,,
Q2059082,SEO26FF,Machining(General),Q_Machining(General),보험품,X,X,QFC01,5,5,2,13000,52.5,16.22,4,국내,2018-05-08,,
Q2059083,SEO26FF,Machining(General),Q_Machining(General),보험품,X,X,QFC01,10,10,2,11800,57.33,9.02,3,국내,2017-07-20,,
Q2059088,SEO26FF,Non/Fe Casting Metal(Copper),Q_Non/Fe Casting Metal(Copper),보험품,X,X,QFC01,4,4,5,130000,47.89,16.52,9,국내,2025-05-26,,
Q2060148,SEO26FF,Machining(General),Q_Machining(General),보험품,X,X,QFC01,10,10,2,20000,45.67,15.31,3,국내,2025-04-30,,
Q2060154,SEO26FF,Machining(General),Q_Machining(General),보험품,X,X,QFC01,2,2,1,76000,82,0,1,국내,2019-06-17,,
Q2060222,SEO26FF,Packing & Seal,Q_Packing & Seal,보험품,X,X,QFC01,5,5,2,95880.19,131.64,51.19,11,수입,2024-06-10,,
Q2060332,SEO26FF,Machinery Common,Q_Machinery Common,보험품,X,X,QVC03,1,1,1,3300693,66.33,30.89,3,국내,2022-06-21,,
Q2060337,SEO26FF,Machinery Common,Q_Machinery Common,보험품,X,X,QFC01,1,1,1,4621294,49.2,19.72,5,국내,2026-04-29,,
Q2060460,SEO26FF,Hydraulic Cylinder(Critical),Q_Hydraulic Cylinder(Critical),보험품,X,X,QVC03,2,3,4,12700000,86.29,37.57,7,국내,2026-04-07,,
Q2060462,SEO26FF,Hydraulic Cylinder,Q_Hydraulic Cylinder,계획품,O,X,QFC01,1,1,5,8030000,96.4,21.68,10,국내,2026-07-07,,2
Q2060463,SEO26FF,Hydraulic Cylinder,Q_Hydraulic Cylinder,보험품,X,X,QFC01,1,2,2,4970000,84.33,13.58,3,국내,2026-06-30,,
Q2060465,SEO26FF,Hydraulic Cylinder,Q_Hydraulic Cylinder,보험품,X,X,QFC01,1,1,3,7497000,86.75,13.79,4,국내,2022-07-20,,
Q2060474,SEO26FF,Hydraulic Cylinder,Q_Hydraulic Cylinder,보험품,X,X,QFC01,1,1,2,3490000,86.67,20.82,3,국내,2021-11-29,,
Q2062201,SEO26FF,Electrical & Electron,Q_Electrical & Electron,보험품,O,X,QFC01,1,16,2,2325187.98,188.75,90.91,16,수입,2019-10-23,,1
Q2064661,SEO26FF,Pneumatic Cylinder,Q_Pneumatic Cylinder,보험품,X,X,QFC01,1,2,2,970000,99.29,55.97,7,국내,2025-02-10,,
Q2064662,SEO26FF,Hydraulic Cylinder,Q_Hydraulic Cylinder,계획품,X,X,QHB25,2,2,1,1690000,86,45.25,2,국내,2018-11-29,,
Q2065292,SEO26FF,Hydraulic & Pneumatics,Q_Hydraulic & Pneumatics,계획품,X,X,QHB24,1,6,1,2623132,165.83,32.29,6,국내,2026-04-02,,
Q2066145,SEO26FF,Machining(General),Q_Machining(General),보험품,X,X,QFC01,1,1,1,1050000,64.33,9.45,3,국내,2025-12-10,,
Q2068400,SEO26FF,Packing & Seal,Q_Packing & Seal,계획품,X,O,QFC01,2,2,1,350778,53.33,18.47,9,국내,2026-07-24,FM Crop Shear,
Q2070790,SEO26FF,Rotary/Swivel Joint,Q_Rotary/Swivel Joint,계획품,O,X,QFC01,1,1,1,2100000,51.88,8.77,8,국내,2024-12-30,,2
Q2070791,SEO26FF,Rotary/Swivel Joint,Q_Rotary/Swivel Joint,계획품,O,X,QFC01,3,3,1,2150000,59.27,41.2,22,국내,2026-03-10,,1
Q2070796,SEO26FF,Rotary/Swivel Joint,Q_Rotary/Swivel Joint,계획품,O,X,QFC01,2,2,1,1400000,62,16.79,6,국내,2026-08-13,,1
Q2070797,SEO26FF,Rotary/Swivel Joint,Q_Rotary/Swivel Joint,계획품,O,X,QFC01,1,1,2,1450000,58.33,33.32,18,국내,2026-03-10,,1
Q2070800,SEO26FF,Rotary/Swivel Joint,Q_Rotary/Swivel Joint,계획품,O,X,QFC01,4,4,1,2000000,54.43,31.58,21,국내,2026-03-19,,1
Q2070801,SEO26FF,Rotary/Swivel Joint,Q_Rotary/Swivel Joint,계획품,O,O,QFC01,4,4,2,1300000,51.38,16.92,16,국내,2026-03-10,FM Roll Alignment,2
Q2074351,SEO26FF,Machining(General),Q_Machining(General),보험품,X,X,QFC01,1,1,1,17320000,120,0,1,국내,2025-12-04,,
Q2074769,SEO26FF,Drive Joint,Q_Drive Joint,보험품,O,X,QFC01,0,0,2,410000,45,19.74,9,국내,2021-09-13,,2
Q2076004,SEO26FF,Hydraulic & Pneumatics,Q_Hydraulic & Pneumatics,보험품,X,X,QFC01,2,2,1,4071265,279,51.35,6,국내,2026-01-05,,
Q2076458,SEO26FF,Machining(General),Q_Machining(General),보험품,X,X,QFC01,6,6,1,25000,52.33,9.07,3,국내,2025-03-20,,
Q2076463,SEO26FF,Machining(General),Q_Machining(General),보험품,X,X,QHB24,1,1,1,460000,50,0,1,국내,2025-11-13,,
Q2079650,SEO26FF,Machining(General),Q_Machining(General),보험품,X,X,QFC01,2,2,1,16500,54,1.41,2,국내,2021-10-07,,
Q2079652,SEO26FF,Machining(General),Q_Machining(General),보험품,X,X,QFC01,2,2,1,16500,54,1.41,2,국내,2021-10-07,,
Q2079654,SEO26FF,Machining(General),Q_Machining(General),보험품,X,X,QFC01,2,2,1,16500,54,1.41,2,국내,2021-10-07,,
Q2079803,SEO26FF,Non/Fe Casting Metal(Copper),Q_Non/Fe Casting Metal(Copper),보험품,X,X,QFC01,8,8,4,1750000,54,17.34,8,국내,2023-03-03,FM Main Motor,
Q2082726,SEO26FF,Machining(General),Q_Machining(General),보험품,X,X,QFC01,10,10,1,23371.88,41.5,6.14,4,국내,2025-04-15,,
Q2082954,SEO26FF,Machining(General),Q_Machining(General),보험품,X,X,QFC01,10,10,2,20000,56,8.49,2,국내,2025-10-15,,
Q2084886,SEO26FF,Non/Fe Casting Metal(Copper),Q_Non/Fe Casting Metal(Copper),보험품,X,X,QFC01,4,4,1,960000,58,12.73,2,국내,2018-10-04,,
Q2086017,SEO26FF,Hydraulic Cylinder,Q_Hydraulic Cylinder,계획품,X,X,QHB27,1,1,0,1250000,72,0,1,(미확인),2026-06-25,,
Q2086434,SEO26FF,Hydraulic & Pneumatics,Q_Hydraulic & Pneumatics,보험품,X,X,QFC01,2,2,1,1185305,62,12.53,3,국내,2025-08-11,FM Main Motor,
Q2086435,SEO26FF,Hydraulic & Pneumatics,Q_Hydraulic & Pneumatics,보험품,X,X,QFC01,2,2,1,1185305,62,12.53,3,국내,2025-08-11,,
Q2086682,SEO26FF,Packing & Seal,Q_Packing & Seal,보험품,X,X,QFC01,10,12,2,2167,57.5,39.28,4,수입,2025-09-23,,
Q2087261,SEO26FF,Mechanical Seal (Ready),Q_Mechanical Seal (Ready),보험품,X,X,QFC01,1,1,1,218106.4,49.64,58.09,33,국내,2026-07-29,,
Q2087833,SEO26FF,Non/Fe Casting Metal(Copper),Q_Non/Fe Casting Metal(Copper),보험품,X,X,QFC01,4,4,1,295000,60,0,1,국내,2015-02-04,,
Q2088228,SEO26FF,Electrical & Electron,Q_Electrical & Electron,보험품,O,X,QFC01,3,5,2,5351956.83,162,72.37,11,수입,2021-01-25,,1
Q2091278,SEO26FF,Hydraulic Cylinder,Q_Hydraulic Cylinder,보험품,O,X,QFC01,1,1,2,6880000,129.5,26.16,2,국내,2023-11-08,,2
Q2091279,SEO26FF,Hydraulic Cylinder,Q_Hydraulic Cylinder,보험품,O,X,QFC01,1,1,4,5663000,93,28.31,5,국내,2026-04-02,,1
Q2094313,SEO26FF,Non/Fe Casting Metal(Copper),Q_Non/Fe Casting Metal(Copper),보험품,X,X,QFC01,2,2,0,825000,,,0,(미확인),,,
Q2094703,SEO26FF,Hydraulic & Pneumatics,Q_Hydraulic & Pneumatics,보험품,O,X,QFC01,0,0,1,18565170,113.33,48.6,3,국내,2025-12-10,,1
Q2095005,SEO26FF,Gear & Gear box,Q_Gear & Gear box,계획품,X,X,QHB24,1,1,0,810000,,,0,(미확인),,,
Q2095006,SEO26FF,Gear & Gear box,Q_Gear & Gear box,보험품,X,X,QFC01,4,4,1,2908000,118.5,3.54,2,국내,2025-10-29,,
Q2095020,SEO26FF,Machining(General),Q_Machining(General),보험품,X,O,QFC01,10,10,2,15600,44.5,4.95,2,국내,2018-02-13,FM Edge Heater,
Q2095032,SEO26FF,Machining(General),Q_Machining(General),계획품,X,X,QFC01,1,1,1,12500000,104.6,30.61,5,국내,2026-03-31,,
Q2095281,SEO26FF,Machining(General),Q_Machining(General),보험품,X,X,QVC03,1,1,2,1590000,61.33,8.5,3,국내,2025-06-12,,
Q2095868,SEO26FF,Machining(General),Q_Machining(General),보험품,X,X,QFC01,1,1,1,56000,66,0,1,국내,2022-07-18,,
Q2096490,SEO26FF,Machining(General),Q_Machining(General),보험품,X,X,QFC01,1,1,3,1253120,60.33,5.86,3,국내,2017-09-29,,
Q2097306,SEO26FF,Ball & Roller BRG,Q_Ball & Roller BRG,보험품,X,O,QFC01,12,16,2,10830.36,62,34,11,수입,2024-01-15,FM Main Motor,
Q2097711,SEO26FF,Hydraulic Cylinder,Q_Hydraulic Cylinder,계획품,X,X,QFC01,1,1,4,500000,68.93,24.69,30,국내,2026-08-25,,
Q2097972,SEO26FF,Machinery Common,Q_Machinery Common,계획품,X,X,QFC01,2,3,1,2079994,42,18.23,19,국내,2026-03-12,,
Q2098351,SEO26FF,Machining(General),Q_Machining(General),계획품,X,X,QHB25,2,2,2,660000,68,19.08,3,국내,2026-04-16,,
Q2098353,SEO26FF,Machining(General),Q_Machining(General),계획품,X,X,QHB25,2,2,1,550000,67.33,25.58,3,국내,2026-04-30,,
Q2098900,SEO26FF,Machining(General),Q_Machining(General),계획품,X,X,QVC03,1,1,1,9500000,59,0,1,국내,2020-09-24,,
Q2100582,SEO26FF,Critical Bearing,Q_Critical Bearing,계획품,X,O,QFC01,8,14,6,794098.35,230.45,127,40,수입,2026-07-02,FM Hot Leveller,
Q2101008,SEO26FF,Rubber Class (General),Q_Rubber Class (General),보험품,X,O,QFC01,8,8,2,14444,46.5,4.2,4,국내,2024-08-26,FM Screw Down,
Q2101009,SEO26FF,Rubber Class (General),Q_Rubber Class (General),보험품,X,O,QFC01,4,4,2,13412,46.5,4.2,4,국내,2024-08-26,FM Screw Down,
Q2101010,SEO26FF,Rubber Class (General),Q_Rubber Class (General),보험품,X,O,QFC01,8,8,2,14444,46.5,4.2,4,국내,2024-08-26,FM Screw Down,
Q2101882,SEO26FF,Machining(General),Q_Machining(General),계획품,X,X,QVC03,1,1,1,8900000,77,18.52,3,국내,2026-07-28,,
Q2102570,SEO26FF,Machining(General),Q_Machining(General),계획품,X,X,QHB25,2,2,3,1280000,60,8.19,5,국내,2026-08-11,,
Q2104247,SEO26FF,Grease Pump,Q_Grease Pump,계획품,X,X,QFC01,2,5,2,197055,69.57,53.5,7,수입,2025-07-14,,
Q2106112,SEO26FF,Non/Fe Casting Metal(Copper),Q_Non/Fe Casting Metal(Copper),보험품,X,X,QFC01,8,8,1,875000,58,12.73,2,국내,2015-02-16,,
Q2110732,SEO26FF,Machining(General),Q_Machining(General),보험품,X,O,QFC01,1,2,1,16500000,120,0,1,국내,2026-03-10,FM Roll Alignment,
Q2110733,SEO26FF,Machining(General),Q_Machining(General),보험품,X,O,QFC01,1,1,1,16500000,99,29.7,2,국내,2026-03-10,FM Roll Alignment,
Q2116016,SEO26FF,Packing & Seal,Q_Packing & Seal,계획품,X,O,QFC01,8,8,1,404107,66.78,26.52,32,국내,2026-05-26,FM Spindle 감속기,
Q2116265,SEO26FF,Packing & Seal,Q_Packing & Seal,계획품,X,X,QHB24,5,5,1,640686,75.97,27.52,33,국내,2026-05-26,,
Q2116694,SEO26FF,Machinery Common,Q_Machinery Common,보험품,X,X,QVC03,1,1,1,1479621,55.2,25.55,5,국내,2023-02-27,,
Q2116695,SEO26FF,Machinery Common,Q_Machinery Common,보험품,X,X,QFC01,1,1,1,1400392,55.4,26.46,5,국내,2026-04-13,,
Q2117078,SEO26FF,Hydraulic & Pneumatics,Q_Hydraulic & Pneumatics,보험품,X,X,QHB27,8,8,1,10307000,171.92,59.21,13,국내,2026-07-09,,
Q2118354,SEO26FF,Packing & Seal,Q_Packing & Seal,보험품,X,X,QFC01,20,20,1,14584,41,7.62,5,국내,2022-01-21,,
Q2118643,SEO26FF,Hydraulic & Pneumatics,Q_Hydraulic & Pneumatics,보험품,X,X,QHB24,2,2,1,383420,199.5,57.63,10,국내,2026-03-10,,
Q2118996,SEO26FF,Electrical & Electron,Q_Electrical & Electron,보험품,O,X,QFC01,0,5,1,2396595,295,90.51,2,수입,2019-01-30,,1
Q2119613,SEO26FF,Non/Fe Casting Metal(Copper),Q_Non/Fe Casting Metal(Copper),보험품,X,X,QFC01,4,4,3,80000,56.5,19.43,4,국내,2024-10-14,,
Q2120491,SEO26FF,Drive Coupling,Q_Drive Coupling,보험품,X,O,QFC01,6,6,2,130000,48.9,21.12,10,국내,2025-09-01,FM Spindle 감속기,
Q2122540,SEO26FF,Machining(General),Q_Machining(General),계획품,X,X,QFC01,1,1,1,11500000,115.25,31.13,4,국내,2026-03-31,FM Main Motor,
Q2124049,SEO26FF,Drive Joint,Q_Drive Joint,보험품,O,X,QFC01,0,0,3,400000,49.44,17.34,9,국내,2022-03-25,,10
Q2125396,SEO26FF,Machining(General),Q_Machining(General),계획품,X,X,QFC01,2,2,4,13691500,100.78,34.48,9,국내,2025-06-30,,
Q2125412,SEO26FF,Packing & Seal,Q_Packing & Seal,계획품,X,X,QFC01,2,2,1,16049125,108.22,38.13,9,국내,2026-06-08,,
Q2125413,SEO26FF,Packing & Seal,Q_Packing & Seal,계획품,X,X,QFC01,2,2,1,14394278,94.9,24.14,20,국내,2026-05-18,,
Q2125462,SEO26FF,Machining(General),Q_Machining(General),계획품,X,X,QFC01,2,2,2,14630000,82.29,29.72,14,국내,2026-05-11,,
Q2125464,SEO26FF,Machining(General),Q_Machining(General),계획품,X,X,QVC03,2,2,2,18690000,86.38,15.86,8,국내,2025-07-08,,
Q2126080,SEO26FF,Machining(General),Q_Machining(General),계획품,X,X,QFC01,1,1,1,3485350,83,0,1,국내,2019-11-14,,
Q2126459,SEO26FF,Machining(General),Q_Machining(General),보험품,X,X,QFC01,40,40,2,2860,43,9.9,2,국내,2016-10-28,,
Q2130291,SEO26FF,Electrical & Electron,Q_Electrical & Electron,보험품,O,X,QFC01,3,13,2,6024409.5,192.17,206.76,12,수입,2020-06-04,,1
Q2130293,SEO26FF,Electrical & Electron,Q_Electrical & Electron,보험품,O,X,QFC01,0,4,0,4616560.31,196,66.04,0,(미확인),,,1
Q2133117,SEO26FF,Cast Iron (S),Q_Cast Iron (S),보험품,X,X,QFC01,1,1,1,138716,63,0,1,국내,2016-10-25,,
Q2133118,SEO26FF,Cast Iron (S),Q_Cast Iron (S),보험품,X,X,QFC01,2,2,1,374532,57.67,20.84,3,국내,2019-08-26,,
Q2133119,SEO26FF,Cast Iron (S),Q_Cast Iron (S),보험품,X,X,QFC01,1,1,2,237761,54,11.31,2,국내,2016-12-12,,
Q2135729,SEO26FF,Steel Material,Q_Steel Material,보험품,X,X,QVC07,11,28,6,355942,30.83,18.5,94,수입,2026-08-26,,
Q2137371,SEO26FF,Machining(General),Q_Machining(General),계획품,X,X,QFC01,1,1,0,2705000,,,0,(미확인),,,
Q2137920,SEO26FF,Drive Joint,Q_Drive Joint,계획품,X,X,QFC01,4,5,4,4720000,68.43,21.77,7,국내,2023-06-02,,
Q2137922,SEO26FF,Drive Joint,Q_Drive Joint,계획품,X,X,QVC03,2,2,2,840000,68,12.73,2,국내,2026-06-25,,
Q2139926,SEO26FF,Rotary/Swivel Joint,Q_Rotary/Swivel Joint,보험품,O,X,QFC01,1,1,2,1100000,58.8,19.29,10,국내,2026-03-10,,1
Q2139998,SEO26FF,Hydraulic Cylinder,Q_Hydraulic Cylinder,보험품,O,X,QFC01,1,1,1,5745152,126,0,1,국내,2023-07-14,,1
Q2140042,SEO26FF,Machining(General),Q_Machining(General),보험품,X,X,QFC01,5,5,1,449400,65,0,1,국내,2017-10-20,,
Q2141016,SEO26FF,Drive Coupling,Q_Drive Coupling,보험품,X,X,QFC01,2,2,1,70000,26,0,1,국내,2017-02-28,,
Q2141021,SEO26FF,Cast Iron (S),Q_Cast Iron (S),보험품,X,X,QFC01,2,2,0,319028,53,0,1,(미확인),2017-03-27,,
Q2142284,SEO26FF,Non/Fe Casting Metal(Copper),Q_Non/Fe Casting Metal(Copper),계획품,X,O,QFC01,10,10,2,50536,92.6,24.68,5,국내,2025-11-10,FM Main Motor,
Q2142898,SEO26FF,Machining(General),Q_Machining(General),계획품,X,O,QFC01,4,4,3,230000,58.33,14.91,6,국내,2024-01-12,FM Pinion Stand,
Q2143052,SEO26FF,Machining(General),Q_Machining(General),보험품,X,X,QFC01,6,6,1,112500,58,2.83,2,국내,2022-03-22,,
Q2143592,SEO26FF,Electrical & Electron,Q_Electrical & Electron,보험품,O,X,QFC01,0,8,1,7982500,217,47.7,3,수입,2019-07-12,,1
Q2143616,SEO26FF,Electrical & Electron,Q_Electrical & Electron,보험품,O,X,QFC01,0,12,1,541021.5,55.5,36.06,2,국내,2021-12-17,,1
Q2144319,SEO26FF,Hydraulic & Pneumatics,Q_Hydraulic & Pneumatics,계획품,X,X,QFC01,1,2,1,639034,130.8,35.23,5,국내,2020-06-04,,
Q2146787,SEO26FF,Hydraulic & Pneumatics,Q_Hydraulic & Pneumatics,계획품,X,O,QFC01,1,1,1,2793197,222,17.44,3,국내,2024-06-11,QOC Servo,
Q2147980,SEO26FF,Machining(General),Q_Machining(General),계획품,X,X,QFC01,2,2,1,35000,66,0,1,국내,2025-05-12,,
Q2154362,SEO26FF,Hydraulic & Pneumatics,Q_Hydraulic & Pneumatics,계획품,X,X,QFC01,2,3,1,988055.22,156.8,72.25,15,수입,2026-07-30,FM Main Motor,
Q2162230,SEO26FF,Rotary/Swivel Joint,Q_Rotary/Swivel Joint,계획품,X,X,QHB27,2,2,3,210000,51.8,17.89,10,국내,2026-07-29,,
Q2162413,SEO26FF,Machinery Common,Q_Machinery Common,계획품,X,O,QHB24,2,2,0,794143,,,0,(미확인),,FM Screw Down,
Q2163394,SEO26FF,Machining(General),Q_Machining(General),계획품,X,X,QFC01,2,2,1,2635000,53,0,1,국내,2019-03-11,FM Main Motor,
Q2166135,SEO26FF,Hydraulic & Pneumatics,Q_Hydraulic & Pneumatics,계획품,X,X,QHB25,2,7,1,96669,61.58,41.17,12,국내,2026-03-05,,
Q2166833,SEO26FF,Machining(General),Q_Machining(General),계획품,X,X,QFC01,4,4,1,129800,53.5,27.27,8,국내,2018-04-12,,
Q2168061,SEO26FF,Hydraulic Cylinder,Q_Hydraulic Cylinder,계획품,X,X,QFC01,2,2,6,350000,81.69,20.81,13,국내,2024-10-10,,
Q2168437,SEO26FF,Drive Coupling,Q_Drive Coupling,계획품,X,X,QFC01,2,2,2,250000,57.44,12.13,9,국내,2021-05-14,,
Q2169758,SEO26FF,Machinery Common,Q_Machinery Common,계획품,X,X,QHB24,1,1,1,2007915,37.67,15.91,6,국내,2026-03-11,,
Q2173282,SEO26FF,Hydraulic Cylinder,Q_Hydraulic Cylinder,계획품,X,X,QFC01,1,3,4,4769000,108.71,19.59,7,국내,2023-09-08,,
Q2176849,SEO26FF,Gear & Gear box,Q_Gear & Gear box,보험품,X,X,QVC03,1,1,0,46720558,,,0,(미확인),,,
Q2177492,SEO26FF,Drive Joint,Q_Drive Joint,계획품,X,O,QFC01,1,1,1,1150000,52,4.24,2,국내,2024-07-10,FM Hot Leveller,
Q2177493,SEO26FF,Drive Joint,Q_Drive Joint,계획품,X,X,QFC01,1,1,1,1180000,47,4.24,2,국내,2023-04-28,,
Q2179246,SEO26FF,Machining(General),Q_Machining(General),보험품,X,X,QFC01,2,2,1,1097000,82,0,1,국내,2019-06-17,,
Q2184244,SEO26FF,Machining(General),Q_Machining(General),계획품,X,O,QHB24,1,1,2,3150000,62,6.93,3,국내,2026-07-27,FM Crop Shear,
Q2184478,SEO26FF,Machining(General),Q_Machining(General),계획품,X,O,QHB24,1,1,2,2790000,60.33,8.74,3,국내,2026-07-22,FM Crop Shear,
Q2184712,SEO26FF,Machining(General),Q_Machining(General),계획품,X,X,QFC01,2,2,1,2454000,69,0,1,국내,2020-02-10,,
Q2185181,SEO26FF,Electrical & Electron,Q_Electrical & Electron,보험품,O,X,QFC01,5,8,2,5433560,110.92,47.41,12,수입,2019-09-18,,1
Q2187474,SEO26FF,Machining(General),Q_Machining(General),보험품,X,X,QFC01,7,7,0,824661,,,0,(미확인),,FM Main Motor,
Q2190703,SEO26FF,Hydraulic Cylinder,Q_Hydraulic Cylinder,계획품,X,O,QFC01,1,1,3,2140000,107.75,30.31,4,국내,2023-12-19,FM Hot Leveller,
Q2191618,SEO26FF,Packing & Seal,Q_Packing & Seal,계획품,X,X,QFC01,30,30,4,46652.64,116.5,78.72,22,수입,2026-06-08,,
Q2191857,SEO26FF,Packing & Seal,Q_Packing & Seal,보험품,X,X,QFC01,10,41,4,1805,65.5,25,8,수입,2025-10-13,,
Q2194210,SEO26FF,Cast Steel (S),Q_Cast Steel (S),계획품,X,X,QHB25,3,3,0,920800,,,0,(미확인),,,
Q2194211,SEO26FF,Cast Steel (S),Q_Cast Steel (S),계획품,X,X,QHB25,3,3,0,917000,,,0,(미확인),,,
Q2194827,SEO26FF,Wheel,Q_Wheel,보험품,X,X,QFC01,2,2,4,551000,60.2,17.92,5,국내,2019-07-17,,
Q2195767,SEO26FF,Machining(General),Q_Machining(General),계획품,X,X,QHB25,2,2,0,289659,,,0,(미확인),,,
Q2200004,SEO26FF,Machining(General),Q_Machining(General),보험품,X,X,QFC01,16,16,1,210000,65,0,1,국내,2017-02-15,,
Q2200005,SEO26FF,Machining(General),Q_Machining(General),보험품,X,X,QFC01,16,16,1,515900,64,0,1,국내,2017-02-14,,
Q2200464,SEO26FF,Rubber Class (General),Q_Rubber Class (General),보험품,X,X,QFC01,8,8,2,14444,44.4,4.72,5,국내,2024-08-26,,
Q2200465,SEO26FF,Rubber Class (General),Q_Rubber Class (General),보험품,X,X,QFC01,8,8,2,14444,44.4,4.72,5,국내,2024-08-26,,
Q2200466,SEO26FF,Rubber Class (General),Q_Rubber Class (General),보험품,X,X,QFC01,4,4,3,13412,59.75,29.65,4,국내,2024-08-26,,
Q2202508,SEO26FF,Hydraulic Cylinder,Q_Hydraulic Cylinder,보험품,X,O,QFC01,1,1,2,2630000,86,2.83,2,국내,2015-10-21,FM Roll Alignment,
Q2206557,SEO26FF,Fitting,Q_Fitting,보험품,X,X,QFC01,4,5,6,32491.84,76.14,93.64,37,수입,2026-03-10,,
Q2208062,SEO26FF,Hydraulic & Pneumatics,Q_Hydraulic & Pneumatics,보험품,X,X,QFC01,10,36,3,19068,43.56,29.6,16,수입,2026-02-19,,
Q2210205,SEO26FF,Cast Steel (S),Q_Cast Steel (S),계획품,X,X,QFC01,4,4,2,2366496,134.67,94.56,3,국내,2021-07-27,Stand Main TR,
Q2212113,SEO26FF,Drive Joint,Q_Drive Joint,보험품,O,X,QFC01,1,2,2,5700000,42.56,18.23,9,국내,2018-08-27,,1
Q2217711,SEO26FF,Machining(General),Q_Machining(General),계획품,X,X,QFC01,1,1,2,455000,74.5,9.19,2,국내,2017-02-06,,
Q2223743,SEO26FF,Hydraulic Cylinder,Q_Hydraulic Cylinder,계획품,X,X,QFC01,2,2,3,5025000,73,14.64,8,국내,2026-05-26,,
Q2224741,SEO26FF,Hydraulic Cylinder,Q_Hydraulic Cylinder,보험품,X,X,QHB25,2,2,2,4920000,84.67,22.12,3,국내,2024-11-25,,
Q2226242,SEO26FF,Electrical & Electron,Q_Electrical & Electron,보험품,O,X,QFC01,0,1,0,11730000,196,66.04,0,(미확인),,,1
Q2228118,SEO26FF,Roller(S),Q_Roller(S),보험품,X,X,QFC01,1,1,1,900000,62,0,1,국내,2023-09-08,,
Q2228203,SEO26FF,Machining(General),Q_Machining(General),계획품,X,X,QHB27,2,2,1,2260000,61.5,8.06,4,국내,2026-05-19,,
Q2228264,SEO26FF,Non/Fe Casting Metal(Copper),Q_Non/Fe Casting Metal(Copper),보험품,X,O,QFC01,2,2,3,140000,45.33,12.41,9,국내,2022-09-14,FM Main Motor,
Q2233578,SEO26FF,Cast Steel (S),Q_Cast Steel (S),계획품,X,X,QFC01,2,2,2,2796768,134.67,94.56,3,국내,2021-07-27,Stand Main TR,
Q2234798,SEO26FF,Drive Joint,Q_Drive Joint,계획품,O,X,QFC01,1,1,1,9000000,79,32.7,3,국내,2022-01-05,,2
Q2235169,SEO26FF,Machining(General),Q_Machining(General),보험품,X,X,QFC01,1,1,1,1440000,54.25,5.06,4,국내,2022-01-14,,
Q2235172,SEO26FF,Machining(General),Q_Machining(General),보험품,X,X,QFC01,1,1,1,1440000,54.25,5.06,4,국내,2022-01-14,,
Q3200485,SEO26FF,Bolt & Nut,Q_Bolt & Nut,보험품,X,X,QFC01,142,142,2,600,44.5,18.68,6,수입,2026-01-02,,
Q3401267,SEO26FF,Hydraulic & Pneumatics,Q_Hydraulic & Pneumatics,보험품,X,X,QFC01,2,7,3,93318,79,71.9,6,수입,2025-05-23,,
Q4002139,SEO26FF,Machining(General),Q_Machining(General),보험품,X,X,QFC01,1,1,1,1025000,54,0,1,국내,2023-04-13,,
Q4003811,SEO26FF,Machining(General),Q_Machining(General),보험품,X,X,QFC01,1,1,0,1351680,,,0,(미확인),,,
Q4005375,SEO26FF,Machining(General),Q_Machining(General),계획품,X,X,QHB24,2,2,1,5210000,86.5,6.36,2,국내,2026-05-28,,
Q4008483,SEO26FF,Resinoid Class (General),Q_Resinoid Class (General),계획품,X,X,QFC01,8,8,0,26000,,,0,(미확인),,,
Q4008484,SEO26FF,Resinoid Class (General),Q_Resinoid Class (General),계획품,X,X,QFC01,10,10,1,12896,35,5.66,2,국내,2020-04-10,,
Q4008971,SEO26FF,Rotary/Swivel Joint,Q_Rotary/Swivel Joint,계획품,X,X,QFC01,2,7,3,210000,98.33,81.44,6,수입,2026-03-03,,
Q4011271,SEO26FF,Packing & Seal,Q_Packing & Seal,계획품,X,X,QFC01,5,5,1,3177,52,0,1,국내,2016-08-12,,
Q4012998,SEO26FF,Machining(General),Q_Machining(General),보험품,X,O,QFC01,2,2,0,300000,,,0,(미확인),,Walking Beam 기어베어링,
Q4013000,SEO26FF,Wheel,Q_Wheel,보험품,X,O,QFC01,1,1,0,2461000,,,0,(미확인),,Walking Beam 기어베어링,
Q4014292,SEO26FF,Roller(S),Q_Roller(S),계획품,X,X,QFC01,8,8,1,120000,52,9.9,2,국내,2020-05-06,,
Q4015362,SEO26FF,Wheel,Q_Wheel,보험품,X,X,QFC01,1,1,1,660000,67,0,1,국내,2017-02-17,,
Q4015363,SEO26FF,Machining(General),Q_Machining(General),보험품,X,X,QFC01,1,1,1,248000,57,0,1,국내,2017-02-07,,
Q4015364,SEO26FF,Machining(General),Q_Machining(General),보험품,X,X,QFC01,1,1,1,318000,57,0,1,국내,2017-02-07,,
Q4015365,SEO26FF,Machining(General),Q_Machining(General),보험품,X,X,QFC01,1,1,1,59566.67,56,0,1,국내,2017-02-06,,
Q4015405,SEO26FF,Machining(General),Q_Machining(General),계획품,X,O,QFC01,1,1,2,2119000,60.4,10.55,5,국내,2025-09-02,FM Roll Alignment,
Q4015414,SEO26FF,Machining(General),Q_Machining(General),보험품,X,X,QFC01,1,1,1,39600,52,0,1,국내,2017-02-02,,
Q4015950,SEO26FF,Machining(General),Q_Machining(General),계획품,X,X,QHB25,1,2,1,4200000,69.5,28.99,2,국내,2026-05-15,,
Q4015951,SEO26FF,Machining(General),Q_Machining(General),계획품,X,X,QHB25,1,2,1,4200000,69.5,28.99,2,국내,2026-05-15,,
Q4015952,SEO26FF,Machining(General),Q_Machining(General),계획품,X,X,QHB25,1,2,2,4480000,73,24.04,2,국내,2026-05-15,,
Q4015953,SEO26FF,Machining(General),Q_Machining(General),계획품,X,X,QHB25,1,2,1,4480000,69.5,28.99,2,국내,2026-05-15,,
Q4017406,SEO26FF,Machining(General),Q_Machining(General),계획품,X,X,QHB25,2,2,1,1610500,72,24.04,2,국내,2017-07-17,,
Q4017996,SEO26FF,Electrical & Electron,Q_Electrical & Electron,보험품,O,X,QFC01,3,8,3,4882524.5,279.08,80.56,13,수입,2025-03-07,,1
Q4017997,SEO26FF,Electrical & Electron,Q_Electrical & Electron,보험품,O,X,QFC01,3,10,3,2160174.09,240,49.47,14,수입,2022-01-26,,1
Q4017998,SEO26FF,Electrical & Electron,Q_Electrical & Electron,보험품,O,X,QFC01,1,9,4,17510328.75,286.81,91.78,32,수입,2026-08-14,,1
Q4017999,SEO26FF,Electrical & Electron,Q_Electrical & Electron,보험품,O,X,QFC01,4,22,4,5486984.1,284.57,95.42,23,수입,2026-07-02,,1
Q4018000,SEO26FF,Electrical & Electron,Q_Electrical & Electron,보험품,O,X,QFC01,4,14,1,5476819.5,246.11,62.06,9,수입,2026-07-02,,1
Q4018004,SEO26FF,Electrical & Electron,Q_Electrical & Electron,보험품,O,X,QFC01,2,14,2,1431351.36,245.3,100.74,10,수입,2024-05-28,,1
Q4018005,SEO26FF,Electrical & Electron,Q_Electrical & Electron,보험품,O,X,QFC01,13,27,3,2492261.5,267.5,90.7,32,수입,2026-08-14,,4
Q4018007,SEO26FF,Electrical & Electron,Q_Electrical & Electron,보험품,O,X,QFC01,5,26,4,1081893.85,250.24,80.53,17,수입,2025-10-31,,7
Q4018011,SEO26FF,Electrical & Electron,Q_Electrical & Electron,보험품,O,X,QFC01,3,28,2,735324.3,286.59,94.23,17,수입,2026-08-14,,10
Q4018012,SEO26FF,Electrical & Electron,Q_Electrical & Electron,보험품,O,X,QFC01,3,14,2,883061.87,250.62,51.33,8,수입,2022-01-26,,1
Q4018014,SEO26FF,Electrical & Electron,Q_Electrical & Electron,보험품,O,X,QFC01,3,18,3,2290425.3,227.57,105.12,21,수입,2026-08-14,,1
Q4018015,SEO26FF,Electrical & Electron,Q_Electrical & Electron,보험품,O,X,QFC01,1,29,4,2532781.2,264.88,88.44,24,수입,2026-08-14,,8
Q4018016,SEO26FF,Electrical & Electron,Q_Electrical & Electron,보험품,O,X,QFC01,1,7,3,1723854.25,252.91,78.93,11,수입,2026-08-14,,1
Q4018018,SEO26FF,Electrical & Electron,Q_Electrical & Electron,보험품,O,X,QFC01,1,27,3,3050316.42,276.74,109.59,19,수입,2025-10-31,,13
Q4018019,SEO26FF,Electrical & Electron,Q_Electrical & Electron,보험품,O,X,QFC01,1,6,3,2360507.71,322.71,91.79,7,수입,2024-07-16,,1
Q4018022,SEO26FF,Electrical & Electron,Q_Electrical & Electron,보험품,O,X,QFC01,2,15,4,10592620.6,296.38,89.96,34,수입,2026-07-06,,2
Q4018023,SEO26FF,Electrical & Electron,Q_Electrical & Electron,보험품,O,X,QFC01,0,10,3,2757626.14,227.72,86.52,18,수입,2026-05-12,,1
Q4018210,SEO26FF,Electrical & Electron,Q_Electrical & Electron,보험품,O,X,QFC01,3,15,4,2911134.8,265.17,79.81,24,수입,2026-08-18,,1
Q4020699,SEO26FF,Fitting,Q_Fitting,보험품,X,O,QFC01,3,3,1,155355,52.12,14.86,8,국내,2022-06-24,Table Roller 기어박스,
Q4026534,SEO26FF,Cast Iron (S),Q_Cast Iron (S),계획품,X,X,QHB24,100,100,3,16000,55,13.59,7,국내,2026-05-07,FM Main Motor,
Q4030002,SEO26FF,Hydraulic Cylinder,Q_Hydraulic Cylinder,계획품,X,X,QFC01,4,4,3,850000,83.64,24.28,11,국내,2022-09-05,,
Q4030286,SEO26FF,Machining(General),Q_Machining(General),보험품,X,O,QFC01,1,1,0,11500,,,0,(미확인),,Walking Beam 기어베어링,
Q4030636,SEO26FF,Machining(General),Q_Machining(General),보험품,X,O,QFC01,1,1,0,12000,,,0,(미확인),,Walking Beam 기어베어링,
Q4033165,SEO26FF,Pneumatic Cylinder,Q_Pneumatic Cylinder,계획품,X,X,QFC01,2,10,6,3933000,89.11,31.5,28,국내,2026-08-20,,
Q4034332,SEO26FF,Non/Fe Casting Metal(Copper),Q_Non/Fe Casting Metal(Copper),보험품,X,X,QFC01,2,2,1,1765000,41,26.67,7,국내,2017-07-06,,
Q4034340,SEO26FF,Steel Material,Q_Steel Material,계획품,X,X,QHB24,70.68,141.36,4,5046,31.5,18.66,40,수입,2026-08-13,,
Q4037546,SEO26FF,Machining(General),Q_Machining(General),계획품,X,X,QFC01,2,2,1,1017533.33,77,0,1,국내,2018-03-07,,
Q4039953,SEO26FF,Rotary/Swivel Joint,Q_Rotary/Swivel Joint,보험품,O,X,QFC01,2,2,2,22320000,76.33,23.1,9,국내,2026-07-27,,1
Q4041104,SEO26FF,Drive Coupling,Q_Drive Coupling,보험품,X,X,QFC01,1,1,2,258000,76,7.94,3,국내,2025-12-16,,
Q4045098,SEO26FF,Machining(General),Q_Machining(General),계획품,X,X,QFC01,2,2,1,79000,49,0,1,국내,2018-08-08,,
Q4045501,SEO26FF,Machining(General),Q_Machining(General),계획품,X,X,QFC01,16,16,1,68000,74.5,23.33,2,국내,2026-07-16,,
Q4045748,SEO26FF,Machining(General),Q_Machining(General),계획품,X,X,QFC01,5,5,1,180000,62,18.25,3,국내,2026-07-29,,
Q4047391,SEO26FF,Control Valve (Ready),Q_Control Valve (Ready),보험품,X,X,QHB25,1,1,1,4470495,62,20.45,11,국내,2026-02-27,,
Q4051167,SEO26FF,Non/Fe Casting Metal(Copper),Q_Non/Fe Casting Metal(Copper),보험품,X,O,QFC01,4,4,2,329000,54,14.63,4,국내,2022-01-07,FM Hot Leveller,
Q4057578,SEO26FF,Hydraulic & Pneumatics,Q_Hydraulic & Pneumatics,계획품,X,X,QFC01,2,2,0,982257,168,0,1,(미확인),2020-03-23,,
Q4073338,SEO26FF,Cast Steel (S),Q_Cast Steel (S),보험품,X,X,QFC01,2,2,1,2950000,77,0,1,국내,2022-02-10,,
Q4079757,SEO26FF,Machining(General),Q_Machining(General),계획품,X,X,QHB25,2,2,1,4085000,64.75,4.99,4,국내,2026-08-11,,
Q4080226,SEO26FF,Machining(General),Q_Machining(General),계획품,X,X,QHB25,1,1,1,13600000,107.33,31.53,3,국내,2026-06-10,,
Q4080430,SEO26FF,Metal Bearing,Q_Metal Bearing,계획품,X,O,QFC01,1,1,0,5700000,,,0,(미확인),,FM Main Motor,
Q4084463,SEO26FF,Non/Fe Casting Metal(Copper),Q_Non/Fe Casting Metal(Copper),보험품,X,X,QFC01,4,4,1,927676,58,21.46,4,국내,2019-04-02,,
Q4085105,SEO26FF,Machining(General),Q_Machining(General),보험품,X,X,QFC01,1,1,1,9020000,67.25,12.69,4,국내,2025-12-16,,
Q4089851,SEO26FF,Machining(General),Q_Machining(General),보험품,X,O,QFC01,2,2,2,16600,44.5,4.95,2,국내,2018-02-13,FM Edge Heater,
Q4102245,SEO26FF,Hydraulic & Pneumatics,Q_Hydraulic & Pneumatics,보험품,X,X,QFC01,6,14,2,138517.53,111.71,40.85,21,수입,2026-03-09,,
Q4103142,SEO26FF,Hydraulic & Pneumatics,Q_Hydraulic & Pneumatics,보험품,X,O,QFC01,1,1,0,1593938,,,0,(미확인),,FM Hot Leveller,
Q4104776,SEO26FF,Control Valve (Order),Q_Control Valve (Order),계획품,X,X,QFC01,1,2,3,19980000,126.75,34.61,4,국내,2021-11-17,,
Q4112995,SEO26FF,Roller(S),Q_Roller(S),보험품,X,O,QFC01,4,4,2,27000,43,8.49,2,국내,2020-12-29,FM Hot Leveller,
Q4119198,SEO26FF,Manual Valve,Q_Manual Valve,보험품,X,X,QFC01,1,1,1,8031660,74.4,17.44,5,국내,2024-01-30,FM Main Motor,
Q4124066,SEO26FF,Ball & Roller BRG,Q_Ball & Roller BRG,보험품,X,X,QFC01,1,1,2,467111.61,239.71,159.81,7,수입,2024-07-05,,
Q4136434,SEO26FF,Machining(General),Q_Machining(General),보험품,X,X,QFC01,2,2,0,316390,,,0,(미확인),,,
Q4140768,SEO26FF,Non/Fe Casting Metal(Copper),Q_Non/Fe Casting Metal(Copper),보험품,X,X,QFC01,2,2,2,1149100,70.5,7.78,2,국내,2014-12-15,,
Q4140770,SEO26FF,Non/Fe Casting Metal(Copper),Q_Non/Fe Casting Metal(Copper),보험품,X,X,QFC01,4,4,3,1018100,75.67,11.02,3,국내,2016-10-10,,
Q4156386,SEO26FF,Machining(General),Q_Machining(General),보험품,X,X,QFC01,19,19,1,16005,22.5,19.09,2,국내,2016-10-19,,
Q4168315,SEO26FF,Rotary/Swivel Joint,Q_Rotary/Swivel Joint,계획품,X,X,QFC01,1,1,1,746428.57,52.33,24.17,12,국내,2026-06-30,,
Q4168388,SEO26FF,Machinery Common,Q_Machinery Common,계획품,X,X,QFC01,9,9,1,21109,36.9,17.16,10,국내,2026-01-15,FM Main Motor,
Q4169627,SEO26FF,Electrical & Electron,Q_Electrical & Electron,보험품,O,X,QFC01,4,30,2,416357.08,249.65,71.4,17,수입,2023-06-19,,2
Q4169634,SEO26FF,Electrical & Electron,Q_Electrical & Electron,보험품,O,X,QFC01,0,3,2,5243066.24,232,165.46,2,수입,2024-09-19,,2
Q4169635,SEO26FF,Electrical & Electron,Q_Electrical & Electron,보험품,O,X,QFC01,1,7,3,2710126.46,220.73,106.47,11,수입,2023-02-17,,1
Q4169942,SEO26FF,Hydraulic & Pneumatics,Q_Hydraulic & Pneumatics,보험품,X,X,QFC01,1,1,1,5641350,91,0,1,국내,2014-04-18,,
Q4172575,SEO26FF,Control Valve (Order),Q_Control Valve (Order),보험품,X,X,QFC01,1,2,3,27940000,126.75,34.61,4,국내,2021-11-17,,
Q4173290,SEO26FF,Electrical & Electron,Q_Electrical & Electron,보험품,O,X,QFC01,2,7,4,15145170.64,263.71,78.38,14,수입,2026-03-04,,1
Q4174454,SEO26FF,Electrical & Electron,Q_Electrical & Electron,보험품,O,X,QFC01,1,13,4,3012982.04,319.14,155.59,21,수입,2026-02-04,,1
Q4174455,SEO26FF,Electrical & Electron,Q_Electrical & Electron,보험품,O,X,QFC01,1,10,3,31841015.6,251.93,66.04,14,수입,2026-05-08,,1
Q4178355,SEO26FF,Rotary/Swivel Joint,Q_Rotary/Swivel Joint,보험품,O,X,QFC01,0,0,3,19450000,75.18,34.48,34,국내,2026-01-14,,2
Q4182619,SEO26FF,Machining(General),Q_Machining(General),보험품,X,X,QFC01,1,1,3,3704000,82,18.38,5,국내,2023-06-09,,
Q4185031,SEO26FF,Roller(S),Q_Roller(S),보험품,O,X,QFC01,0,0,5,1960000,62.38,10.8,13,국내,2020-03-10,,1
Q4188532,SEO26FF,Machining(General),Q_Machining(General),보험품,X,X,QFC01,4,4,3,194000,66.86,18.18,7,국내,2024-02-14,,
Q4189150,SEO26FF,Machining(General),Q_Machining(General),보험품,X,X,QFC01,4,4,4,75300,63.29,17.02,7,국내,2024-02-01,,
Q4189151,SEO26FF,Machining(General),Q_Machining(General),보험품,X,X,QFC01,6,6,4,81800,64.86,17.7,7,국내,2024-02-01,,
Q4192133,SEO26FF,Electrical & Electron,Q_Electrical & Electron,보험품,O,X,QFC01,2,7,2,5560876.81,228.33,73.34,6,수입,2022-01-26,,1
Q4192171,SEO26FF,Electrical & Electron,Q_Electrical & Electron,보험품,O,X,QFC01,2,7,2,5560876.81,232.33,73.97,6,수입,2022-01-26,,1
Q4192179,SEO26FF,Electrical & Electron,Q_Electrical & Electron,보험품,O,X,QFC01,1,6,2,8200889.22,232.33,73.97,6,수입,2022-01-26,,1
Q4198917,SEO26FF,General Pump (Ready),Q_General Pump (Ready),계획품,X,O,QFC01,2,2,1,2368310,53.4,12.97,5,국내,2026-08-11,FM Main Motor,
Q4200634,SEO26FF,Ball & Roller BRG,Q_Ball & Roller BRG,계획품,X,X,QHB24,3,3,1,993869,202.33,41.77,3,국내,2022-05-19,,
Q4203928,SEO26FF,Machining(General),Q_Machining(General),보험품,X,X,QHB24,1,2,1,46000000,105.5,2.12,2,국내,2026-06-24,FM Main Motor,
Q4204059,SEO26FF,Gear & Gear box,Q_Gear & Gear box,보험품,X,O,QHB24,4,4,1,1200000,87,14.14,2,국내,2026-06-17,FM Pinion Stand,
Q4204060,SEO26FF,Gear & Gear box,Q_Gear & Gear box,보험품,X,O,QHB24,2,2,1,1350000,87,14.14,2,국내,2026-06-17,FM Pinion Stand,
Q4204061,SEO26FF,Gear & Gear box,Q_Gear & Gear box,보험품,X,O,QHB24,1,1,1,1100000,79.5,3.54,2,국내,2026-06-17,FM Pinion Stand,
Q4204062,SEO26FF,Gear & Gear box,Q_Gear & Gear box,보험품,X,O,QHB24,2,2,1,1000000,87,14.14,2,국내,2026-06-17,FM Pinion Stand,
Q4208633,SEO26FF,Machining(General),Q_Machining(General),계획품,X,X,QHB24,2,2,2,220000,57,14.14,2,국내,2021-04-27,,
Q4210213,SEO26FF,Rotary/Swivel Joint,Q_Rotary/Swivel Joint,보험품,O,X,QFC01,0,0,2,9950000,130.22,160.42,9,국내,2023-09-14,,1
Q4210315,SEO26FF,Hydraulic Cylinder,Q_Hydraulic Cylinder,보험품,X,X,QHB27,1,1,1,3630000,101,0,1,국내,2014-10-16,,
Q4210501,SEO26FF,Machining(General),Q_Machining(General),보험품,X,X,QFC01,1,1,1,3503333.33,54,9.9,2,국내,2019-06-14,,
Q4210610,SEO26FF,Non/Fe Casting Metal(Copper),Q_Non/Fe Casting Metal(Copper),보험품,X,X,QFC01,2,2,2,357000,53.5,17.68,2,국내,2019-06-19,,
Q4210612,SEO26FF,Machining(General),Q_Machining(General),보험품,X,X,QFC01,2,2,1,486666.67,54,9.9,2,국내,2019-06-14,,
Q4225250,SEO26FF,Machining(General),Q_Machining(General),계획품,X,X,QHB25,1,1,2,725000,47.75,16.36,4,국내,2020-09-28,,
Q4229869,SEO26FF,Machining(General),Q_Machining(General),계획품,X,X,QHB27,2,2,1,2490000,62,8.16,4,국내,2026-08-12,,
Q4230326,SEO26FF,Electrical & Electron,Q_Electrical & Electron,보험품,O,X,QFC01,2,2,1,4206655.83,210,0,1,수입,2015-06-06,,1
Q4232430,SEO26FF,Manual Valve,Q_Manual Valve,보험품,X,X,QFC01,1,1,1,3295040,86.67,28.75,3,국내,2025-05-22,,
Q4232896,SEO26FF,Machining(General),Q_Machining(General),계획품,X,X,QHB25,33,33,2,43000,62,15.56,2,국내,2026-02-27,,
Q4232897,SEO26FF,Machining(General),Q_Machining(General),계획품,X,X,QHB25,66,66,2,20000,62,15.56,2,국내,2026-02-27,,
Q4233153,SEO26FF,Machining(General),Q_Machining(General),계획품,X,O,QHB24,4,4,1,278500,53,0,1,국내,2026-07-22,FM Crop Shear,
Q4239083,SEO26FF,Instrument Parts,Q_Instrument Parts,보험품,X,X,QHB27,3,3,2,1176408.9,163,141.42,2,수입,2026-04-27,,
Q4245535,SEO26FF,Roller(S),Q_Roller(S),보험품,X,X,QFC01,3,3,2,1280000,76,1.41,2,국내,2025-10-29,FM Main Motor,
Q4245876,SEO26FF,Hydraulic & Pneumatics,Q_Hydraulic & Pneumatics,보험품,X,X,QFC01,2,3,1,654977,134.5,24.68,4,국내,2022-12-21,,
Q4246475,SEO26FF,Hydraulic & Pneumatics,Q_Hydraulic & Pneumatics,보험품,X,X,QFC01,2,6,1,389222,139.43,32.23,7,국내,2026-08-18,Stand Main TR,
Q4251042,SEO26FF,Machining(General),Q_Machining(General),계획품,X,X,QFC01,50,50,1,20996.67,52,12.73,2,국내,2020-01-29,,
Q4256411,SEO26FF,Filter(Ready Made),Q_Filter(Ready Made),보험품,X,X,QFC01,4,4,1,154755,97.8,14.58,5,국내,2025-10-28,,
Q4257701,SEO26FF,Manual Valve,Q_Manual Valve,보험품,O,X,QFC01,1,1,1,57383200,171.67,52.87,9,국내,2026-07-27,,1
Q4264097,SEO26FF,Drive Coupling,Q_Drive Coupling,보험품,X,X,QFC01,5,15,3,110000,58.25,18.84,8,국내,2025-11-24,,
Q4269272,SEO26FF,Fan & Blower (Ready),Q_Fan & Blower (Ready),보험품,O,X,QFC01,2,6,3,1622916.84,215.47,69.77,15,수입,2024-03-05,,1
Q4273074,SEO26FF,Machining(General),Q_Machining(General),보험품,X,X,QFC01,2,2,3,1150000,61.2,28.26,5,국내,2023-01-10,,
Q4278883,SEO26FF,Machining(General),Q_Machining(General),계획품,X,X,QHB25,1,1,1,295000,69,22,3,국내,2026-04-27,,
Q4280135,SEO26FF,Bolt & Nut,Q_Bolt & Nut,보험품,X,X,QFC01,16,16,1,9303,56,1.41,2,국내,2024-07-23,,
Q4283104,SEO26FF,Manual Valve,Q_Manual Valve,보험품,X,X,QFC01,1,1,1,895839,39.9,17.65,10,국내,2026-08-31,,
Q4295492,SEO26FF,Manual Valve,Q_Manual Valve,계획품,X,X,QFC01,3,3,1,260514,45.6,24.69,5,국내,2026-08-12,EP 집진기 TR,
Q4308842,SEO26FF,Packing & Seal,Q_Packing & Seal,계획품,X,O,QFC01,1,2,1,205340,67.33,34.7,3,국내,2018-10-26,FM Crop Shear,
Q4310783,SEO26FF,Packing & Seal,Q_Packing & Seal,계획품,X,O,QFC01,2,2,1,17539,107.8,94.61,5,국내,2022-12-28,FM Crop Shear,
Q4312812,SEO26FF,Gear & Gear box,Q_Gear & Gear box,보험품,X,X,QHB25,1,1,1,2480000,80,0,1,국내,2016-10-24,,
Q4321160,SEO26FF,Fan & Blower (Order),Q_Fan & Blower (Order),보험품,X,X,QVC03,1,1,1,4850000,78,0,1,국내,2017-02-03,FM Main Motor,
Q4327789,SEO26FF,Drive Coupling,Q_Drive Coupling,보험품,X,X,QFC01,1,1,2,2100000,67.33,21.03,3,국내,2023-04-10,,
Q4336678,SEO26FF,Machining(General),Q_Machining(General),보험품,X,X,QFC01,1,1,1,7354160,58,3.61,3,국내,2019-06-10,,
Q4342710,SEO26FF,Bolt & Nut,Q_Bolt & Nut,계획품,X,X,QFC01,20,20,2,2791,122.33,126.69,3,수입,2020-10-28,,
Q4347498,SEO26FF,Machining(General),Q_Machining(General),계획품,X,O,QHB24,1,1,1,125000,60.5,13.44,2,국내,2026-01-29,FM Spindle 감속기,
Q4348128,SEO26FF,Bolt & Nut,Q_Bolt & Nut,보험품,X,X,QFC01,400,400,2,3220,66.86,52.48,7,수입,2023-01-18,,
Q4349846,SEO26FF,Machining(General),Q_Machining(General),계획품,X,X,QHB25,6,8,2,35800000,107,38.18,2,국내,2026-06-10,,
Q4354776,SEO26FF,Hydraulic & Pneumatics,Q_Hydraulic & Pneumatics,계획품,X,X,QFC01,12,12,1,183980,42.89,9.2,9,국내,2024-03-06,,
Q4357975,SEO26FF,Control Valve (Ready),Q_Control Valve (Ready),보험품,X,X,QFC01,1,1,1,3802490,68.5,24.77,8,국내,2025-03-06,,
Q4383840,SEO26FF,Hydraulic Cylinder,Q_Hydraulic Cylinder,계획품,X,X,QFC01,1,1,5,1870000,106.25,64.51,12,국내,2025-10-29,,
Q4383841,SEO26FF,Hydraulic Cylinder,Q_Hydraulic Cylinder,계획품,X,X,QFC01,2,2,5,1680000,124.89,63.67,9,국내,2025-10-29,,
Q4384099,SEO26FF,Hydraulic & Pneumatics,Q_Hydraulic & Pneumatics,보험품,X,X,QFC01,2,3,2,904166,151.75,52.32,4,수입,2023-07-25,,
Q4386124,SEO26FF,Hydraulic & Pneumatics,Q_Hydraulic & Pneumatics,보험품,X,O,QFC01,2,2,1,8923590,135.5,20.51,2,국내,2019-04-04,QOC Servo,
Q4390457,SEO26FF,Machining(General),Q_Machining(General),보험품,X,X,QFC01,2,2,1,17928000,91,0,1,국내,2018-03-30,,
Q4390712,SEO26FF,Hydraulic & Pneumatics,Q_Hydraulic & Pneumatics,계획품,X,X,QHB27,1,1,1,17212690,175.67,31.21,3,국내,2026-06-11,,
Q4394089,SEO26FF,Rotary/Swivel Joint,Q_Rotary/Swivel Joint,보험품,X,X,QVC03,1,1,1,3970000,76,8.29,4,국내,2021-04-02,,
Q4398385,SEO26FF,Filter(Ready Made),Q_Filter(Ready Made),보험품,X,X,QFC01,1,1,1,7049560,102,26.85,3,국내,2023-07-21,,
Q4403031,SEO26FF,Instrument Parts,Q_Instrument Parts,보험품,X,X,QFC01,4,4,1,87355,41.55,18.17,20,국내,2025-02-18,,
Q4410007,SEO26FF,Non/Fe Casting Metal(Copper),Q_Non/Fe Casting Metal(Copper),보험품,X,X,QFC01,6,6,2,43000,54,19.08,3,국내,2021-06-10,,
Q4412119,SEO26FF,Chain,Q_Chain,보험품,X,O,QFC01,2,2,1,81019,36,6.56,3,국내,2023-03-20,FM Roll Alignment,
Q4412288,SEO26FF,Gear & Gear box,Q_Gear & Gear box,계획품,X,O,QFC01,2,2,1,2500000,107,5.66,2,국내,2018-10-01,FM Spindle 감속기,
Q4412576,SEO26FF,Rotary/Swivel Joint,Q_Rotary/Swivel Joint,계획품,X,X,QFC01,1,1,2,11850000,71,13.08,3,국내,2025-12-29,,
Q4416013,SEO26FF,Drive Coupling,Q_Drive Coupling,계획품,X,O,QFC01,1,1,1,250000,78,0,1,국내,2018-09-28,FM Spindle 감속기,
Q4416076,SEO26FF,Rotary/Swivel Joint,Q_Rotary/Swivel Joint,계획품,X,X,QFC01,2,2,1,975000,63,16.09,3,국내,2026-07-27,,
Q4416082,SEO26FF,Rotary/Swivel Joint,Q_Rotary/Swivel Joint,계획품,X,X,QFC01,1,1,1,600000,83.25,48.69,4,국내,2026-03-10,,
Q4418347,SEO26FF,Machining(General),Q_Machining(General),계획품,X,X,QVC03,1,1,1,51170000,77.5,19.64,4,국내,2022-06-15,,
Q4419677,SEO26FF,Machining(General),Q_Machining(General),계획품,X,O,QFC01,4,4,2,800000,77.67,8.82,6,국내,2026-08-11,FM Roll Alignment,
Q4419678,SEO26FF,Machining(General),Q_Machining(General),계획품,X,X,QFC01,3,3,3,863000,66.86,11.82,7,국내,2026-08-12,,
Q4423761,SEO26FF,Machining(General),Q_Machining(General),계획품,X,X,QFC01,2,2,1,935000,55,0,1,국내,2018-11-30,,
Q4435466,SEO26FF,Roller(S),Q_Roller(S),보험품,X,X,QFC01,4,4,3,341000,58.33,17.16,3,국내,2025-08-26,FM Main Motor,
Q4439263,SEO26FF,Hydraulic Cylinder(Critical),Q_Hydraulic Cylinder(Critical),보험품,X,O,QFC01,1,2,2,11500000,103,35.36,2,국내,2023-03-24,QOC Servo,
Q4439264,SEO26FF,Hydraulic Cylinder(Critical),Q_Hydraulic Cylinder(Critical),보험품,X,O,QFC01,1,2,2,11900000,92,31.43,3,국내,2025-03-17,QOC Servo,
Q4439265,SEO26FF,Hydraulic Cylinder(Critical),Q_Hydraulic Cylinder(Critical),보험품,X,O,QFC01,1,1,2,11900000,108.5,43.13,2,국내,2023-04-20,QOC Servo,
Q4439266,SEO26FF,Hydraulic Cylinder(Critical),Q_Hydraulic Cylinder(Critical),보험품,X,O,QFC01,1,1,2,14806000,201.5,174.66,2,국내,2023-10-23,QOC Servo,
Q4439269,SEO26FF,Hydraulic Cylinder,Q_Hydraulic Cylinder,보험품,X,X,QFC01,1,2,2,9990000,97,12.73,2,국내,2023-05-16,,
Q4439270,SEO26FF,Hydraulic Cylinder,Q_Hydraulic Cylinder,보험품,X,X,QFC01,1,1,1,1378541,76,0,1,국내,2019-04-29,,
Q4441695,SEO26FF,Motor (Ready),Q_Motor (Ready),보험품,O,X,QFC01,1,1,1,56339008.85,233,0,1,수입,2019-11-06,,1
Q4443501,SEO26FF,Machining(General),Q_Machining(General),보험품,X,X,QFC01,6,6,4,8000,40.5,6.06,6,국내,2026-01-09,,
Q4444346,SEO26FF,Drive Coupling,Q_Drive Coupling,계획품,X,X,QFC01,1,1,1,180000,52,0,1,국내,2019-06-05,,
Q4450272,SEO26FF,Hydraulic Cylinder,Q_Hydraulic Cylinder,보험품,X,X,QFC01,1,1,2,3800000,73.5,12.02,2,국내,2019-12-10,,
Q4453988,SEO26FF,Control Valve (Ready),Q_Control Valve (Ready),보험품,X,X,QFC01,1,1,1,8726315,70.5,7.78,2,국내,2023-01-19,,
Q4459402,SEO26FF,Drive Joint,Q_Drive Joint,보험품,X,X,QHB25,2,2,1,400000,42,0,1,국내,2019-10-14,,
Q4460076,SEO26FF,Gear & Gear box,Q_Gear & Gear box,보험품,X,O,QFC01,1,1,1,2685000,42,0,1,국내,2019-11-01,FM Edge Heater,
Q4465267,SEO26FF,Hydraulic Cylinder(Critical),Q_Hydraulic Cylinder(Critical),보험품,X,X,QVC03,1,1,3,13900000,114.55,42.24,11,국내,2026-05-19,,
Q4468493,SEO26FF,Machining(General),Q_Machining(General),계획품,X,O,QFC01,2,2,1,199680,48,0,1,국내,2020-03-02,FM Main Motor,
Q4468503,SEO26FF,Machining(General),Q_Machining(General),계획품,X,X,QFC01,1,1,1,763840,58,0,1,국내,2020-03-12,FM Main Motor,
Q4468504,SEO26FF,Machining(General),Q_Machining(General),계획품,X,X,QFC01,1,1,1,763840,48,0,1,국내,2020-03-02,FM Main Motor,
Q4470227,SEO26FF,Machining(General),Q_Machining(General),계획품,X,O,QFC01,1,1,1,99290,45,0,1,국내,2020-02-28,FM Main Motor,
Q4471030,SEO26FF,Machining(General),Q_Machining(General),계획품,X,X,QFC01,1,1,1,1462350,45,0,1,국내,2020-02-28,,
Q4471765,SEO26FF,Hydraulic Cylinder,Q_Hydraulic Cylinder,보험품,X,X,QFC01,1,1,3,2420000,106.33,44.77,3,국내,2026-04-15,,
Q4474243,SEO26FF,Machining(General),Q_Machining(General),계획품,X,X,QFC01,1,1,1,550700,51,0,1,국내,2020-04-24,FM Main Motor,
Q4480769,SEO26FF,Hydraulic Cylinder,Q_Hydraulic Cylinder,보험품,X,X,QFC01,2,2,2,3976000,90.6,17.7,5,국내,2026-04-08,,
Q4485045,SEO26FF,Machining(General),Q_Machining(General),보험품,X,X,QFC01,1,1,1,730000,53,0,1,국내,2023-04-12,,
Q4485080,SEO26FF,Ball & Roller BRG,Q_Ball & Roller BRG,보험품,X,X,QVC03,1,1,1,12883750,109,0,1,국내,2020-09-16,,
Q4485081,SEO26FF,Ball & Roller BRG,Q_Ball & Roller BRG,보험품,X,X,QVC03,1,1,1,11646910,109,0,1,국내,2020-09-16,,
Q4485087,SEO26FF,Machining(General),Q_Machining(General),보험품,X,X,QFC01,1,1,1,620000,53,0,1,국내,2023-04-12,,
Q4493662,SEO26FF,Wheel,Q_Wheel,보험품,X,X,QFC01,2,2,1,1200000,95,0,1,국내,2020-12-17,,
Q4497103,SEO26FF,Machining(General),Q_Machining(General),보험품,X,X,QFC01,4,4,1,100000,72.67,18.45,3,국내,2022-09-21,,
Q4499010,SEO26FF,Machinery Common,Q_Machinery Common,보험품,X,X,QFC01,4,5,1,36657320,166.94,59.2,16,국내,2026-05-18,,
Q4501966,SEO26FF,Machining(General),Q_Machining(General),보험품,X,O,QFC01,8,8,1,32000,51,0,1,국내,2021-01-12,FM Hot Leveller,
Q4503767,SEO26FF,Common items,Q_Common items,보험품,X,O,QFC01,15,15,1,115326,44.8,6.06,5,국내,2024-05-23,FM Hot Leveller,
Q4503770,SEO26FF,Common items,Q_Common items,계획품,X,O,QFC01,10,10,1,41188,47.75,3.3,4,국내,2026-03-11,FM Hot Leveller,
Q4504475,SEO26FF,Machining(General),Q_Machining(General),보험품,X,O,QFC01,1,1,1,630000,68,0,1,국내,2021-03-09,FM Hot Leveller,
Q4504476,SEO26FF,Machining(General),Q_Machining(General),보험품,X,O,QFC01,2,2,1,490000,68,0,1,국내,2021-03-09,FM Roll Alignment,
Q4504478,SEO26FF,Machining(General),Q_Machining(General),보험품,X,O,QFC01,2,2,1,420000,68,0,1,국내,2021-03-09,FM Roll Alignment,
Q4515205,SEO26FF,Bolt & Nut,Q_Bolt & Nut,보험품,X,O,QFC01,20,20,1,15061,33.67,12.1,3,국내,2022-07-05,FM Roll Alignment,
Q4515206,SEO26FF,Bolt & Nut,Q_Bolt & Nut,보험품,X,O,QFC01,8,8,1,21083,40.5,3.54,2,국내,2022-01-13,FM Roll Alignment,
Q4515573,SEO26FF,Wheel,Q_Wheel,보험품,X,X,QFC01,2,3,1,2650000,64,8.49,2,국내,2023-06-23,,
Q4517465,SEO26FF,Wheel,Q_Wheel,보험품,X,X,QFC01,2,2,1,845000,107,0,1,국내,2021-07-28,,
Q4517801,SEO26FF,Wheel,Q_Wheel,보험품,X,X,QFC01,6,6,1,795000,107,0,1,국내,2021-07-28,,
Q4521625,SEO26FF,Drive Coupling,Q_Drive Coupling,보험품,O,X,QFC01,0,0,1,1040000000,511,0,1,국내,2022-12-06,,1
Q4524604,SEO26FF,Machining(General),Q_Machining(General),보험품,X,X,QVC03,1,1,2,4300000,82,15.13,3,국내,2025-06-12,,
Q4524949,SEO26FF,Hydraulic Cylinder,Q_Hydraulic Cylinder,보험품,X,X,QFC01,2,2,1,1100000,86.33,24.91,3,국내,2025-06-12,,
Q4530897,SEO26FF,Machining(General),Q_Machining(General),보험품,X,X,QFC01,1,1,1,920000,115,0,1,국내,2021-12-10,,
Q4531078,SEO26FF,Machining(General),Q_Machining(General),계획품,X,X,QVC03,3,3,1,1370000,54.67,5.13,3,국내,2026-03-05,FM Main Motor,
Q4532058,SEO26FF,Machining(General),Q_Machining(General),보험품,X,X,QHB25,1,1,1,630000,50,0,1,국내,2021-10-19,Stand Main TR,
Q4535892,SEO26FF,Cast Iron (L),Q_Cast Iron (L),계획품,X,O,QHB24,2,2,1,31900000,132,50.51,3,국내,2026-08-14,FM Roll Alignment,
Q4535894,SEO26FF,Cast Iron (L),Q_Cast Iron (L),계획품,X,O,QHB24,2,2,1,31900000,132,50.51,3,국내,2026-08-14,FM Roll Alignment,
Q4535900,SEO26FF,Cast Iron (L),Q_Cast Iron (L),계획품,X,O,QHB24,1,1,1,41000000,114.33,59.21,3,국내,2026-07-31,FM Roll Alignment,
Q4535902,SEO26FF,Cast Iron (L),Q_Cast Iron (L),계획품,X,O,QHB24,1,1,1,41000000,135.5,65.76,2,국내,2026-07-31,FM Roll Alignment,
Q4536719,SEO26FF,Machining(General),Q_Machining(General),보험품,X,X,QFC01,4,4,1,870000,53,0,1,국내,2022-01-03,,
Q4537595,SEO26FF,Control Valve (Ready),Q_Control Valve (Ready),계획품,X,X,QHB25,2,3,1,5297586,112.25,10.31,4,국내,2026-07-20,,
Q4541491,SEO26FF,Machining(General),Q_Machining(General),보험품,X,X,QFC01,2,2,1,875000,46,8.66,3,국내,2023-04-14,,
Q4541492,SEO26FF,Machining(General),Q_Machining(General),보험품,X,X,QFC01,2,2,1,875000,46,8.66,3,국내,2023-04-14,,
Q4543363,SEO26FF,Gear & Gear box,Q_Gear & Gear box,보험품,X,X,QFC01,1,1,1,3300000,141,0,1,국내,2022-04-29,,
Q4546235,SEO26FF,Hydraulic & Pneumatics,Q_Hydraulic & Pneumatics,보험품,X,X,QHB24,1,2,1,711183,98.75,63.76,4,국내,2025-11-19,,
Q4548256,SEO26FF,Machining(General),Q_Machining(General),계획품,X,X,QHB25,1,1,1,465000,62.5,9.19,2,국내,2025-11-24,,
Q4548258,SEO26FF,Machining(General),Q_Machining(General),계획품,X,X,QHB25,1,1,1,475000,62.5,9.19,2,국내,2025-11-24,,
Q4548259,SEO26FF,Machining(General),Q_Machining(General),계획품,X,X,QHB25,1,1,1,485000,62.5,9.19,2,국내,2025-11-24,,
Q4548260,SEO26FF,Machining(General),Q_Machining(General),계획품,X,X,QHB25,1,1,1,570000,62.5,9.19,2,국내,2025-11-24,,
Q4551506,SEO26FF,Anti-abrasion class(H/F),Q_Anti-abrasion class(H/F),계획품,X,X,QFC01,1,1,1,13700000,119,0,1,국내,2026-05-21,,
Q4551507,SEO26FF,Anti-abrasion class(H/F),Q_Anti-abrasion class(H/F),보험품,X,X,QVC03,1,1,1,12500000,169,0,1,국내,2025-07-02,,
Q4559574,SEO26FF,Drive Coupling,Q_Drive Coupling,보험품,X,X,QFC01,6,6,1,400000,61,0,1,국내,2022-07-13,,
Q4559575,SEO26FF,Drive Coupling,Q_Drive Coupling,보험품,X,X,QFC01,3,3,1,400000,61,0,1,국내,2022-07-13,,
Q4559600,SEO26FF,Hydraulic & Pneumatics,Q_Hydraulic & Pneumatics,보험품,X,X,QFC01,3,3,1,409909,37.71,23.14,7,국내,2026-03-30,,
Q4559686,SEO26FF,Machining(General),Q_Machining(General),보험품,X,X,QFC01,3,3,1,1180000,52,0,1,국내,2022-07-04,,
Q4562126,SEO26FF,Cast Iron (S),Q_Cast Iron (S),보험품,X,X,QFC01,1,1,1,910000,35,0,1,국내,2022-07-20,,
Q4562194,SEO26FF,Machining(General),Q_Machining(General),보험품,X,X,QFC01,1,1,1,946000,42,0,1,국내,2022-07-27,,
Q4572470,SEO26FF,Machining(General),Q_Machining(General),보험품,X,X,QFC01,1,1,1,363895,35,0,1,국내,2022-11-11,,
Q4572473,SEO26FF,Machining(General),Q_Machining(General),보험품,X,X,QFC01,1,1,1,634217,42,0,1,국내,2022-11-18,,
Q4573456,SEO26FF,Drive Coupling,Q_Drive Coupling,보험품,X,X,QFC01,1,1,1,660000,75,0,1,국내,2023-01-30,,
Q4575867,SEO26FF,Machining(General),Q_Machining(General),보험품,X,X,QFC01,1,1,1,363000,62,0,1,국내,2022-12-22,,
Q4576432,SEO26FF,Machining(General),Q_Machining(General),보험품,X,X,QFC01,4,4,1,1350000,59.5,2.12,2,국내,2024-07-11,,
Q4576623,SEO26FF,Anti-abrasion class(H/F),Q_Anti-abrasion class(H/F),보험품,X,X,QFC01,1,1,2,1541000,66,7.07,2,국내,2024-07-24,,
Q4576624,SEO26FF,Anti-abrasion class(H/F),Q_Anti-abrasion class(H/F),보험품,X,X,QFC01,1,1,2,1543000,66,7.07,2,국내,2024-07-24,,
Q4582819,SEO26FF,Steel Material,Q_Steel Material,보험품,X,X,QVC07,1,18,1,1605534.17,32.44,15.98,9,국내,2026-08-25,,
Q4585577,SEO26FF,Drive Coupling,Q_Drive Coupling,보험품,X,O,QFC01,3,7,1,130000,37.5,2.12,2,국내,2025-09-23,RM Stand Adjust,
Q4585578,SEO26FF,Machining(General),Q_Machining(General),보험품,X,X,QFC01,5,5,1,59000,42,1.41,2,국내,2023-05-15,,
Q4587154,SEO26FF,Hydraulic & Pneumatics,Q_Hydraulic & Pneumatics,보험품,X,O,QVC03,5,5,1,13399100,199,0,1,국내,2023-09-04,QOC Servo,
Q4588343,SEO26FF,Machining(Special),Q_Machining(Special),보험품,X,X,QHB25,1,1,1,98870000,96,31.11,2,국내,2026-06-04,,
Q4590955,SEO26FF,Cast Steel (S),Q_Cast Steel (S),보험품,X,X,QFC01,2,2,1,1700000,50,0,1,국내,2023-05-04,,
Q4597580,SEO26FF,Common items,Q_Common items,보험품,X,O,QFC01,30,30,1,100911,48,0,1,국내,2023-06-15,FM Hot Leveller,
Q4598537,SEO26FF,Control Valve (Ready),Q_Control Valve (Ready),보험품,X,X,QFC01,1,1,1,19269375,114.33,24.79,3,국내,2024-09-24,,
Q4604630,SEO26FF,General Pump (Ready),Q_General Pump (Ready),보험품,O,X,QFC01,0,1,1,1503362000,416.5,31.82,2,국내,2026-07-07,,1
Q4605205,SEO26FF,Non/Fe Casting Metal(Copper),Q_Non/Fe Casting Metal(Copper),보험품,X,X,QFC01,2,2,1,1350000,95,0,1,국내,2024-11-11,,
Q4605206,SEO26FF,Machining(General),Q_Machining(General),보험품,X,X,QFC01,2,2,1,586000,76,0,1,국내,2024-10-23,,
Q4606740,SEO26FF,Bolt & Nut,Q_Bolt & Nut,보험품,X,X,QFC01,28,28,1,3101,44,12.73,2,국내,2025-02-11,,
Q4610709,SEO26FF,Machining(General),Q_Machining(General),계획품,X,X,QHB24,10,10,2,19000,47.33,7.51,3,국내,2026-07-28,,
Q4611811,SEO26FF,Machining(General),Q_Machining(General),보험품,X,X,QFC01,4,4,1,135000,52,8.49,2,국내,2024-09-09,,
Q4612557,SEO26FF,Control Valve (Ready),Q_Control Valve (Ready),보험품,X,X,QFC01,2,2,1,2774790,92,0,1,국내,2023-12-22,,
Q4616814,SEO26FF,Hydraulic & Pneumatics,Q_Hydraulic & Pneumatics,보험품,X,X,QFC01,2,2,1,304057,272,0,1,국내,2024-07-23,,
Q4625628,SEO26FF,Control Valve (Ready),Q_Control Valve (Ready),보험품,X,X,QFC01,1,1,1,27439590,116.5,34.65,2,국내,2024-09-24,,
Q4625646,SEO26FF,Control Valve (Ready),Q_Control Valve (Ready),보험품,X,X,QVC03,1,1,1,39463680,141,0,1,국내,2024-06-04,,
Q4626564,SEO26FF,Bolt & Nut,Q_Bolt & Nut,계획품,X,X,QHB24,150,150,1,538,33.67,10.69,3,국내,2026-06-10,,
Q4627208,SEO26FF,Hydraulic & Pneumatics,Q_Hydraulic & Pneumatics,계획품,X,X,QHB27,1,1,1,17212690,179.67,34.65,3,국내,2026-06-11,,
Q4635441,SEO26FF,Machining(General),Q_Machining(General),보험품,X,X,QFC01,2,2,1,35000,32,2.83,2,국내,2024-06-11,,
Q4635563,SEO26FF,Machining(General),Q_Machining(General),보험품,X,X,QFC01,10,10,1,18000,32,2.83,2,국내,2024-06-11,,
Q4636078,SEO26FF,Bolt & Nut,Q_Bolt & Nut,보험품,X,X,QFC01,20,20,1,124044,48.5,2.12,2,국내,2024-06-12,,
Q4640645,SEO26FF,Machining(General),Q_Machining(General),보험품,X,X,QFC01,3,3,1,840000,39,0,1,국내,2024-07-23,,
Q4642447,SEO26FF,Machining(General),Q_Machining(General),보험품,X,X,QFC01,1,1,1,1080000,53,0,1,국내,2024-09-06,,
Q4652294,SEO26FF,Cast Steel (S),Q_Cast Steel (S),보험품,X,X,QHB25,2,2,1,4145000,49,0,1,국내,2024-12-02,,
Q4653124,SEO26FF,Hydraulic & Pneumatics,Q_Hydraulic & Pneumatics,보험품,X,X,QFC01,2,2,1,9688580,212,32.53,2,국내,2026-01-08,,
Q4659090,SEO26FF,Hydraulic Cylinder,Q_Hydraulic Cylinder,계획품,X,X,QHB27,1,1,2,17400000,167.5,38.89,2,국내,2026-06-11,,
Q4662921,SEO26FF,Non/Fe Casting Metal(Copper),Q_Non/Fe Casting Metal(Copper),보험품,X,X,QFC01,8,8,1,13000,99,0,1,국내,2025-05-14,,
Q4663525,SEO26FF,Common items,Q_Common items,계획품,X,X,QHB24,3,3,1,116356,44,9.9,2,국내,2026-02-26,,
Q4668630,SEO26FF,Machining(General),Q_Machining(General),보험품,X,X,QFC01,1,1,1,134000,61,0,1,국내,2025-05-26,,
Q4668643,SEO26FF,Machining(General),Q_Machining(General),보험품,X,X,QFC01,1,1,1,5840000,76,0,1,국내,2025-06-10,,
Q4670923,SEO26FF,Machining(General),Q_Machining(General),보험품,X,X,QFC01,1,1,1,99000,34,0,1,국내,2025-05-26,,
Q4671514,SEO26FF,Machining(General),Q_Machining(General),보험품,X,X,QFC01,1,1,1,1800000,72,0,1,국내,2025-07-03,,
Q4675700,SEO26FF,Machining(General),Q_Machining(General),보험품,X,X,QFC01,1,1,1,1015000,68,0,1,국내,2025-08-12,,
Q4676007,SEO26FF,Hydraulic & Pneumatics,Q_Hydraulic & Pneumatics,계획품,X,O,QFC01,1,1,1,2009865,39.44,12.8,9,국내,2026-04-14,FM Main Motor,
Q4677113,SEO26FF,Machining(General),Q_Machining(General),보험품,X,X,QHB24,2,2,1,5820000,104,0,1,국내,2026-05-19,,
Q4679740,SEO26FF,Machining(General),Q_Machining(General),계획품,X,X,QHB25,3,6,1,95000,68.5,3.54,2,국내,2026-07-23,,
Q4681315,SEO26FF,Anti-abrasion class(H/F),Q_Anti-abrasion class(H/F),계획품,X,X,QHB25,1,1,1,10625000,84.5,9.19,2,국내,2026-04-27,,
Q4681514,SEO26FF,Bolt & Nut,Q_Bolt & Nut,계획품,X,X,QHB25,8,8,1,806286,85,0,1,국내,2025-10-22,,
Q4686594,SEO26FF,Non/Fe Casting Metal(Copper),Q_Non/Fe Casting Metal(Copper),보험품,X,O,QFC01,2,2,1,355000,49,0,1,국내,2025-10-30,QOC Servo,
Q4688109,SEO26FF,Hydraulic & Pneumatics,Q_Hydraulic & Pneumatics,보험품,X,X,QFC01,1,1,1,925972.6,175,0,1,수입,2026-04-06,,
Q4691588,SEO26FF,Machining(General),Q_Machining(General),보험품,X,X,QFC01,1,1,1,5250000,65,0,1,국내,2026-01-14,,
Q4693461,SEO26FF,Machining(General),Q_Machining(General),계획품,X,X,QFC01,1,1,1,1540000,66,0,1,국내,2026-02-02,,
Q4693466,SEO26FF,Machining(General),Q_Machining(General),계획품,X,X,QFC01,1,1,1,1078000,66,0,1,국내,2026-02-02,,
Q4693469,SEO26FF,Machining(General),Q_Machining(General),계획품,X,X,QFC01,1,1,1,770000,66,0,1,국내,2026-02-02,,
Q4694508,SEO26FF,Machining(General),Q_Machining(General),계획품,X,X,QHB25,42,42,1,50000,73,0,1,국내,2026-02-27,,
Q4695959,SEO26FF,Machining(General),Q_Machining(General),계획품,X,X,QHB25,1,1,1,9490000,71,0,1,국내,2026-05-26,,
Q4695963,SEO26FF,Machining(General),Q_Machining(General),계획품,X,X,QHB25,1,1,1,9490000,71,0,1,국내,2026-05-26,,
Q4695964,SEO26FF,Machining(General),Q_Machining(General),계획품,X,X,QHB25,1,1,1,9490000,71,0,1,국내,2026-05-26,,
Q4695965,SEO26FF,Machining(General),Q_Machining(General),계획품,X,X,QHB25,1,1,1,9490000,71,0,1,국내,2026-05-26,,
Q4696404,SEO26FF,Machining(General),Q_Machining(General),계획품,X,X,QHB25,2,2,1,870000,58,0,1,국내,2026-03-04,,
Q4697155,SEO26FF,Exchanger (Ready),Q_Exchanger (Ready),계획품,X,X,QHB24,1,1,1,52616700,103,0,1,국내,2026-04-20,,
Q4698941,SEO26FF,Non/Fe Casting Metal(Copper),Q_Non/Fe Casting Metal(Copper),계획품,X,O,QHB24,2,2,1,38000,55,0,1,국내,2026-03-17,FM Hot Leveller,
Q4699194,SEO26FF,Hydraulic & Pneumatics,Q_Hydraulic & Pneumatics,계획품,X,X,QHB24,2,2,1,515350,89,0,1,국내,2026-04-21,,
Q4699400,SEO26FF,Control Valve (Ready),Q_Control Valve (Ready),보험품,X,X,QHB24,2,3,1,16340430,115,15.56,2,국내,2026-06-10,,
Q4700628,SEO26FF,Machining(General),Q_Machining(General),계획품,X,X,QFC01,1,1,1,1863000,61,0,1,국내,2026-04-07,,
Q4700632,SEO26FF,Bolt & Nut,Q_Bolt & Nut,계획품,X,X,QHB25,2,2,1,48584,60,0,1,국내,2026-04-06,,
Q4700633,SEO26FF,Bolt & Nut,Q_Bolt & Nut,계획품,X,X,QHB25,2,2,1,68224,60,0,1,국내,2026-04-06,,
Q4700636,SEO26FF,Gear & Gear box,Q_Gear & Gear box,계획품,X,X,QFC01,1,1,0,2900000,165,0,1,(미확인),2026-07-20,,
Q4700741,SEO26FF,Machining(General),Q_Machining(General),보험품,X,X,QFC01,1,1,1,378000,86,0,1,국내,2026-05-07,,
Q4701430,SEO26FF,Machining(General),Q_Machining(General),계획품,X,X,QHB24,6,6,1,2100000,49,0,1,국내,2026-04-15,FM Main Motor,
Q4702499,SEO26FF,Machining(General),Q_Machining(General),계획품,X,X,QHB27,2,2,1,462000,48,0,1,국내,2026-04-29,,
Q4702501,SEO26FF,Machining(General),Q_Machining(General),계획품,X,X,QHB27,10,10,1,515000,48,0,1,국내,2026-04-29,,
Q4702503,SEO26FF,Machining(General),Q_Machining(General),계획품,X,X,QHB27,1,1,1,1480000,71,0,1,국내,2026-05-27,,
Q4702505,SEO26FF,Machining(General),Q_Machining(General),계획품,X,X,QHB27,2,2,1,505000,48,0,1,국내,2026-04-29,,
Q4702518,SEO26FF,Machining(General),Q_Machining(General),계획품,X,X,QHB27,1,1,1,2540000,71,0,1,국내,2026-05-27,,
Q4702521,SEO26FF,Machining(General),Q_Machining(General),계획품,X,X,QHB27,1,1,1,2540000,71,0,1,국내,2026-05-27,,
Q4702522,SEO26FF,Machining(General),Q_Machining(General),계획품,X,X,QHB27,1,1,1,2480000,71,0,1,국내,2026-05-27,,
Q4702525,SEO26FF,Machining(General),Q_Machining(General),계획품,X,X,QHB27,1,1,1,1510000,71,0,1,국내,2026-05-27,,
Q4702528,SEO26FF,Machining(General),Q_Machining(General),계획품,X,X,QHB27,1,1,1,2540000,71,0,1,국내,2026-05-27,,
Q4702532,SEO26FF,Machining(General),Q_Machining(General),계획품,X,X,QHB27,1,1,1,1510000,71,0,1,국내,2026-05-27,,
Q4702536,SEO26FF,Machining(General),Q_Machining(General),계획품,X,X,QHB27,1,1,1,1480000,71,0,1,국내,2026-05-27,,
Q4704375,SEO26FF,Machining(General),Q_Machining(General),계획품,X,X,QHB24,1,1,1,48000000,132,0,1,국내,2026-08-06,FM Main Motor,
Q4709438,SEO26FF,Hydraulic & Pneumatics,Q_Hydraulic & Pneumatics,계획품,X,O,QHB24,2,2,1,15693210,57,0,1,국내,2026-07-10,FM Main Motor,
Q4709544,SEO26FF,Non/Fe Casting Metal(Others),Q_Non/Fe Casting Metal(Others),계획품,X,X,QVC03,3,3,0,2000000,70,0,1,(미확인),2026-07-28,,
Q4709545,SEO26FF,Non/Fe Casting Metal(Others),Q_Non/Fe Casting Metal(Others),계획품,X,X,QVC03,4,4,0,2000000,70,0,1,(미확인),2026-07-28,,
Q4710841,SEO26FF,Machining(General),Q_Machining(General),계획품,X,X,QHB24,10,10,1,21000,56,0,1,국내,2026-07-28,,
Q4711077,SEO26FF,Machining(General),Q_Machining(General),계획품,X,X,QHB24,1,1,1,3870000,58,0,1,국내,2026-07-27,,
Q4711186,SEO26FF,Machining(General),Q_Machining(General),계획품,X,X,QHB24,1,1,1,39000,35,0,1,국내,2026-07-07,,
Q4711472,SEO26FF,Machining(General),Q_Machining(General),계획품,X,X,QVC03,1,1,1,3838000,63,0,1,국내,2026-08-04,,
Q4711473,SEO26FF,Machining(General),Q_Machining(General),계획품,X,X,QHB24,2,2,1,2922800,44,0,1,국내,2026-07-16,,
Q4712148,SEO26FF,Manual Valve,Q_Manual Valve,계획품,X,X,QFC01,1,1,1,380989,58,0,1,국내,2026-08-19,,
Q4712149,SEO26FF,Manual Valve,Q_Manual Valve,계획품,X,X,QFC01,1,1,1,581781,58,0,1,국내,2026-08-19,,
Q4712150,SEO26FF,Manual Valve,Q_Manual Valve,계획품,X,X,QFC01,1,1,1,1714451,58,0,1,국내,2026-08-19,,
Q4712151,SEO26FF,Manual Valve,Q_Manual Valve,계획품,X,X,QFC01,1,1,1,1122373,53,7.07,2,국내,2026-08-19,,
Q4712152,SEO26FF,Manual Valve,Q_Manual Valve,계획품,X,X,QFC01,1,1,1,844354,58,0,1,국내,2026-08-19,,
Q4712503,SEO26FF,Machining(General),Q_Machining(General),계획품,X,X,QHB24,1,1,1,25160000,70,0,1,국내,2026-08-20,,
Q4712672,SEO26FF,Machining(General),Q_Machining(General),계획품,X,O,QHB24,1,1,1,25860000,71,0,1,국내,2026-08-25,FM Crop Shear,
Q4716626,SEO26FF,Machining(General),Q_Machining(General),계획품,X,X,QHB27,40,40,1,280000,37,0,1,국내,2026-08-20,,
Q4716627,SEO26FF,Machining(General),Q_Machining(General),계획품,X,X,QHB27,40,40,1,280000,37,0,1,국내,2026-08-20,,
QS414625,SEO26FF,QS_Thermal Spraying(General),Q_QS_Thermal Spraying(General),보험품,X,X,QHB24,9.72,33.305,1,667780.88,6.64,7.63,403,국내,2026-08-31,,
QS418165,SEO26FF,QS_Machining(Special),Q_QS_Machining(Special),보험품,X,X,QHB25,1,1,1,65000000,136.8,26.12,5,국내,2026-07-15,,
QS424543,SEO26FF,QS_Build Up(Special),Q_QS_Build Up(Special),보험품,O,X,QFC01,0,0,1,98500000,170.5,61.52,2,국내,2025-06-27,,1
QS429155,SEO26FF,QS_Thermal Spraying(Roller),Q_QS_Thermal Spraying(Roller),보험품,X,O,QHB24,1,3,1,14300000,108,12.53,3,국내,2026-08-04,Table Roller 기어박스,
