q,dept,verdict,path,why,si,sp,conf,cspScore,stockSrc
Q1000108,SEO26FF,배제-소모품,사전 배제,소모품 규칙 적용,,,HIGH,0,Dummy TSV
Q1000737,SEO26FF,계획품,시계열 점수,핵심 예비품 목록 일치 +20점; 불출발생월비율=0.025; 재고0비율=0.889,42.9,68.8,HIGH,20,Dummy TSV
Q1000745,SEO26FF,보험품,시계열 점수,핵심 예비품 목록 일치 +20점; 불출발생월비율=0.025; 재고0비율=0.067,85.7,31.2,HIGH,20,Dummy TSV
Q1000751,SEO26FF,보험품,시계열 점수,불출발생월비율=0.025; 재고0비율=0.000,57.1,31.2,HIGH,0,Dummy TSV
Q1000781,SEO26FF,보험품,시계열 점수,핵심 예비품 목록 일치 +20점; 불출발생월비율=0.017; 재고0비율=0.000,85.7,31.2,HIGH,20,Dummy TSV
Q1000971,SEO26FF,보험품,시계열 점수,핵심 예비품 목록 일치 +20점; 불출발생월비율=0.025; 재고0비율=0.000,85.7,31.2,HIGH,20,Dummy TSV
Q1002238,SEO26FF,계획품,시계열 점수,불출발생월비율=0.025; 재고0비율=0.579,14.3,62.5,HIGH,0,Dummy TSV
Q1002292,SEO26FF,계획품,시계열 점수,불출발생월비율=0.017; 재고0비율=0.842,14.3,68.8,HIGH,0,Dummy TSV
Q1004847,SEO26FF,계획품,시계열 점수,불출발생월비율=0.017; 재고0비율=0.611,14.3,68.8,HIGH,0,Dummy TSV
Q1005323,SEO26FF,계획품,시계열 점수,불출발생월비율=0.017; 재고0비율=0.722,14.3,68.8,HIGH,0,Dummy TSV
Q1007239,SEO26FF,보험품,시계열 점수,불출발생월비율=0.017; 재고0비율=0.062,57.1,31.2,HIGH,0,Dummy TSV
Q1010099,SEO26FF,계획품,시계열 점수,불출발생월비율=0.017; 재고0비율=0.733,14.3,68.8,HIGH,0,Dummy TSV
Q1010193,SEO26FF,배제-소모품,사전 배제,소모품 규칙 적용,,,HIGH,0,Dummy TSV
Q1010224,SEO26FF,보험품,시계열 점수,불출발생월비율=0.025; 재고0비율=0.056,57.1,31.2,HIGH,0,Dummy TSV
Q1010299,SEO26FF,회색지대,시계열 점수,VMI; 불출발생월비율=0.017; 재고0비율=0.062,57.1,62.5,LOW,0,Dummy TSV
Q1011982,SEO26FF,배제-소모품,사전 배제,소모품 규칙 적용,,,HIGH,0,Dummy TSV
Q1012773,SEO26FF,배제-소모품,사전 배제,소모품 규칙 적용,,,HIGH,0,Dummy TSV
Q1012781,SEO26FF,회색지대,시계열 점수,VMI; 불출발생월비율=0.017; 재고0비율=0.000,57.1,62.5,LOW,0,Dummy TSV
Q1015021,SEO26FF,보험품,시계열 점수,불출발생월비율=0.017; 재고0비율=0.071,57.1,31.2,HIGH,0,Dummy TSV
Q1018930,SEO26FF,배제-순환품,사전 배제,Roll 계열 Leaf Class 규칙 적용,,,HIGH,0,Dummy TSV
Q1019015,SEO26FF,배제-순환품,사전 배제,Roll 계열 Leaf Class 규칙 적용,,,HIGH,0,Dummy TSV
Q1019385,SEO26FF,배제-순환품,사전 배제,Roll 계열 Leaf Class 규칙 적용,,,HIGH,0,Dummy TSV
Q1019683,SEO26FF,배제-순환품,사전 배제,Roll 계열 Leaf Class 규칙 적용,,,HIGH,0,Dummy TSV
Q1019689,SEO26FF,배제-순환품,사전 배제,Roll 계열 Leaf Class 규칙 적용,,,HIGH,0,Dummy TSV
Q1019695,SEO26FF,배제-순환품,사전 배제,Roll 계열 Leaf Class 규칙 적용,,,HIGH,0,Dummy TSV
Q1019962,SEO26FF,배제-소모품,사전 배제,소모품 규칙 적용,,,HIGH,0,Dummy TSV
Q1020094,SEO26FF,배제-순환품,사전 배제,Roll 계열 Leaf Class 규칙 적용,,,HIGH,0,Dummy TSV
Q1020168,SEO26FF,배제-순환품,사전 배제,Roll 계열 Leaf Class 규칙 적용,,,HIGH,0,Dummy TSV
Q1020996,SEO26FF,배제-소모품,사전 배제,소모품 규칙 적용,,,HIGH,0,Dummy TSV
Q1021614,SEO26FF,계획품,시계열 점수,불출발생월비율=0.025; 재고0비율=0.667,42.9,68.8,HIGH,0,Dummy TSV
Q1021836,SEO26FF,계획품,시계열 점수,불출발생월비율=0.017; 재고0비율=0.857,14.3,68.8,HIGH,0,Dummy TSV
Q1021920,SEO26FF,계획품,시계열 점수,불출발생월비율=0.025; 재고0비율=0.850,14.3,68.8,HIGH,0,Dummy TSV
Q1021932,SEO26FF,계획품,시계열 점수,불출발생월비율=0.017; 재고0비율=0.867,14.3,68.8,HIGH,0,Dummy TSV
Q1023561,SEO26FF,보험품,시계열 점수,불출발생월비율=0.017; 재고0비율=0.000,57.1,31.2,HIGH,0,Dummy TSV
Q1023576,SEO26FF,보험품,시계열 점수,불출발생월비율=0.025; 재고0비율=0.000,57.1,31.2,HIGH,0,Dummy TSV
Q1024150,SEO26FF,보험품,시계열 점수,불출발생월비율=0.025; 재고0비율=0.000,57.1,31.2,HIGH,0,Dummy TSV
Q1024335,SEO26FF,계획품,시계열 점수,불출발생월비율=0.025; 재고0비율=0.875,14.3,68.8,HIGH,0,Dummy TSV
Q1024603,SEO26FF,보험품,시계열 점수,불출발생월비율=0.017; 재고0비율=0.000,57.1,31.2,HIGH,0,Dummy TSV
Q1024620,SEO26FF,보험품,시계열 점수,불출발생월비율=0.025; 재고0비율=0.000,57.1,31.2,HIGH,0,Dummy TSV
Q1029602,SEO26FF,계획품,시계열 점수,불출발생월비율=0.025; 재고0비율=0.737,14.3,68.8,HIGH,0,Dummy TSV
Q1029614,SEO26FF,계획품,시계열 점수,불출발생월비율=0.017; 재고0비율=0.700,14.3,68.8,HIGH,0,Dummy TSV
Q1029653,SEO26FF,보험품,시계열 점수,불출발생월비율=0.025; 재고0비율=0.000,57.1,31.2,HIGH,0,Dummy TSV
Q1029662,SEO26FF,보험품,시계열 점수,불출발생월비율=0.017; 재고0비율=0.056,57.1,31.2,HIGH,0,Dummy TSV
Q1029893,SEO26FF,배제-소모품,사전 배제,소모품 규칙 적용,,,HIGH,0,Dummy TSV
Q1030043,SEO26FF,보험품,시계열 점수,불출발생월비율=0.025; 재고0비율=0.000,57.1,31.2,HIGH,0,Dummy TSV
Q1030044,SEO26FF,배제-소모품,사전 배제,소모품 규칙 적용,,,HIGH,0,Dummy TSV
Q1030453,SEO26FF,계획품,시계열 점수,불출발생월비율=0.025; 재고0비율=0.714,42.9,68.8,HIGH,0,Dummy TSV
Q1031104,SEO26FF,계획품,시계열 점수,불출발생월비율=0.017; 재고0비율=0.833,42.9,68.8,HIGH,0,Dummy TSV
Q1031233,SEO26FF,보험품,시계열 점수,불출발생월비율=0.025; 재고0비율=0.000,57.1,31.2,HIGH,0,Dummy TSV
Q1031361,SEO26FF,배제-소모품,사전 배제,소모품 규칙 적용,,,HIGH,0,Dummy TSV
Q1031708,SEO26FF,배제-소모품,사전 배제,소모품 규칙 적용,,,HIGH,0,Dummy TSV
Q1032182,SEO26FF,보험품,시계열 점수,불출발생월비율=0.017; 재고0비율=0.100,57.1,31.2,HIGH,0,Dummy TSV
Q1032374,SEO26FF,보험품,시계열 점수,핵심 예비품 목록 일치 +20점; 불출발생월비율=0.025; 재고0비율=0.000,85.7,31.2,HIGH,20,Dummy TSV
Q1033612,SEO26FF,보험품,시계열 점수,불출발생월비율=0.017; 재고0비율=0.071,57.1,31.2,HIGH,0,Dummy TSV
Q1033796,SEO26FF,회색지대,시계열 점수,불출발생월비율=0.025; 재고0비율=0.133,57.1,43.8,LOW,0,Dummy TSV
Q1033995,SEO26FF,계획품,시계열 점수,불출발생월비율=0.017; 재고0비율=0.857,14.3,68.8,HIGH,0,Dummy TSV
Q1034231,SEO26FF,보험품,시계열 점수,불출발생월비율=0.025; 재고0비율=0.062,57.1,31.2,HIGH,0,Dummy TSV
Q1034310,SEO26FF,보험품,시계열 점수,불출발생월비율=0.025; 재고0비율=0.000,57.1,31.2,HIGH,0,Dummy TSV
Q1034397,SEO26FF,계획품,시계열 점수,불출발생월비율=0.025; 재고0비율=0.733,42.9,68.8,HIGH,0,Dummy TSV
Q1035525,SEO26FF,계획품,시계열 점수,불출발생월비율=0.017; 재고0비율=1.000,14.3,68.8,HIGH,0,Dummy TSV
Q1036694,SEO26FF,계획품,시계열 점수,불출발생월비율=0.017; 재고0비율=0.889,42.9,68.8,HIGH,0,Dummy TSV
Q1036702,SEO26FF,보험품,시계열 점수,불출발생월비율=0.017; 재고0비율=0.056,57.1,31.2,HIGH,0,Dummy TSV
Q1036822,SEO26FF,보험품,시계열 점수,불출발생월비율=0.025; 재고0비율=0.053,57.1,31.2,HIGH,0,Dummy TSV
Q1036844,SEO26FF,계획품,시계열 점수,불출발생월비율=0.017; 재고0비율=0.706,14.3,68.8,HIGH,0,Dummy TSV
Q1036971,SEO26FF,배제-소모품,사전 배제,소모품 규칙 적용,,,HIGH,0,Dummy TSV
Q1039075,SEO26FF,계획품,시계열 점수,불출발생월비율=0.025; 재고0비율=0.833,14.3,68.8,HIGH,0,Dummy TSV
Q1039284,SEO26FF,보험품,시계열 점수,핵심 예비품 목록 일치 +20점; 불출발생월비율=0.008; 재고0비율=0.000,85.7,31.2,HIGH,20,Dummy TSV
Q1039371,SEO26FF,보험품,시계열 점수,핵심 예비품 목록 일치 +20점; 불출발생월비율=0.017; 재고0비율=0.050,85.7,31.2,HIGH,20,Dummy TSV
Q1039945,SEO26FF,계획품,시계열 점수,불출발생월비율=0.025; 재고0비율=0.889,14.3,68.8,HIGH,0,Dummy TSV
Q1039948,SEO26FF,계획품,시계열 점수,불출발생월비율=0.025; 재고0비율=0.714,14.3,68.8,HIGH,0,Dummy TSV
Q1039950,SEO26FF,계획품,시계열 점수,불출발생월비율=0.017; 재고0비율=0.750,14.3,68.8,HIGH,0,Dummy TSV
Q1039951,SEO26FF,회색지대,시계열 점수,불출발생월비율=0.025; 재고0비율=0.118,57.1,43.8,LOW,0,Dummy TSV
Q1040012,SEO26FF,계획품,시계열 점수,핵심 예비품 목록 일치 +20점; 불출발생월비율=0.017; 재고0비율=0.571,42.9,62.5,MEDIUM,20,Dummy TSV
Q1040051,SEO26FF,보험품,시계열 점수,핵심 예비품 목록 일치 +20점; 불출발생월비율=0.017; 재고0비율=0.062,85.7,31.2,HIGH,20,Dummy TSV
Q1040053,SEO26FF,배제-소모품,사전 배제,소모품 규칙 적용,,,HIGH,0,Dummy TSV
Q1040054,SEO26FF,배제-소모품,사전 배제,소모품 규칙 적용,,,HIGH,0,Dummy TSV
Q1040058,SEO26FF,계획품,시계열 점수,VMI; 불출발생월비율=0.017; 재고0비율=0.941,14.3,100,HIGH,0,Dummy TSV
Q1040060,SEO26FF,보험품,시계열 점수,불출발생월비율=0.017; 재고0비율=0.067,57.1,31.2,HIGH,0,Dummy TSV
Q1040061,SEO26FF,회색지대,시계열 점수,불출발생월비율=0.017; 재고0비율=0.111,57.1,43.8,LOW,0,Dummy TSV
Q1040065,SEO26FF,배제-소모품,사전 배제,소모품 규칙 적용,,,HIGH,0,Dummy TSV
Q1040129,SEO26FF,보험품,시계열 점수,불출발생월비율=0.017; 재고0비율=0.000,57.1,31.2,HIGH,0,Dummy TSV
Q1040224,SEO26FF,계획품,시계열 점수,핵심 예비품 목록 일치 +20점; 불출발생월비율=0.017; 재고0비율=0.867,42.9,68.8,HIGH,20,Dummy TSV
Q1040225,SEO26FF,보험품,시계열 점수,핵심 예비품 목록 일치 +20점; 불출발생월비율=0.017; 재고0비율=0.053,85.7,31.2,HIGH,20,Dummy TSV
Q1040312,SEO26FF,배제-소모품,사전 배제,소모품 규칙 적용,,,HIGH,0,Dummy TSV
Q1040729,SEO26FF,계획품,시계열 점수,불출발생월비율=0.025; 재고0비율=0.778,14.3,68.8,HIGH,0,Dummy TSV
Q1041363,SEO26FF,보험품,시계열 점수,불출발생월비율=0.017; 재고0비율=0.062,57.1,31.2,HIGH,0,Dummy TSV
Q1041364,SEO26FF,보험품,시계열 점수,불출발생월비율=0.017; 재고0비율=0.053,57.1,31.2,HIGH,0,Dummy TSV
Q1041372,SEO26FF,보험품,시계열 점수,불출발생월비율=0.025; 재고0비율=0.000,57.1,31.2,HIGH,0,Dummy TSV
Q1042306,SEO26FF,보험품,시계열 점수,핵심 예비품 목록 일치 +20점; 불출발생월비율=0.017; 재고0비율=0.000,85.7,31.2,HIGH,20,Dummy TSV
Q1042338,SEO26FF,보험품,시계열 점수,불출발생월비율=0.025; 재고0비율=0.050,57.1,31.2,HIGH,0,Dummy TSV
Q1042383,SEO26FF,보험품,시계열 점수,불출발생월비율=0.017; 재고0비율=0.000,57.1,31.2,HIGH,0,Dummy TSV
Q1042421,SEO26FF,배제-소모품,사전 배제,소모품 규칙 적용,,,HIGH,0,Dummy TSV
Q1048997,SEO26FF,계획품,시계열 점수,핵심 예비품 목록 일치 +20점; 불출발생월비율=0.025; 재고0비율=0.800,42.9,68.8,HIGH,20,Dummy TSV
Q1049004,SEO26FF,배제-소모품,사전 배제,소모품 규칙 적용,,,HIGH,0,Dummy TSV
Q1051490,SEO26FF,계획품,시계열 점수,불출발생월비율=0.017; 재고0비율=0.867,14.3,68.8,HIGH,0,Dummy TSV
Q1052919,SEO26FF,보험품,시계열 점수,불출발생월비율=0.017; 재고0비율=0.000,57.1,31.2,HIGH,0,Dummy TSV
Q1052933,SEO26FF,보험품,시계열 점수,불출발생월비율=0.017; 재고0비율=0.000,57.1,31.2,HIGH,0,Dummy TSV
Q1053112,SEO26FF,계획품,시계열 점수,불출발생월비율=0.017; 재고0비율=0.667,14.3,68.8,HIGH,0,Dummy TSV
Q1053113,SEO26FF,보험품,시계열 점수,불출발생월비율=0.025; 재고0비율=0.000,57.1,31.2,HIGH,0,Dummy TSV
Q1053117,SEO26FF,계획품,시계열 점수,불출발생월비율=0.017; 재고0비율=0.750,14.3,68.8,HIGH,0,Dummy TSV
Q1053133,SEO26FF,계획품,시계열 점수,불출발생월비율=0.025; 재고0비율=0.750,42.9,68.8,HIGH,0,Dummy TSV
Q1053210,SEO26FF,보험품,시계열 점수,불출발생월비율=0.017; 재고0비율=0.062,57.1,31.2,HIGH,0,Dummy TSV
Q1053247,SEO26FF,보험품,시계열 점수,불출발생월비율=0.017; 재고0비율=0.000,57.1,31.2,HIGH,0,Dummy TSV
Q1053248,SEO26FF,계획품,시계열 점수,불출발생월비율=0.025; 재고0비율=0.889,14.3,68.8,HIGH,0,Dummy TSV
Q1053287,SEO26FF,보험품,시계열 점수,불출발생월비율=0.025; 재고0비율=0.000,57.1,31.2,HIGH,0,Dummy TSV
Q1053317,SEO26FF,배제-소모품,사전 배제,소모품 규칙 적용,,,HIGH,0,Dummy TSV
Q1053318,SEO26FF,계획품,시계열 점수,불출발생월비율=0.025; 재고0비율=0.737,14.3,68.8,HIGH,0,Dummy TSV
Q1053378,SEO26FF,배제-소모품,사전 배제,소모품 규칙 적용,,,HIGH,0,Dummy TSV
Q1053392,SEO26FF,계획품,시계열 점수,불출발생월비율=0.017; 재고0비율=0.850,14.3,68.8,HIGH,0,Dummy TSV
Q1053400,SEO26FF,계획품,시계열 점수,불출발생월비율=0.025; 재고0비율=0.786,42.9,68.8,HIGH,0,Dummy TSV
Q1053401,SEO26FF,계획품,시계열 점수,불출발생월비율=0.017; 재고0비율=0.750,14.3,68.8,HIGH,0,Dummy TSV
Q1053468,SEO26FF,배제-소모품,사전 배제,소모품 규칙 적용,,,HIGH,0,Dummy TSV
Q1053581,SEO26FF,보험품,시계열 점수,불출발생월비율=0.025; 재고0비율=0.062,57.1,31.2,HIGH,0,Dummy TSV
Q1053588,SEO26FF,보험품,시계열 점수,불출발생월비율=0.017; 재고0비율=0.000,57.1,31.2,HIGH,0,Dummy TSV
Q1053590,SEO26FF,보험품,시계열 점수,불출발생월비율=0.017; 재고0비율=0.000,57.1,31.2,HIGH,0,Dummy TSV
Q1071793,SEO26FF,보험품,시계열 점수,핵심 예비품 목록 일치 +20점; 불출발생월비율=0.025; 재고0비율=0.059,85.7,31.2,HIGH,20,Dummy TSV
Q1072616,SEO26FF,계획품,시계열 점수,불출발생월비율=0.017; 재고0비율=0.750,14.3,68.8,HIGH,0,Dummy TSV
Q1072668,SEO26FF,보험품,시계열 점수,불출발생월비율=0.025; 재고0비율=0.059,57.1,31.2,HIGH,0,Dummy TSV
Q1072820,SEO26FF,배제-소모품,사전 배제,소모품 규칙 적용,,,HIGH,0,Dummy TSV
Q1072821,SEO26FF,보험품,시계열 점수,불출발생월비율=0.025; 재고0비율=0.071,57.1,31.2,HIGH,0,Dummy TSV
Q1072836,SEO26FF,계획품,시계열 점수,불출발생월비율=0.017; 재고0비율=0.895,42.9,68.8,HIGH,0,Dummy TSV
Q1072889,SEO26FF,배제-소모품,사전 배제,소모품 규칙 적용,,,HIGH,0,Dummy TSV
Q1072924,SEO26FF,배제-소모품,사전 배제,소모품 규칙 적용,,,HIGH,0,Dummy TSV
Q1072926,SEO26FF,계획품,시계열 점수,불출발생월비율=0.025; 재고0비율=0.789,14.3,68.8,HIGH,0,Dummy TSV
Q1072928,SEO26FF,배제-소모품,사전 배제,소모품 규칙 적용,,,HIGH,0,Dummy TSV
Q1072930,SEO26FF,계획품,시계열 점수,불출발생월비율=0.025; 재고0비율=0.786,42.9,68.8,HIGH,0,Dummy TSV
Q1072961,SEO26FF,보험품,시계열 점수,불출발생월비율=0.017; 재고0비율=0.000,57.1,31.2,HIGH,0,Dummy TSV
Q1072973,SEO26FF,보험품,시계열 점수,불출발생월비율=0.025; 재고0비율=0.000,57.1,31.2,HIGH,0,Dummy TSV
Q1072995,SEO26FF,계획품,시계열 점수,불출발생월비율=0.025; 재고0비율=0.857,14.3,68.8,HIGH,0,Dummy TSV
Q1073040,SEO26FF,계획품,시계열 점수,불출발생월비율=0.025; 재고0비율=0.850,14.3,68.8,HIGH,0,Dummy TSV
Q1073119,SEO26FF,배제-순환품,사전 배제,Roll 계열 Leaf Class 규칙 적용,,,HIGH,0,Dummy TSV
Q1073183,SEO26FF,보험품,시계열 점수,불출발생월비율=0.017; 재고0비율=0.000,57.1,31.2,HIGH,0,Dummy TSV
Q1073184,SEO26FF,보험품,시계열 점수,불출발생월비율=0.025; 재고0비율=0.053,57.1,31.2,HIGH,0,Dummy TSV
Q1073185,SEO26FF,보험품,시계열 점수,핵심 예비품 목록 일치 +20점; 불출발생월비율=0.017; 재고0비율=0.071,85.7,31.2,HIGH,20,Dummy TSV
Q1073210,SEO26FF,계획품,시계열 점수,VMI; 불출발생월비율=0.017; 재고0비율=0.588,42.9,93.8,HIGH,0,Dummy TSV
Q1073215,SEO26FF,계획품,시계열 점수,불출발생월비율=0.025; 재고0비율=0.824,14.3,68.8,HIGH,0,Dummy TSV
Q1073256,SEO26FF,보험품,시계열 점수,불출발생월비율=0.025; 재고0비율=0.000,57.1,31.2,HIGH,0,Dummy TSV
Q1073310,SEO26FF,계획품,시계열 점수,불출발생월비율=0.025; 재고0비율=0.714,14.3,68.8,HIGH,0,Dummy TSV
Q1073416,SEO26FF,보험품,시계열 점수,핵심 예비품 목록 일치 +20점; 불출발생월비율=0.017; 재고0비율=0.100,85.7,31.2,HIGH,20,Dummy TSV
Q1073449,SEO26FF,계획품,시계열 점수,불출발생월비율=0.017; 재고0비율=1.000,14.3,68.8,HIGH,0,Dummy TSV
Q1073453,SEO26FF,보험품,시계열 점수,핵심 예비품 목록 일치 +20점; 불출발생월비율=0.025; 재고0비율=0.000,85.7,31.2,HIGH,20,Dummy TSV
Q1073553,SEO26FF,계획품,시계열 점수,불출발생월비율=0.017; 재고0비율=0.800,14.3,68.8,HIGH,0,Dummy TSV
Q1073590,SEO26FF,보험품,시계열 점수,불출발생월비율=0.025; 재고0비율=0.053,57.1,31.2,HIGH,0,Dummy TSV
Q1073594,SEO26FF,계획품,시계열 점수,불출발생월비율=0.017; 재고0비율=0.688,14.3,68.8,HIGH,0,Dummy TSV
Q1073859,SEO26FF,배제-소모품,사전 배제,소모품 규칙 적용,,,HIGH,0,Dummy TSV
Q1073865,SEO26FF,배제-소모품,사전 배제,소모품 규칙 적용,,,HIGH,0,Dummy TSV
Q1073866,SEO26FF,계획품,시계열 점수,불출발생월비율=0.017; 재고0비율=1.000,14.3,68.8,HIGH,0,Dummy TSV
Q1073870,SEO26FF,계획품,시계열 점수,불출발생월비율=0.017; 재고0비율=0.875,14.3,68.8,HIGH,0,Dummy TSV
Q1074634,SEO26FF,보험품,시계열 점수,핵심 예비품 목록 일치 +20점; 불출발생월비율=0.025; 재고0비율=0.111,85.7,43.8,HIGH,20,Dummy TSV
Q1074772,SEO26FF,보험품,시계열 점수,핵심 예비품 목록 일치 +20점; 불출발생월비율=0.017; 재고0비율=0.000,85.7,31.2,HIGH,20,Dummy TSV
Q1076627,SEO26FF,배제-소모품,사전 배제,소모품 규칙 적용,,,HIGH,0,Dummy TSV
Q1076630,SEO26FF,보험품,시계열 점수,불출발생월비율=0.025; 재고0비율=0.059,57.1,31.2,HIGH,0,Dummy TSV
Q1077285,SEO26FF,계획품,시계열 점수,불출발생월비율=0.017; 재고0비율=0.867,14.3,68.8,HIGH,0,Dummy TSV
Q1077340,SEO26FF,계획품,시계열 점수,불출발생월비율=0.025; 재고0비율=0.833,14.3,68.8,HIGH,0,Dummy TSV
Q1077367,SEO26FF,계획품,시계열 점수,불출발생월비율=0.025; 재고0비율=0.900,42.9,68.8,HIGH,0,Dummy TSV
Q1077400,SEO26FF,계획품,시계열 점수,불출발생월비율=0.025; 재고0비율=0.842,14.3,68.8,HIGH,0,Dummy TSV
Q1077476,SEO26FF,계획품,시계열 점수,불출발생월비율=0.025; 재고0비율=0.688,14.3,68.8,HIGH,0,Dummy TSV
Q1077486,SEO26FF,계획품,시계열 점수,불출발생월비율=0.025; 재고0비율=0.889,14.3,68.8,HIGH,0,Dummy TSV
Q1077487,SEO26FF,보험품,시계열 점수,불출발생월비율=0.025; 재고0비율=0.062,57.1,31.2,HIGH,0,Dummy TSV
Q1077622,SEO26FF,배제-소모품,사전 배제,소모품 규칙 적용,,,HIGH,0,Dummy TSV
Q1077624,SEO26FF,배제-소모품,사전 배제,소모품 규칙 적용,,,HIGH,0,Dummy TSV
Q1077646,SEO26FF,계획품,시계열 점수,불출발생월비율=0.017; 재고0비율=0.800,14.3,68.8,HIGH,0,Dummy TSV
Q1077670,SEO26FF,보험품,시계열 점수,불출발생월비율=0.017; 재고0비율=0.000,57.1,31.2,HIGH,0,Dummy TSV
Q1077676,SEO26FF,계획품,시계열 점수,VMI; 불출발생월비율=0.025; 재고0비율=0.750,14.3,100,HIGH,0,Dummy TSV
Q1077684,SEO26FF,보험품,시계열 점수,불출발생월비율=0.017; 재고0비율=0.059,57.1,31.2,HIGH,0,Dummy TSV
Q1077685,SEO26FF,계획품,시계열 점수,불출발생월비율=0.017; 재고0비율=0.778,14.3,68.8,HIGH,0,Dummy TSV
Q1077724,SEO26FF,보험품,시계열 점수,불출발생월비율=0.017; 재고0비율=0.071,57.1,31.2,HIGH,0,Dummy TSV
Q1077747,SEO26FF,계획품,시계열 점수,불출발생월비율=0.017; 재고0비율=0.632,14.3,68.8,HIGH,0,Dummy TSV
Q1077761,SEO26FF,보험품,시계열 점수,불출발생월비율=0.017; 재고0비율=0.067,57.1,31.2,HIGH,0,Dummy TSV
Q1077763,SEO26FF,계획품,시계열 점수,불출발생월비율=0.017; 재고0비율=0.929,14.3,68.8,HIGH,0,Dummy TSV
Q1077776,SEO26FF,보험품,시계열 점수,불출발생월비율=0.017; 재고0비율=0.000,57.1,31.2,HIGH,0,Dummy TSV
Q1077777,SEO26FF,보험품,시계열 점수,불출발생월비율=0.025; 재고0비율=0.000,57.1,31.2,HIGH,0,Dummy TSV
Q1077786,SEO26FF,계획품,시계열 점수,불출발생월비율=0.017; 재고0비율=0.824,14.3,68.8,HIGH,0,Dummy TSV
Q1077922,SEO26FF,배제-소모품,사전 배제,소모품 규칙 적용,,,HIGH,0,Dummy TSV
Q1077925,SEO26FF,계획품,시계열 점수,불출발생월비율=0.017; 재고0비율=0.706,14.3,68.8,HIGH,0,Dummy TSV
Q1077941,SEO26FF,보험품,시계열 점수,불출발생월비율=0.017; 재고0비율=0.000,57.1,31.2,HIGH,0,Dummy TSV
Q1078004,SEO26FF,배제-소모품,사전 배제,소모품 규칙 적용,,,HIGH,0,Dummy TSV
Q1078005,SEO26FF,보험품,시계열 점수,불출발생월비율=0.017; 재고0비율=0.053,57.1,31.2,HIGH,0,Dummy TSV
Q1078241,SEO26FF,보험품,시계열 점수,불출발생월비율=0.017; 재고0비율=0.056,57.1,31.2,HIGH,0,Dummy TSV
Q1078244,SEO26FF,계획품,시계열 점수,불출발생월비율=0.017; 재고0비율=0.833,14.3,68.8,HIGH,0,Dummy TSV
Q1078248,SEO26FF,회색지대,시계열 점수,불출발생월비율=0.017; 재고0비율=0.143,57.1,43.8,LOW,0,Dummy TSV
Q1078249,SEO26FF,계획품,시계열 점수,불출발생월비율=0.017; 재고0비율=0.800,42.9,68.8,HIGH,0,Dummy TSV
Q1078283,SEO26FF,보험품,시계열 점수,핵심 예비품 목록 일치 +20점; 불출발생월비율=0.025; 재고0비율=0.053,85.7,31.2,HIGH,20,Dummy TSV
Q1080083,SEO26FF,계획품,시계열 점수,불출발생월비율=0.017; 재고0비율=0.684,14.3,68.8,HIGH,0,Dummy TSV
Q1080084,SEO26FF,계획품,시계열 점수,불출발생월비율=0.025; 재고0비율=0.812,14.3,68.8,HIGH,0,Dummy TSV
Q1080117,SEO26FF,계획품,시계열 점수,불출발생월비율=0.017; 재고0비율=0.800,14.3,68.8,HIGH,0,Dummy TSV
Q1080496,SEO26FF,배제-순환품,사전 배제,Roll 계열 Leaf Class 규칙 적용,,,HIGH,0,Dummy TSV
Q1080541,SEO26FF,보험품,시계열 점수,불출발생월비율=0.025; 재고0비율=0.000,57.1,31.2,HIGH,0,Dummy TSV
Q1080794,SEO26FF,보험품,시계열 점수,불출발생월비율=0.025; 재고0비율=0.000,57.1,31.2,HIGH,0,Dummy TSV
Q1080969,SEO26FF,계획품,시계열 점수,불출발생월비율=0.017; 재고0비율=0.950,42.9,68.8,HIGH,0,Dummy TSV
Q1080970,SEO26FF,보험품,시계열 점수,불출발생월비율=0.017; 재고0비율=0.000,57.1,31.2,HIGH,0,Dummy TSV
Q1113604,SEO26FF,보험품,시계열 점수,불출발생월비율=0.025; 재고0비율=0.000,57.1,31.2,HIGH,0,Dummy TSV
Q1117822,SEO26FF,보험품,시계열 점수,불출발생월비율=0.025; 재고0비율=0.000,57.1,31.2,HIGH,0,Dummy TSV
Q1119268,SEO26FF,계획품,시계열 점수,VMI; 불출발생월비율=0.017; 재고0비율=0.789,14.3,100,HIGH,0,Dummy TSV
Q1119452,SEO26FF,보험품,시계열 점수,불출발생월비율=0.017; 재고0비율=0.000,57.1,31.2,HIGH,0,Dummy TSV
Q1119526,SEO26FF,보험품,시계열 점수,불출발생월비율=0.017; 재고0비율=0.053,57.1,31.2,HIGH,0,Dummy TSV
Q1119649,SEO26FF,보험품,시계열 점수,불출발생월비율=0.025; 재고0비율=0.056,57.1,31.2,HIGH,0,Dummy TSV
Q1119795,SEO26FF,보험품,시계열 점수,불출발생월비율=0.017; 재고0비율=0.000,57.1,31.2,HIGH,0,Dummy TSV
Q1120753,SEO26FF,배제-소모품,사전 배제,소모품 규칙 적용,,,HIGH,0,Dummy TSV
Q1121188,SEO26FF,보험품,시계열 점수,불출발생월비율=0.017; 재고0비율=0.000,57.1,31.2,HIGH,0,Dummy TSV
Q1121309,SEO26FF,계획품,시계열 점수,불출발생월비율=0.025; 재고0비율=0.688,42.9,68.8,HIGH,0,Dummy TSV
Q1122097,SEO26FF,보험품,시계열 점수,불출발생월비율=0.025; 재고0비율=0.000,57.1,31.2,HIGH,0,Dummy TSV
Q1137969,SEO26FF,회색지대,시계열 점수,핵심 예비품 목록 일치 +20점; 불출발생월비율=0.017; 재고0비율=0.667,71.4,68.8,LOW,20,Dummy TSV
Q1201276,SEO26FF,계획품,시계열 점수,불출발생월비율=0.017; 재고0비율=1.000,14.3,68.8,HIGH,0,Dummy TSV
Q1201564,SEO26FF,회색지대,시계열 점수,불출발생월비율=0.017; 재고0비율=0.150,57.1,43.8,LOW,0,Dummy TSV
Q1204795,SEO26FF,보험품,시계열 점수,불출발생월비율=0.017; 재고0비율=0.000,57.1,31.2,HIGH,0,Dummy TSV
Q1204949,SEO26FF,배제-소모품,사전 배제,소모품 규칙 적용,,,HIGH,0,Dummy TSV
Q1218357,SEO26FF,보험품,시계열 점수,핵심 예비품 목록 일치 +20점; 불출발생월비율=0.017; 재고0비율=0.050,85.7,31.2,HIGH,20,Dummy TSV
Q1218391,SEO26FF,보험품,시계열 점수,핵심 예비품 목록 일치 +20점; 불출발생월비율=0.017; 재고0비율=0.000,85.7,31.2,HIGH,20,Dummy TSV
Q1218393,SEO26FF,보험품,시계열 점수,핵심 예비품 목록 일치 +20점; 불출발생월비율=0.017; 재고0비율=0.000,85.7,31.2,HIGH,20,Dummy TSV
Q1219164,SEO26FF,배제-소모품,사전 배제,소모품 규칙 적용,,,HIGH,0,Dummy TSV
Q1260654,SEO26FF,보험품,시계열 점수,핵심 예비품 목록 일치 +20점; 불출발생월비율=0.025; 재고0비율=0.056,85.7,31.2,HIGH,20,Dummy TSV
Q1269776,SEO26FF,보험품,Spare Part 확정,Spare Part 계열 규칙 적용,,,HIGH,0,Dummy TSV
Q1292612,SEO26FF,보험품,시계열 점수,핵심 예비품 목록 일치 +20점; 불출발생월비율=0.025; 재고0비율=0.053,85.7,31.2,HIGH,20,Dummy TSV
Q1293261,SEO26FF,회색지대,시계열 점수,불출발생월비율=0.025; 재고0비율=0.150,57.1,43.8,LOW,0,Dummy TSV
Q1297201,SEO26FF,계획품,시계열 점수,불출발생월비율=0.017; 재고0비율=0.737,14.3,68.8,HIGH,0,Dummy TSV
Q1297240,SEO26FF,배제-순환품,사전 배제,Roll 계열 Leaf Class 규칙 적용,,,HIGH,0,Dummy TSV
Q1305036,SEO26FF,보험품,시계열 점수,불출발생월비율=0.017; 재고0비율=0.067,57.1,31.2,HIGH,0,Dummy TSV
Q1308654,SEO26FF,계획품,시계열 점수,불출발생월비율=0.017; 재고0비율=0.900,14.3,68.8,HIGH,0,Dummy TSV
Q1314441,SEO26FF,계획품,시계열 점수,핵심 예비품 목록 일치 +20점; 불출발생월비율=0.017; 재고0비율=0.786,42.9,68.8,HIGH,20,Dummy TSV
Q1316039,SEO26FF,배제-소모품,사전 배제,소모품 규칙 적용,,,HIGH,0,Dummy TSV
Q2008527,SEO26FF,계획품,시계열 점수,불출발생월비율=0.017; 재고0비율=0.857,42.9,68.8,HIGH,0,Dummy TSV
Q2010934,SEO26FF,계획품,시계열 점수,핵심 예비품 목록 일치 +20점; 불출발생월비율=0.017; 재고0비율=0.714,42.9,68.8,HIGH,20,Dummy TSV
Q2011794,SEO26FF,계획품,시계열 점수,불출발생월비율=0.017; 재고0비율=0.600,14.3,62.5,HIGH,0,Dummy TSV
Q2011846,SEO26FF,보험품,시계열 점수,불출발생월비율=0.025; 재고0비율=0.000,57.1,31.2,HIGH,0,Dummy TSV
Q2013987,SEO26FF,보험품,시계열 점수,불출발생월비율=0.017; 재고0비율=0.000,57.1,31.2,HIGH,0,Dummy TSV
Q2015221,SEO26FF,배제-순환품,사전 배제,Roll 계열 Leaf Class 규칙 적용,,,HIGH,0,Dummy TSV
Q2018730,SEO26FF,보험품,시계열 점수,불출발생월비율=0.017; 재고0비율=0.000,57.1,31.2,HIGH,0,Dummy TSV
Q2019637,SEO26FF,보험품,시계열 점수,불출발생월비율=0.017; 재고0비율=0.000,57.1,31.2,HIGH,0,Dummy TSV
Q2024559,SEO26FF,보험품,시계열 점수,핵심 예비품 목록 일치 +20점; 불출발생월비율=0.017; 재고0비율=0.071,85.7,31.2,HIGH,20,Dummy TSV
Q2024605,SEO26FF,보험품,시계열 점수,불출발생월비율=0.025; 재고0비율=0.000,57.1,31.2,HIGH,0,Dummy TSV
Q2026952,SEO26FF,보험품,시계열 점수,불출발생월비율=0.025; 재고0비율=0.000,57.1,31.2,HIGH,0,Dummy TSV
Q2028061,SEO26FF,계획품,시계열 점수,핵심 예비품 목록 일치 +20점; 불출발생월비율=0.017; 재고0비율=0.600,42.9,62.5,MEDIUM,20,Dummy TSV
Q2028134,SEO26FF,배제-순환품,사전 배제,Roll 계열 Leaf Class 규칙 적용,,,HIGH,0,Dummy TSV
Q2028329,SEO26FF,계획품,시계열 점수,불출발생월비율=0.017; 재고0비율=0.882,42.9,68.8,HIGH,0,Dummy TSV
Q2032488,SEO26FF,보험품,시계열 점수,불출발생월비율=0.017; 재고0비율=0.000,57.1,31.2,HIGH,0,Dummy TSV
Q2032490,SEO26FF,계획품,시계열 점수,불출발생월비율=0.017; 재고0비율=0.944,42.9,68.8,HIGH,0,Dummy TSV
Q2032491,SEO26FF,계획품,시계열 점수,불출발생월비율=0.017; 재고0비율=0.900,14.3,68.8,HIGH,0,Dummy TSV
Q2038307,SEO26FF,보험품,시계열 점수,불출발생월비율=0.025; 재고0비율=0.000,57.1,31.2,HIGH,0,Dummy TSV
Q2039356,SEO26FF,계획품,시계열 점수,VMI; 불출발생월비율=0.017; 재고0비율=0.824,14.3,100,HIGH,0,Dummy TSV
Q2040220,SEO26FF,배제-소모품,사전 배제,소모품 규칙 적용,,,HIGH,0,Dummy TSV
Q2042214,SEO26FF,계획품,시계열 점수,불출발생월비율=0.025; 재고0비율=0.929,14.3,68.8,HIGH,0,Dummy TSV
Q2045742,SEO26FF,보험품,시계열 점수,핵심 예비품 목록 일치 +20점; 불출발생월비율=0.025; 재고0비율=0.000,85.7,31.2,HIGH,20,Dummy TSV
Q2052411,SEO26FF,계획품,시계열 점수,불출발생월비율=0.017; 재고0비율=0.650,14.3,68.8,HIGH,0,Dummy TSV
Q2054201,SEO26FF,배제-소모품,사전 배제,소모품 규칙 적용,,,HIGH,0,Dummy TSV
Q2054727,SEO26FF,배제-소모품,사전 배제,소모품 규칙 적용,,,HIGH,0,Dummy TSV
Q2055671,SEO26FF,보험품,시계열 점수,불출발생월비율=0.017; 재고0비율=0.000,57.1,31.2,HIGH,0,Dummy TSV
Q2055672,SEO26FF,배제-소모품,사전 배제,소모품 규칙 적용,,,HIGH,0,Dummy TSV
Q2055698,SEO26FF,보험품,시계열 점수,불출발생월비율=0.017; 재고0비율=0.067,57.1,31.2,HIGH,0,Dummy TSV
Q2056110,SEO26FF,보험품,시계열 점수,불출발생월비율=0.017; 재고0비율=0.000,57.1,31.2,HIGH,0,Dummy TSV
Q2059079,SEO26FF,회색지대,시계열 점수,불출발생월비율=0.017; 재고0비율=0.125,57.1,43.8,LOW,0,Dummy TSV
Q2059080,SEO26FF,보험품,시계열 점수,불출발생월비율=0.025; 재고0비율=0.071,57.1,31.2,HIGH,0,Dummy TSV
Q2059081,SEO26FF,계획품,시계열 점수,불출발생월비율=0.017; 재고0비율=0.765,14.3,68.8,HIGH,0,Dummy TSV
Q2059082,SEO26FF,보험품,시계열 점수,불출발생월비율=0.017; 재고0비율=0.071,57.1,31.2,HIGH,0,Dummy TSV
Q2059083,SEO26FF,계획품,시계열 점수,불출발생월비율=0.025; 재고0비율=0.812,42.9,68.8,HIGH,0,Dummy TSV
Q2059088,SEO26FF,보험품,시계열 점수,불출발생월비율=0.025; 재고0비율=0.000,57.1,31.2,HIGH,0,Dummy TSV
Q2060148,SEO26FF,계획품,시계열 점수,불출발생월비율=0.025; 재고0비율=0.800,14.3,68.8,HIGH,0,Dummy TSV
Q2060154,SEO26FF,계획품,시계열 점수,불출발생월비율=0.017; 재고0비율=0.882,14.3,68.8,HIGH,0,Dummy TSV
Q2060222,SEO26FF,보험품,시계열 점수,불출발생월비율=0.025; 재고0비율=0.071,57.1,31.2,HIGH,0,Dummy TSV
Q2060332,SEO26FF,배제-소모품,사전 배제,소모품 규칙 적용,,,HIGH,0,Dummy TSV
Q2060337,SEO26FF,계획품,시계열 점수,불출발생월비율=0.017; 재고0비율=0.750,14.3,68.8,HIGH,0,Dummy TSV
Q2060460,SEO26FF,보험품,시계열 점수,불출발생월비율=0.025; 재고0비율=0.000,57.1,31.2,HIGH,0,Dummy TSV
Q2060462,SEO26FF,계획품,시계열 점수,핵심 예비품 목록 일치 +20점; 불출발생월비율=0.017; 재고0비율=0.867,42.9,68.8,HIGH,20,Dummy TSV
Q2060463,SEO26FF,계획품,시계열 점수,불출발생월비율=0.025; 재고0비율=0.882,14.3,68.8,HIGH,0,Dummy TSV
Q2060465,SEO26FF,보험품,시계열 점수,불출발생월비율=0.017; 재고0비율=0.000,57.1,31.2,HIGH,0,Dummy TSV
Q2060474,SEO26FF,보험품,시계열 점수,불출발생월비율=0.025; 재고0비율=0.000,57.1,31.2,HIGH,0,Dummy TSV
Q2062201,SEO26FF,보험품,시계열 점수,핵심 예비품 목록 일치 +20점; 불출발생월비율=0.017; 재고0비율=0.050,85.7,31.2,HIGH,20,Dummy TSV
Q2064661,SEO26FF,배제-소모품,사전 배제,소모품 규칙 적용,,,HIGH,0,Dummy TSV
Q2064662,SEO26FF,회색지대,시계열 점수,불출발생월비율=0.025; 재고0비율=0.111,57.1,43.8,LOW,0,Dummy TSV
Q2065292,SEO26FF,배제-소모품,사전 배제,소모품 규칙 적용,,,HIGH,0,Dummy TSV
Q2066145,SEO26FF,보험품,시계열 점수,불출발생월비율=0.025; 재고0비율=0.000,57.1,31.2,HIGH,0,Dummy TSV
Q2068400,SEO26FF,계획품,시계열 점수,VMI; 불출발생월비율=0.025; 재고0비율=0.786,14.3,100,HIGH,0,Dummy TSV
Q2070790,SEO26FF,보험품,시계열 점수,핵심 예비품 목록 일치 +20점; 불출발생월비율=0.025; 재고0비율=0.125,85.7,43.8,HIGH,20,Dummy TSV
Q2070791,SEO26FF,보험품,시계열 점수,핵심 예비품 목록 일치 +20점; 불출발생월비율=0.017; 재고0비율=0.000,85.7,31.2,HIGH,20,Dummy TSV
Q2070796,SEO26FF,회색지대,시계열 점수,핵심 예비품 목록 일치 +20점; 불출발생월비율=0.017; 재고0비율=0.643,71.4,68.8,LOW,20,Dummy TSV
Q2070797,SEO26FF,보험품,시계열 점수,핵심 예비품 목록 일치 +20점; 불출발생월비율=0.025; 재고0비율=0.062,85.7,31.2,HIGH,20,Dummy TSV
Q2070800,SEO26FF,보험품,시계열 점수,핵심 예비품 목록 일치 +20점; 불출발생월비율=0.025; 재고0비율=0.133,85.7,43.8,HIGH,20,Dummy TSV
Q2070801,SEO26FF,배제-소모품,사전 배제,소모품 규칙 적용,,,HIGH,0,Dummy TSV
Q2074351,SEO26FF,보험품,시계열 점수,불출발생월비율=0.025; 재고0비율=0.000,57.1,31.2,HIGH,0,Dummy TSV
Q2074769,SEO26FF,보험품,시계열 점수,핵심 예비품 목록 일치 +20점; 불출발생월비율=0.017; 재고0비율=0.053,85.7,31.2,HIGH,20,Dummy TSV
Q2076004,SEO26FF,계획품,시계열 점수,불출발생월비율=0.017; 재고0비율=0.889,14.3,68.8,HIGH,0,Dummy TSV
Q2076458,SEO26FF,보험품,시계열 점수,불출발생월비율=0.025; 재고0비율=0.000,57.1,31.2,HIGH,0,Dummy TSV
Q2076463,SEO26FF,보험품,시계열 점수,불출발생월비율=0.017; 재고0비율=0.000,57.1,31.2,HIGH,0,Dummy TSV
Q2079650,SEO26FF,계획품,시계열 점수,불출발생월비율=0.025; 재고0비율=0.941,14.3,68.8,HIGH,0,Dummy TSV
Q2079652,SEO26FF,계획품,시계열 점수,불출발생월비율=0.017; 재고0비율=0.786,14.3,68.8,HIGH,0,Dummy TSV
Q2079654,SEO26FF,계획품,시계열 점수,불출발생월비율=0.017; 재고0비율=0.632,14.3,68.8,HIGH,0,Dummy TSV
Q2079803,SEO26FF,보험품,시계열 점수,불출발생월비율=0.025; 재고0비율=0.000,57.1,31.2,HIGH,0,Dummy TSV
Q2082726,SEO26FF,배제-소모품,사전 배제,소모품 규칙 적용,,,HIGH,0,Dummy TSV
Q2082954,SEO26FF,계획품,시계열 점수,불출발생월비율=0.017; 재고0비율=0.800,14.3,68.8,HIGH,0,Dummy TSV
Q2084886,SEO26FF,계획품,시계열 점수,불출발생월비율=0.017; 재고0비율=0.800,42.9,68.8,HIGH,0,Dummy TSV
Q2086017,SEO26FF,회색지대,시계열 점수,불출발생월비율=0.025; 재고0비율=0.176,57.1,43.8,LOW,0,Dummy TSV
Q2086434,SEO26FF,보험품,시계열 점수,불출발생월비율=0.017; 재고0비율=0.067,57.1,31.2,HIGH,0,Dummy TSV
Q2086435,SEO26FF,보험품,시계열 점수,불출발생월비율=0.008; 재고0비율=0.000,57.1,31.2,HIGH,0,Dummy TSV
Q2086682,SEO26FF,배제-소모품,사전 배제,소모품 규칙 적용,,,HIGH,0,Dummy TSV
Q2087261,SEO26FF,보험품,시계열 점수,불출발생월비율=0.017; 재고0비율=0.050,57.1,31.2,HIGH,0,Dummy TSV
Q2087833,SEO26FF,배제-소모품,사전 배제,소모품 규칙 적용,,,HIGH,0,Dummy TSV
Q2088228,SEO26FF,보험품,시계열 점수,핵심 예비품 목록 일치 +20점; 불출발생월비율=0.017; 재고0비율=0.050,85.7,31.2,HIGH,20,Dummy TSV
Q2091278,SEO26FF,보험품,시계열 점수,핵심 예비품 목록 일치 +20점; 불출발생월비율=0.025; 재고0비율=0.000,85.7,31.2,HIGH,20,Dummy TSV
Q2091279,SEO26FF,계획품,시계열 점수,핵심 예비품 목록 일치 +20점; 불출발생월비율=0.025; 재고0비율=0.933,42.9,68.8,HIGH,20,Dummy TSV
Q2094313,SEO26FF,보험품,시계열 점수,불출발생월비율=0.017; 재고0비율=0.056,57.1,31.2,HIGH,0,Dummy TSV
Q2094703,SEO26FF,보험품,시계열 점수,핵심 예비품 목록 일치 +20점; 불출발생월비율=0.025; 재고0비율=0.000,85.7,31.2,HIGH,20,Dummy TSV
Q2095005,SEO26FF,보험품,시계열 점수,불출발생월비율=0.025; 재고0비율=0.000,57.1,31.2,HIGH,0,Dummy TSV
Q2095006,SEO26FF,계획품,시계열 점수,불출발생월비율=0.017; 재고0비율=0.750,14.3,68.8,HIGH,0,Dummy TSV
Q2095020,SEO26FF,계획품,시계열 점수,VMI; 불출발생월비율=0.017; 재고0비율=1.000,14.3,100,HIGH,0,Dummy TSV
Q2095032,SEO26FF,계획품,시계열 점수,불출발생월비율=0.025; 재고0비율=0.857,42.9,68.8,HIGH,0,Dummy TSV
Q2095281,SEO26FF,계획품,시계열 점수,불출발생월비율=0.025; 재고0비율=0.786,42.9,68.8,HIGH,0,Dummy TSV
Q2095868,SEO26FF,계획품,시계열 점수,불출발생월비율=0.017; 재고0비율=0.882,14.3,68.8,HIGH,0,Dummy TSV
Q2096490,SEO26FF,보험품,시계열 점수,불출발생월비율=0.025; 재고0비율=0.053,57.1,31.2,HIGH,0,Dummy TSV
Q2097306,SEO26FF,배제-소모품,사전 배제,소모품 규칙 적용,,,HIGH,0,Dummy TSV
Q2097711,SEO26FF,보험품,시계열 점수,불출발생월비율=0.025; 재고0비율=0.000,57.1,31.2,HIGH,0,Dummy TSV
Q2097972,SEO26FF,계획품,시계열 점수,불출발생월비율=0.017; 재고0비율=0.812,14.3,68.8,HIGH,0,Dummy TSV
Q2098351,SEO26FF,계획품,시계열 점수,불출발생월비율=0.017; 재고0비율=0.688,42.9,68.8,HIGH,0,Dummy TSV
Q2098353,SEO26FF,계획품,시계열 점수,불출발생월비율=0.017; 재고0비율=0.824,14.3,68.8,HIGH,0,Dummy TSV
Q2098900,SEO26FF,계획품,시계열 점수,불출발생월비율=0.017; 재고0비율=0.765,14.3,68.8,HIGH,0,Dummy TSV
Q2100582,SEO26FF,배제-소모품,사전 배제,소모품 규칙 적용,,,HIGH,0,Dummy TSV
Q2101008,SEO26FF,보험품,시계열 점수,불출발생월비율=0.017; 재고0비율=0.000,57.1,31.2,HIGH,0,Dummy TSV
Q2101009,SEO26FF,보험품,시계열 점수,불출발생월비율=0.017; 재고0비율=0.071,57.1,31.2,HIGH,0,Dummy TSV
Q2101010,SEO26FF,계획품,시계열 점수,불출발생월비율=0.017; 재고0비율=0.737,14.3,68.8,HIGH,0,Dummy TSV
Q2101882,SEO26FF,배제-소모품,사전 배제,소모품 규칙 적용,,,HIGH,0,Dummy TSV
Q2102570,SEO26FF,계획품,시계열 점수,불출발생월비율=0.017; 재고0비율=0.706,42.9,68.8,HIGH,0,Dummy TSV
Q2104247,SEO26FF,계획품,시계열 점수,불출발생월비율=0.017; 재고0비율=1.000,42.9,68.8,HIGH,0,Dummy TSV
Q2106112,SEO26FF,계획품,시계열 점수,불출발생월비율=0.017; 재고0비율=0.800,14.3,68.8,HIGH,0,Dummy TSV
Q2110732,SEO26FF,계획품,시계열 점수,불출발생월비율=0.017; 재고0비율=0.643,14.3,68.8,HIGH,0,Dummy TSV
Q2110733,SEO26FF,보험품,시계열 점수,불출발생월비율=0.017; 재고0비율=0.000,57.1,31.2,HIGH,0,Dummy TSV
Q2116016,SEO26FF,보험품,시계열 점수,불출발생월비율=0.017; 재고0비율=0.000,57.1,31.2,HIGH,0,Dummy TSV
Q2116265,SEO26FF,보험품,시계열 점수,불출발생월비율=0.017; 재고0비율=0.000,57.1,31.2,HIGH,0,Dummy TSV
Q2116694,SEO26FF,계획품,시계열 점수,불출발생월비율=0.017; 재고0비율=0.933,14.3,68.8,HIGH,0,Dummy TSV
Q2116695,SEO26FF,배제-소모품,사전 배제,소모품 규칙 적용,,,HIGH,0,Dummy TSV
Q2117078,SEO26FF,보험품,시계열 점수,불출발생월비율=0.025; 재고0비율=0.000,57.1,31.2,HIGH,0,Dummy TSV
Q2118354,SEO26FF,보험품,시계열 점수,불출발생월비율=0.017; 재고0비율=0.000,57.1,31.2,HIGH,0,Dummy TSV
Q2118643,SEO26FF,계획품,시계열 점수,불출발생월비율=0.017; 재고0비율=0.750,14.3,68.8,HIGH,0,Dummy TSV
Q2118996,SEO26FF,계획품,시계열 점수,핵심 예비품 목록 일치 +20점; 불출발생월비율=0.017; 재고0비율=0.867,42.9,68.8,HIGH,20,Dummy TSV
Q2119613,SEO26FF,배제-소모품,사전 배제,소모품 규칙 적용,,,HIGH,0,Dummy TSV
Q2120491,SEO26FF,계획품,시계열 점수,VMI; 불출발생월비율=0.017; 재고0비율=0.765,14.3,100,HIGH,0,Dummy TSV
Q2122540,SEO26FF,계획품,시계열 점수,불출발생월비율=0.017; 재고0비율=0.929,14.3,68.8,HIGH,0,Dummy TSV
Q2124049,SEO26FF,계획품,시계열 점수,핵심 예비품 목록 일치 +20점; VMI; 불출발생월비율=0.025; 재고0비율=0.778,42.9,100,HIGH,20,Dummy TSV
Q2125396,SEO26FF,계획품,시계열 점수,불출발생월비율=0.017; 재고0비율=0.812,14.3,68.8,HIGH,0,Dummy TSV
Q2125412,SEO26FF,계획품,시계열 점수,불출발생월비율=0.017; 재고0비율=0.857,14.3,68.8,HIGH,0,Dummy TSV
Q2125413,SEO26FF,계획품,시계열 점수,불출발생월비율=0.017; 재고0비율=0.889,14.3,68.8,HIGH,0,Dummy TSV
Q2125462,SEO26FF,보험품,시계열 점수,불출발생월비율=0.025; 재고0비율=0.000,57.1,31.2,HIGH,0,Dummy TSV
Q2125464,SEO26FF,보험품,시계열 점수,불출발생월비율=0.017; 재고0비율=0.000,57.1,31.2,HIGH,0,Dummy TSV
Q2126080,SEO26FF,계획품,시계열 점수,불출발생월비율=0.017; 재고0비율=0.875,14.3,68.8,HIGH,0,Dummy TSV
Q2126459,SEO26FF,보험품,시계열 점수,불출발생월비율=0.025; 재고0비율=0.100,57.1,31.2,HIGH,0,Dummy TSV
Q2130291,SEO26FF,배제-소모품,사전 배제,소모품 규칙 적용,,,HIGH,0,Dummy TSV
Q2130293,SEO26FF,보험품,시계열 점수,핵심 예비품 목록 일치 +20점; 불출발생월비율=0.017; 재고0비율=0.000,85.7,31.2,HIGH,20,Dummy TSV
Q2133117,SEO26FF,배제-소모품,사전 배제,소모품 규칙 적용,,,HIGH,0,Dummy TSV
Q2133118,SEO26FF,보험품,시계열 점수,불출발생월비율=0.025; 재고0비율=0.000,57.1,31.2,HIGH,0,Dummy TSV
Q2133119,SEO26FF,보험품,시계열 점수,불출발생월비율=0.017; 재고0비율=0.000,57.1,31.2,HIGH,0,Dummy TSV
Q2135729,SEO26FF,계획품,시계열 점수,불출발생월비율=0.017; 재고0비율=0.941,14.3,68.8,HIGH,0,Dummy TSV
Q2137371,SEO26FF,계획품,시계열 점수,불출발생월비율=0.017; 재고0비율=0.650,42.9,68.8,HIGH,0,Dummy TSV
Q2137920,SEO26FF,배제-소모품,사전 배제,소모품 규칙 적용,,,HIGH,0,Dummy TSV
Q2137922,SEO26FF,계획품,시계열 점수,불출발생월비율=0.025; 재고0비율=0.800,14.3,68.8,HIGH,0,Dummy TSV
Q2139926,SEO26FF,배제-소모품,사전 배제,소모품 규칙 적용,,,HIGH,0,Dummy TSV
Q2139998,SEO26FF,보험품,시계열 점수,핵심 예비품 목록 일치 +20점; 불출발생월비율=0.025; 재고0비율=0.071,85.7,31.2,HIGH,20,Dummy TSV
Q2140042,SEO26FF,계획품,시계열 점수,불출발생월비율=0.017; 재고0비율=0.750,14.3,68.8,HIGH,0,Dummy TSV
Q2141016,SEO26FF,계획품,시계열 점수,불출발생월비율=0.017; 재고0비율=0.867,14.3,68.8,HIGH,0,Dummy TSV
Q2141021,SEO26FF,계획품,시계열 점수,불출발생월비율=0.017; 재고0비율=0.789,14.3,68.8,HIGH,0,Dummy TSV
Q2142284,SEO26FF,계획품,시계열 점수,불출발생월비율=0.017; 재고0비율=0.684,14.3,68.8,HIGH,0,Dummy TSV
Q2142898,SEO26FF,계획품,시계열 점수,불출발생월비율=0.017; 재고0비율=0.824,14.3,68.8,HIGH,0,Dummy TSV
Q2143052,SEO26FF,계획품,시계열 점수,불출발생월비율=0.017; 재고0비율=0.667,42.9,68.8,HIGH,0,Dummy TSV
Q2143592,SEO26FF,계획품,시계열 점수,핵심 예비품 목록 일치 +20점; 불출발생월비율=0.017; 재고0비율=0.889,42.9,68.8,HIGH,20,Dummy TSV
Q2143616,SEO26FF,계획품,시계열 점수,핵심 예비품 목록 일치 +20점; 불출발생월비율=0.017; 재고0비율=0.750,42.9,68.8,HIGH,20,Dummy TSV
Q2144319,SEO26FF,보험품,시계열 점수,불출발생월비율=0.025; 재고0비율=0.000,57.1,31.2,HIGH,0,Dummy TSV
Q2146787,SEO26FF,보험품,시계열 점수,불출발생월비율=0.025; 재고0비율=0.000,57.1,31.2,HIGH,0,Dummy TSV
Q2147980,SEO26FF,계획품,시계열 점수,불출발생월비율=0.017; 재고0비율=0.467,14.3,62.5,HIGH,0,Dummy TSV
Q2154362,SEO26FF,계획품,시계열 점수,불출발생월비율=0.025; 재고0비율=0.714,42.9,68.8,HIGH,0,Dummy TSV
Q2162230,SEO26FF,계획품,시계열 점수,불출발생월비율=0.017; 재고0비율=0.833,14.3,68.8,HIGH,0,Dummy TSV
Q2162413,SEO26FF,보험품,시계열 점수,불출발생월비율=0.017; 재고0비율=0.059,57.1,31.2,HIGH,0,Dummy TSV
Q2163394,SEO26FF,계획품,시계열 점수,VMI; 불출발생월비율=0.025; 재고0비율=0.857,14.3,100,HIGH,0,Dummy TSV
Q2166135,SEO26FF,계획품,시계열 점수,불출발생월비율=0.025; 재고0비율=0.895,14.3,68.8,HIGH,0,Dummy TSV
Q2166833,SEO26FF,보험품,시계열 점수,불출발생월비율=0.017; 재고0비율=0.100,57.1,31.2,HIGH,0,Dummy TSV
Q2168061,SEO26FF,배제-소모품,사전 배제,소모품 규칙 적용,,,HIGH,0,Dummy TSV
Q2168437,SEO26FF,배제-소모품,사전 배제,소모품 규칙 적용,,,HIGH,0,Dummy TSV
Q2169758,SEO26FF,보험품,시계열 점수,불출발생월비율=0.025; 재고0비율=0.000,57.1,31.2,HIGH,0,Dummy TSV
Q2173282,SEO26FF,보험품,시계열 점수,불출발생월비율=0.017; 재고0비율=0.000,57.1,31.2,HIGH,0,Dummy TSV
Q2176849,SEO26FF,보험품,시계열 점수,불출발생월비율=0.025; 재고0비율=0.000,57.1,31.2,HIGH,0,Dummy TSV
Q2177492,SEO26FF,계획품,시계열 점수,불출발생월비율=0.017; 재고0비율=0.824,14.3,68.8,HIGH,0,Dummy TSV
Q2177493,SEO26FF,계획품,시계열 점수,불출발생월비율=0.017; 재고0비율=0.765,42.9,68.8,HIGH,0,Dummy TSV
Q2179246,SEO26FF,계획품,시계열 점수,불출발생월비율=0.017; 재고0비율=0.833,14.3,68.8,HIGH,0,Dummy TSV
Q2184244,SEO26FF,계획품,시계열 점수,불출발생월비율=0.025; 재고0비율=0.778,42.9,68.8,HIGH,0,Dummy TSV
Q2184478,SEO26FF,계획품,시계열 점수,불출발생월비율=0.025; 재고0비율=0.882,14.3,68.8,HIGH,0,Dummy TSV
Q2184712,SEO26FF,보험품,시계열 점수,불출발생월비율=0.025; 재고0비율=0.000,57.1,31.2,HIGH,0,Dummy TSV
Q2185181,SEO26FF,보험품,시계열 점수,핵심 예비품 목록 일치 +20점; 불출발생월비율=0.025; 재고0비율=0.050,85.7,31.2,HIGH,20,Dummy TSV
Q2187474,SEO26FF,보험품,시계열 점수,불출발생월비율=0.025; 재고0비율=0.000,57.1,31.2,HIGH,0,Dummy TSV
Q2190703,SEO26FF,보험품,시계열 점수,불출발생월비율=0.017; 재고0비율=0.000,57.1,31.2,HIGH,0,Dummy TSV
Q2191618,SEO26FF,계획품,시계열 점수,불출발생월비율=0.017; 재고0비율=0.947,14.3,68.8,HIGH,0,Dummy TSV
Q2191857,SEO26FF,보험품,시계열 점수,불출발생월비율=0.025; 재고0비율=0.000,57.1,31.2,HIGH,0,Dummy TSV
Q2194210,SEO26FF,보험품,시계열 점수,불출발생월비율=0.017; 재고0비율=0.067,57.1,31.2,HIGH,0,Dummy TSV
Q2194211,SEO26FF,계획품,시계열 점수,불출발생월비율=0.025; 재고0비율=0.778,14.3,68.8,HIGH,0,Dummy TSV
Q2194827,SEO26FF,보험품,시계열 점수,불출발생월비율=0.017; 재고0비율=0.000,57.1,31.2,HIGH,0,Dummy TSV
Q2195767,SEO26FF,배제-소모품,사전 배제,소모품 규칙 적용,,,HIGH,0,Dummy TSV
Q2200004,SEO26FF,계획품,시계열 점수,불출발생월비율=0.017; 재고0비율=0.833,14.3,68.8,HIGH,0,Dummy TSV
Q2200005,SEO26FF,배제-소모품,사전 배제,소모품 규칙 적용,,,HIGH,0,Dummy TSV
Q2200464,SEO26FF,계획품,시계열 점수,불출발생월비율=0.025; 재고0비율=0.737,14.3,68.8,HIGH,0,Dummy TSV
Q2200465,SEO26FF,계획품,시계열 점수,불출발생월비율=0.025; 재고0비율=0.875,14.3,68.8,HIGH,0,Dummy TSV
Q2200466,SEO26FF,배제-소모품,사전 배제,소모품 규칙 적용,,,HIGH,0,Dummy TSV
Q2202508,SEO26FF,보험품,시계열 점수,불출발생월비율=0.017; 재고0비율=0.053,57.1,31.2,HIGH,0,Dummy TSV
Q2206557,SEO26FF,보험품,시계열 점수,불출발생월비율=0.017; 재고0비율=0.071,57.1,31.2,HIGH,0,Dummy TSV
Q2208062,SEO26FF,계획품,시계열 점수,VMI; 불출발생월비율=0.025; 재고0비율=0.950,14.3,100,HIGH,0,Dummy TSV
Q2210205,SEO26FF,계획품,시계열 점수,불출발생월비율=0.017; 재고0비율=0.667,14.3,68.8,HIGH,0,Dummy TSV
Q2212113,SEO26FF,배제-소모품,사전 배제,소모품 규칙 적용,,,HIGH,0,Dummy TSV
Q2217711,SEO26FF,회색지대,시계열 점수,불출발생월비율=0.025; 재고0비율=0.111,57.1,43.8,LOW,0,Dummy TSV
Q2223743,SEO26FF,보험품,시계열 점수,불출발생월비율=0.017; 재고0비율=0.000,57.1,31.2,HIGH,0,Dummy TSV
Q2224741,SEO26FF,계획품,시계열 점수,불출발생월비율=0.025; 재고0비율=0.833,14.3,68.8,HIGH,0,Dummy TSV
Q2226242,SEO26FF,보험품,시계열 점수,핵심 예비품 목록 일치 +20점; 불출발생월비율=0.025; 재고0비율=0.062,85.7,31.2,HIGH,20,Dummy TSV
Q2228118,SEO26FF,배제-순환품,사전 배제,Roll 계열 Leaf Class 규칙 적용,,,HIGH,0,Dummy TSV
Q2228203,SEO26FF,계획품,시계열 점수,불출발생월비율=0.025; 재고0비율=0.800,14.3,68.8,HIGH,0,Dummy TSV
Q2228264,SEO26FF,보험품,시계열 점수,불출발생월비율=0.025; 재고0비율=0.000,57.1,31.2,HIGH,0,Dummy TSV
Q2233578,SEO26FF,계획품,시계열 점수,불출발생월비율=0.017; 재고0비율=0.688,42.9,68.8,HIGH,0,Dummy TSV
Q2234798,SEO26FF,배제-소모품,사전 배제,소모품 규칙 적용,,,HIGH,0,Dummy TSV
Q2235169,SEO26FF,계획품,시계열 점수,불출발생월비율=0.017; 재고0비율=0.778,14.3,68.8,HIGH,0,Dummy TSV
Q2235172,SEO26FF,계획품,시계열 점수,불출발생월비율=0.025; 재고0비율=0.882,42.9,68.8,HIGH,0,Dummy TSV
Q3200485,SEO26FF,계획품,시계열 점수,불출발생월비율=0.017; 재고0비율=0.850,14.3,68.8,HIGH,0,Dummy TSV
Q3401267,SEO26FF,계획품,시계열 점수,불출발생월비율=0.025; 재고0비율=0.875,14.3,68.8,HIGH,0,Dummy TSV
Q4002139,SEO26FF,계획품,시계열 점수,불출발생월비율=0.017; 재고0비율=0.824,14.3,68.8,HIGH,0,Dummy TSV
Q4003811,SEO26FF,배제-소모품,사전 배제,소모품 규칙 적용,,,HIGH,0,Dummy TSV
Q4005375,SEO26FF,보험품,시계열 점수,불출발생월비율=0.025; 재고0비율=0.000,57.1,31.2,HIGH,0,Dummy TSV
Q4008483,SEO26FF,계획품,시계열 점수,불출발생월비율=0.017; 재고0비율=0.889,14.3,68.8,HIGH,0,Dummy TSV
Q4008484,SEO26FF,계획품,시계열 점수,불출발생월비율=0.017; 재고0비율=0.786,14.3,68.8,HIGH,0,Dummy TSV
Q4008971,SEO26FF,계획품,시계열 점수,불출발생월비율=0.017; 재고0비율=0.750,14.3,68.8,HIGH,0,Dummy TSV
Q4011271,SEO26FF,보험품,시계열 점수,불출발생월비율=0.025; 재고0비율=0.000,57.1,31.2,HIGH,0,Dummy TSV
Q4012998,SEO26FF,계획품,시계열 점수,불출발생월비율=0.017; 재고0비율=0.857,14.3,68.8,HIGH,0,Dummy TSV
Q4013000,SEO26FF,배제-소모품,사전 배제,소모품 규칙 적용,,,HIGH,0,Dummy TSV
Q4014292,SEO26FF,배제-순환품,사전 배제,Roll 계열 Leaf Class 규칙 적용,,,HIGH,0,Dummy TSV
Q4015362,SEO26FF,회색지대,시계열 점수,불출발생월비율=0.017; 재고0비율=0.105,57.1,43.8,LOW,0,Dummy TSV
Q4015363,SEO26FF,계획품,시계열 점수,불출발생월비율=0.017; 재고0비율=0.900,14.3,68.8,HIGH,0,Dummy TSV
Q4015364,SEO26FF,보험품,시계열 점수,불출발생월비율=0.017; 재고0비율=0.000,57.1,31.2,HIGH,0,Dummy TSV
Q4015365,SEO26FF,계획품,시계열 점수,불출발생월비율=0.025; 재고0비율=0.786,14.3,68.8,HIGH,0,Dummy TSV
Q4015405,SEO26FF,배제-소모품,사전 배제,소모품 규칙 적용,,,HIGH,0,Dummy TSV
Q4015414,SEO26FF,보험품,시계열 점수,불출발생월비율=0.017; 재고0비율=0.059,57.1,31.2,HIGH,0,Dummy TSV
Q4015950,SEO26FF,계획품,시계열 점수,불출발생월비율=0.017; 재고0비율=0.833,42.9,68.8,HIGH,0,Dummy TSV
Q4015951,SEO26FF,계획품,시계열 점수,VMI; 불출발생월비율=0.017; 재고0비율=0.857,42.9,100,HIGH,0,Dummy TSV
Q4015952,SEO26FF,계획품,시계열 점수,불출발생월비율=0.017; 재고0비율=0.833,42.9,68.8,HIGH,0,Dummy TSV
Q4015953,SEO26FF,계획품,시계열 점수,불출발생월비율=0.025; 재고0비율=0.938,14.3,68.8,HIGH,0,Dummy TSV
Q4017406,SEO26FF,배제-소모품,사전 배제,소모품 규칙 적용,,,HIGH,0,Dummy TSV
Q4017996,SEO26FF,계획품,시계열 점수,핵심 예비품 목록 일치 +20점; 불출발생월비율=0.017; 재고0비율=0.786,42.9,68.8,HIGH,20,Dummy TSV
Q4017997,SEO26FF,보험품,시계열 점수,핵심 예비품 목록 일치 +20점; 불출발생월비율=0.025; 재고0비율=0.000,85.7,31.2,HIGH,20,Dummy TSV
Q4017998,SEO26FF,보험품,시계열 점수,핵심 예비품 목록 일치 +20점; 불출발생월비율=0.017; 재고0비율=0.053,85.7,31.2,HIGH,20,Dummy TSV
Q4017999,SEO26FF,계획품,시계열 점수,핵심 예비품 목록 일치 +20점; 불출발생월비율=0.017; 재고0비율=0.882,42.9,68.8,HIGH,20,Dummy TSV
Q4018000,SEO26FF,계획품,시계열 점수,핵심 예비품 목록 일치 +20점; 불출발생월비율=0.025; 재고0비율=0.875,42.9,68.8,HIGH,20,Dummy TSV
Q4018004,SEO26FF,보험품,시계열 점수,핵심 예비품 목록 일치 +20점; 불출발생월비율=0.017; 재고0비율=0.000,85.7,31.2,HIGH,20,Dummy TSV
Q4018005,SEO26FF,보험품,시계열 점수,핵심 예비품 목록 일치 +20점; 불출발생월비율=0.025; 재고0비율=0.062,85.7,31.2,HIGH,20,Dummy TSV
Q4018007,SEO26FF,보험품,시계열 점수,핵심 예비품 목록 일치 +20점; 불출발생월비율=0.017; 재고0비율=0.118,85.7,43.8,HIGH,20,Dummy TSV
Q4018011,SEO26FF,배제-소모품,사전 배제,소모품 규칙 적용,,,HIGH,0,Dummy TSV
Q4018012,SEO26FF,배제-소모품,사전 배제,소모품 규칙 적용,,,HIGH,0,Dummy TSV
Q4018014,SEO26FF,보험품,시계열 점수,핵심 예비품 목록 일치 +20점; 불출발생월비율=0.025; 재고0비율=0.000,85.7,31.2,HIGH,20,Dummy TSV
Q4018015,SEO26FF,계획품,시계열 점수,핵심 예비품 목록 일치 +20점; 불출발생월비율=0.017; 재고0비율=0.733,42.9,68.8,HIGH,20,Dummy TSV
Q4018016,SEO26FF,보험품,시계열 점수,핵심 예비품 목록 일치 +20점; 불출발생월비율=0.017; 재고0비율=0.000,85.7,31.2,HIGH,20,Dummy TSV
Q4018018,SEO26FF,보험품,시계열 점수,핵심 예비품 목록 일치 +20점; 불출발생월비율=0.017; 재고0비율=0.125,85.7,43.8,HIGH,20,Dummy TSV
Q4018019,SEO26FF,계획품,시계열 점수,핵심 예비품 목록 일치 +20점; 불출발생월비율=0.017; 재고0비율=0.750,42.9,68.8,HIGH,20,Dummy TSV
Q4018022,SEO26FF,보험품,시계열 점수,핵심 예비품 목록 일치 +20점; 불출발생월비율=0.025; 재고0비율=0.000,85.7,31.2,HIGH,20,Dummy TSV
Q4018023,SEO26FF,보험품,시계열 점수,핵심 예비품 목록 일치 +20점; 불출발생월비율=0.017; 재고0비율=0.000,85.7,31.2,HIGH,20,Dummy TSV
Q4018210,SEO26FF,배제-소모품,사전 배제,소모품 규칙 적용,,,HIGH,0,Dummy TSV
Q4020699,SEO26FF,계획품,시계열 점수,불출발생월비율=0.025; 재고0비율=0.944,14.3,68.8,HIGH,0,Dummy TSV
Q4026534,SEO26FF,보험품,시계열 점수,불출발생월비율=0.017; 재고0비율=0.100,57.1,31.2,HIGH,0,Dummy TSV
Q4030002,SEO26FF,계획품,시계열 점수,불출발생월비율=0.017; 재고0비율=0.786,42.9,68.8,HIGH,0,Dummy TSV
Q4030286,SEO26FF,보험품,시계열 점수,불출발생월비율=0.017; 재고0비율=0.000,57.1,31.2,HIGH,0,Dummy TSV
Q4030636,SEO26FF,보험품,시계열 점수,불출발생월비율=0.025; 재고0비율=0.000,57.1,31.2,HIGH,0,Dummy TSV
Q4033165,SEO26FF,보험품,시계열 점수,불출발생월비율=0.025; 재고0비율=0.000,57.1,31.2,HIGH,0,Dummy TSV
Q4034332,SEO26FF,계획품,시계열 점수,불출발생월비율=0.017; 재고0비율=0.750,14.3,68.8,HIGH,0,Dummy TSV
Q4034340,SEO26FF,계획품,시계열 점수,VMI; 불출발생월비율=0.017; 재고0비율=0.625,42.9,100,HIGH,0,Dummy TSV
Q4037546,SEO26FF,보험품,시계열 점수,불출발생월비율=0.017; 재고0비율=0.000,57.1,31.2,HIGH,0,Dummy TSV
Q4039953,SEO26FF,보험품,시계열 점수,핵심 예비품 목록 일치 +20점; 불출발생월비율=0.017; 재고0비율=0.000,85.7,31.2,HIGH,20,Dummy TSV
Q4041104,SEO26FF,계획품,시계열 점수,불출발생월비율=0.017; 재고0비율=0.833,42.9,68.8,HIGH,0,Dummy TSV
Q4045098,SEO26FF,계획품,시계열 점수,불출발생월비율=0.017; 재고0비율=0.786,14.3,68.8,HIGH,0,Dummy TSV
Q4045501,SEO26FF,배제-소모품,사전 배제,소모품 규칙 적용,,,HIGH,0,Dummy TSV
Q4045748,SEO26FF,계획품,시계열 점수,불출발생월비율=0.025; 재고0비율=0.800,42.9,68.8,HIGH,0,Dummy TSV
Q4047391,SEO26FF,계획품,시계열 점수,불출발생월비율=0.017; 재고0비율=0.824,14.3,68.8,HIGH,0,Dummy TSV
Q4051167,SEO26FF,보험품,시계열 점수,불출발생월비율=0.017; 재고0비율=0.000,57.1,31.2,HIGH,0,Dummy TSV
Q4057578,SEO26FF,보험품,시계열 점수,불출발생월비율=0.025; 재고0비율=0.000,57.1,31.2,HIGH,0,Dummy TSV
Q4073338,SEO26FF,회색지대,시계열 점수,불출발생월비율=0.025; 재고0비율=0.111,57.1,43.8,LOW,0,Dummy TSV
Q4079757,SEO26FF,계획품,시계열 점수,불출발생월비율=0.025; 재고0비율=0.941,42.9,68.8,HIGH,0,Dummy TSV
Q4080226,SEO26FF,배제-소모품,사전 배제,소모품 규칙 적용,,,HIGH,0,Dummy TSV
Q4080430,SEO26FF,계획품,시계열 점수,불출발생월비율=0.025; 재고0비율=0.857,42.9,68.8,HIGH,0,Dummy TSV
Q4084463,SEO26FF,보험품,시계열 점수,불출발생월비율=0.025; 재고0비율=0.000,57.1,31.2,HIGH,0,Dummy TSV
Q4085105,SEO26FF,계획품,시계열 점수,불출발생월비율=0.025; 재고0비율=0.733,14.3,68.8,HIGH,0,Dummy TSV
Q4089851,SEO26FF,계획품,시계열 점수,불출발생월비율=0.017; 재고0비율=0.857,14.3,68.8,HIGH,0,Dummy TSV
Q4102245,SEO26FF,보험품,시계열 점수,불출발생월비율=0.017; 재고0비율=0.000,57.1,31.2,HIGH,0,Dummy TSV
Q4103142,SEO26FF,계획품,시계열 점수,불출발생월비율=0.017; 재고0비율=0.929,14.3,68.8,HIGH,0,Dummy TSV
Q4104776,SEO26FF,회색지대,시계열 점수,불출발생월비율=0.025; 재고0비율=0.143,57.1,43.8,LOW,0,Dummy TSV
Q4112995,SEO26FF,배제-순환품,사전 배제,Roll 계열 Leaf Class 규칙 적용,,,HIGH,0,Dummy TSV
Q4119198,SEO26FF,배제-소모품,사전 배제,소모품 규칙 적용,,,HIGH,0,Dummy TSV
Q4124066,SEO26FF,배제-순환품,사전 배제,Roll 계열 Leaf Class 규칙 적용,,,HIGH,0,Dummy TSV
Q4136434,SEO26FF,보험품,시계열 점수,불출발생월비율=0.017; 재고0비율=0.000,57.1,31.2,HIGH,0,Dummy TSV
Q4140768,SEO26FF,계획품,시계열 점수,불출발생월비율=0.017; 재고0비율=0.667,14.3,68.8,HIGH,0,Dummy TSV
Q4140770,SEO26FF,계획품,시계열 점수,불출발생월비율=0.025; 재고0비율=0.765,14.3,68.8,HIGH,0,Dummy TSV
Q4156386,SEO26FF,보험품,시계열 점수,불출발생월비율=0.017; 재고0비율=0.059,57.1,31.2,HIGH,0,Dummy TSV
Q4168315,SEO26FF,배제-소모품,사전 배제,소모품 규칙 적용,,,HIGH,0,Dummy TSV
Q4168388,SEO26FF,보험품,시계열 점수,불출발생월비율=0.025; 재고0비율=0.071,57.1,31.2,HIGH,0,Dummy TSV
Q4169627,SEO26FF,보험품,시계열 점수,핵심 예비품 목록 일치 +20점; 불출발생월비율=0.025; 재고0비율=0.000,85.7,31.2,HIGH,20,Dummy TSV
Q4169634,SEO26FF,계획품,시계열 점수,핵심 예비품 목록 일치 +20점; VMI; 불출발생월비율=0.017; 재고0비율=0.737,42.9,100,HIGH,20,Dummy TSV
Q4169635,SEO26FF,계획품,시계열 점수,핵심 예비품 목록 일치 +20점; 불출발생월비율=0.025; 재고0비율=0.778,42.9,68.8,HIGH,20,Dummy TSV
Q4169942,SEO26FF,보험품,시계열 점수,불출발생월비율=0.025; 재고0비율=0.000,57.1,31.2,HIGH,0,Dummy TSV
Q4172575,SEO26FF,보험품,시계열 점수,불출발생월비율=0.017; 재고0비율=0.000,57.1,31.2,HIGH,0,Dummy TSV
Q4173290,SEO26FF,보험품,시계열 점수,핵심 예비품 목록 일치 +20점; 불출발생월비율=0.017; 재고0비율=0.111,85.7,43.8,HIGH,20,Dummy TSV
Q4174454,SEO26FF,계획품,시계열 점수,핵심 예비품 목록 일치 +20점; 불출발생월비율=0.017; 재고0비율=0.800,42.9,68.8,HIGH,20,Dummy TSV
Q4174455,SEO26FF,계획품,시계열 점수,핵심 예비품 목록 일치 +20점; 불출발생월비율=0.017; 재고0비율=0.812,42.9,68.8,HIGH,20,Dummy TSV
Q4178355,SEO26FF,계획품,시계열 점수,핵심 예비품 목록 일치 +20점; 불출발생월비율=0.017; 재고0비율=0.895,42.9,68.8,HIGH,20,Dummy TSV
Q4182619,SEO26FF,배제-소모품,사전 배제,소모품 규칙 적용,,,HIGH,0,Dummy TSV
Q4185031,SEO26FF,배제-소모품,사전 배제,소모품 규칙 적용,,,HIGH,0,Dummy TSV
Q4188532,SEO26FF,계획품,시계열 점수,불출발생월비율=0.017; 재고0비율=0.812,14.3,68.8,HIGH,0,Dummy TSV
Q4189150,SEO26FF,보험품,시계열 점수,불출발생월비율=0.017; 재고0비율=0.000,57.1,31.2,HIGH,0,Dummy TSV
Q4189151,SEO26FF,계획품,시계열 점수,불출발생월비율=0.017; 재고0비율=0.786,14.3,68.8,HIGH,0,Dummy TSV
Q4192133,SEO26FF,계획품,시계열 점수,핵심 예비품 목록 일치 +20점; 불출발생월비율=0.017; 재고0비율=0.750,42.9,68.8,HIGH,20,Dummy TSV
Q4192171,SEO26FF,보험품,시계열 점수,핵심 예비품 목록 일치 +20점; 불출발생월비율=0.017; 재고0비율=0.125,85.7,43.8,HIGH,20,Dummy TSV
Q4192179,SEO26FF,보험품,시계열 점수,핵심 예비품 목록 일치 +20점; 불출발생월비율=0.017; 재고0비율=0.000,85.7,31.2,HIGH,20,Dummy TSV
Q4198917,SEO26FF,계획품,시계열 점수,불출발생월비율=0.025; 재고0비율=0.929,42.9,68.8,HIGH,0,Dummy TSV
Q4200634,SEO26FF,배제-순환품,사전 배제,Roll 계열 Leaf Class 규칙 적용,,,HIGH,0,Dummy TSV
Q4203928,SEO26FF,계획품,시계열 점수,불출발생월비율=0.025; 재고0비율=0.737,42.9,68.8,HIGH,0,Dummy TSV
Q4204059,SEO26FF,보험품,시계열 점수,불출발생월비율=0.017; 재고0비율=0.071,57.1,31.2,HIGH,0,Dummy TSV
Q4204060,SEO26FF,계획품,시계열 점수,불출발생월비율=0.025; 재고0비율=0.857,14.3,68.8,HIGH,0,Dummy TSV
Q4204061,SEO26FF,보험품,시계열 점수,불출발생월비율=0.025; 재고0비율=0.053,57.1,31.2,HIGH,0,Dummy TSV
Q4204062,SEO26FF,배제-소모품,사전 배제,소모품 규칙 적용,,,HIGH,0,Dummy TSV
Q4208633,SEO26FF,보험품,시계열 점수,불출발생월비율=0.025; 재고0비율=0.000,57.1,31.2,HIGH,0,Dummy TSV
Q4210213,SEO26FF,계획품,시계열 점수,핵심 예비품 목록 일치 +20점; 불출발생월비율=0.025; 재고0비율=0.714,42.9,68.8,HIGH,20,Dummy TSV
Q4210315,SEO26FF,보험품,시계열 점수,불출발생월비율=0.017; 재고0비율=0.000,57.1,31.2,HIGH,0,Dummy TSV
Q4210501,SEO26FF,계획품,시계열 점수,불출발생월비율=0.025; 재고0비율=0.933,42.9,68.8,HIGH,0,Dummy TSV
Q4210610,SEO26FF,보험품,시계열 점수,불출발생월비율=0.017; 재고0비율=0.000,57.1,31.2,HIGH,0,Dummy TSV
Q4210612,SEO26FF,계획품,시계열 점수,불출발생월비율=0.025; 재고0비율=0.778,42.9,68.8,HIGH,0,Dummy TSV
Q4225250,SEO26FF,계획품,시계열 점수,불출발생월비율=0.017; 재고0비율=0.786,14.3,68.8,HIGH,0,Dummy TSV
Q4229869,SEO26FF,회색지대,시계열 점수,VMI; 불출발생월비율=0.025; 재고0비율=0.000,57.1,62.5,LOW,0,Dummy TSV
Q4230326,SEO26FF,배제-소모품,사전 배제,소모품 규칙 적용,,,HIGH,0,Dummy TSV
Q4232430,SEO26FF,계획품,시계열 점수,불출발생월비율=0.017; 재고0비율=0.733,14.3,68.8,HIGH,0,Dummy TSV
Q4232896,SEO26FF,배제-소모품,사전 배제,소모품 규칙 적용,,,HIGH,0,Dummy TSV
Q4232897,SEO26FF,계획품,시계열 점수,불출발생월비율=0.017; 재고0비율=0.786,42.9,68.8,HIGH,0,Dummy TSV
Q4233153,SEO26FF,계획품,시계열 점수,불출발생월비율=0.025; 재고0비율=0.824,14.3,68.8,HIGH,0,Dummy TSV
Q4239083,SEO26FF,계획품,시계열 점수,불출발생월비율=0.017; 재고0비율=0.750,14.3,68.8,HIGH,0,Dummy TSV
Q4245535,SEO26FF,배제-순환품,사전 배제,Roll 계열 Leaf Class 규칙 적용,,,HIGH,0,Dummy TSV
Q4245876,SEO26FF,배제-소모품,사전 배제,소모품 규칙 적용,,,HIGH,0,Dummy TSV
Q4246475,SEO26FF,계획품,시계열 점수,불출발생월비율=0.017; 재고0비율=0.786,14.3,68.8,HIGH,0,Dummy TSV
Q4251042,SEO26FF,계획품,시계열 점수,불출발생월비율=0.025; 재고0비율=0.684,14.3,68.8,HIGH,0,Dummy TSV
Q4256411,SEO26FF,회색지대,시계열 점수,불출발생월비율=0.025; 재고0비율=0.158,57.1,43.8,LOW,0,Dummy TSV
Q4257701,SEO26FF,계획품,시계열 점수,핵심 예비품 목록 일치 +20점; 불출발생월비율=0.017; 재고0비율=0.929,42.9,68.8,HIGH,20,Dummy TSV
Q4264097,SEO26FF,계획품,시계열 점수,불출발생월비율=0.025; 재고0비율=0.889,14.3,68.8,HIGH,0,Dummy TSV
Q4269272,SEO26FF,보험품,시계열 점수,핵심 예비품 목록 일치 +20점; 불출발생월비율=0.025; 재고0비율=0.000,85.7,31.2,HIGH,20,Dummy TSV
Q4273074,SEO26FF,계획품,시계열 점수,불출발생월비율=0.017; 재고0비율=0.706,14.3,68.8,HIGH,0,Dummy TSV
Q4278883,SEO26FF,계획품,시계열 점수,불출발생월비율=0.017; 재고0비율=0.778,14.3,68.8,HIGH,0,Dummy TSV
Q4280135,SEO26FF,계획품,시계열 점수,불출발생월비율=0.025; 재고0비율=0.706,42.9,68.8,HIGH,0,Dummy TSV
Q4283104,SEO26FF,보험품,시계열 점수,불출발생월비율=0.017; 재고0비율=0.000,57.1,31.2,HIGH,0,Dummy TSV
Q4295492,SEO26FF,계획품,시계열 점수,불출발생월비율=0.025; 재고0비율=0.929,14.3,68.8,HIGH,0,Dummy TSV
Q4308842,SEO26FF,계획품,시계열 점수,불출발생월비율=0.017; 재고0비율=0.588,14.3,62.5,HIGH,0,Dummy TSV
Q4310783,SEO26FF,보험품,시계열 점수,불출발생월비율=0.025; 재고0비율=0.000,57.1,31.2,HIGH,0,Dummy TSV
Q4312812,SEO26FF,배제-소모품,사전 배제,소모품 규칙 적용,,,HIGH,0,Dummy TSV
Q4321160,SEO26FF,보험품,시계열 점수,불출발생월비율=0.025; 재고0비율=0.000,57.1,31.2,HIGH,0,Dummy TSV
Q4327789,SEO26FF,보험품,시계열 점수,불출발생월비율=0.017; 재고0비율=0.000,57.1,31.2,HIGH,0,Dummy TSV
Q4336678,SEO26FF,배제-소모품,사전 배제,소모품 규칙 적용,,,HIGH,0,Dummy TSV
Q4342710,SEO26FF,배제-소모품,사전 배제,소모품 규칙 적용,,,HIGH,0,Dummy TSV
Q4347498,SEO26FF,계획품,시계열 점수,불출발생월비율=0.017; 재고0비율=0.941,14.3,68.8,HIGH,0,Dummy TSV
Q4348128,SEO26FF,보험품,시계열 점수,불출발생월비율=0.017; 재고0비율=0.000,57.1,31.2,HIGH,0,Dummy TSV
Q4349846,SEO26FF,계획품,시계열 점수,불출발생월비율=0.025; 재고0비율=0.800,14.3,68.8,HIGH,0,Dummy TSV
Q4354776,SEO26FF,계획품,시계열 점수,VMI; 불출발생월비율=0.017; 재고0비율=0.778,14.3,100,HIGH,0,Dummy TSV
Q4357975,SEO26FF,회색지대,시계열 점수,불출발생월비율=0.025; 재고0비율=0.111,57.1,43.8,LOW,0,Dummy TSV
Q4383840,SEO26FF,보험품,시계열 점수,불출발생월비율=0.017; 재고0비율=0.059,57.1,31.2,HIGH,0,Dummy TSV
Q4383841,SEO26FF,계획품,시계열 점수,불출발생월비율=0.017; 재고0비율=0.929,14.3,68.8,HIGH,0,Dummy TSV
Q4384099,SEO26FF,계획품,시계열 점수,불출발생월비율=0.017; 재고0비율=0.812,14.3,68.8,HIGH,0,Dummy TSV
Q4386124,SEO26FF,보험품,시계열 점수,불출발생월비율=0.025; 재고0비율=0.000,57.1,31.2,HIGH,0,Dummy TSV
Q4390457,SEO26FF,계획품,시계열 점수,불출발생월비율=0.017; 재고0비율=0.750,14.3,68.8,HIGH,0,Dummy TSV
Q4390712,SEO26FF,계획품,시계열 점수,불출발생월비율=0.017; 재고0비율=0.722,14.3,68.8,HIGH,0,Dummy TSV
Q4394089,SEO26FF,계획품,시계열 점수,불출발생월비율=0.017; 재고0비율=0.750,42.9,68.8,HIGH,0,Dummy TSV
Q4398385,SEO26FF,보험품,시계열 점수,불출발생월비율=0.017; 재고0비율=0.056,57.1,31.2,HIGH,0,Dummy TSV
Q4403031,SEO26FF,계획품,시계열 점수,불출발생월비율=0.017; 재고0비율=0.867,14.3,68.8,HIGH,0,Dummy TSV
Q4410007,SEO26FF,배제-소모품,사전 배제,소모품 규칙 적용,,,HIGH,0,Dummy TSV
Q4412119,SEO26FF,배제-소모품,사전 배제,소모품 규칙 적용,,,HIGH,0,Dummy TSV
Q4412288,SEO26FF,계획품,시계열 점수,불출발생월비율=0.025; 재고0비율=0.750,42.9,68.8,HIGH,0,Dummy TSV
Q4412576,SEO26FF,계획품,시계열 점수,불출발생월비율=0.025; 재고0비율=0.737,42.9,68.8,HIGH,0,Dummy TSV
Q4416013,SEO26FF,보험품,시계열 점수,불출발생월비율=0.025; 재고0비율=0.000,57.1,31.2,HIGH,0,Dummy TSV
Q4416076,SEO26FF,계획품,시계열 점수,불출발생월비율=0.025; 재고0비율=0.812,42.9,68.8,HIGH,0,Dummy TSV
Q4416082,SEO26FF,계획품,시계열 점수,불출발생월비율=0.017; 재고0비율=0.929,42.9,68.8,HIGH,0,Dummy TSV
Q4418347,SEO26FF,계획품,시계열 점수,불출발생월비율=0.017; 재고0비율=0.938,14.3,68.8,HIGH,0,Dummy TSV
Q4419677,SEO26FF,배제-소모품,사전 배제,소모품 규칙 적용,,,HIGH,0,Dummy TSV
Q4419678,SEO26FF,계획품,시계열 점수,불출발생월비율=0.017; 재고0비율=0.786,42.9,68.8,HIGH,0,Dummy TSV
Q4423761,SEO26FF,보험품,시계열 점수,불출발생월비율=0.025; 재고0비율=0.000,57.1,31.2,HIGH,0,Dummy TSV
Q4435466,SEO26FF,배제-순환품,사전 배제,Roll 계열 Leaf Class 규칙 적용,,,HIGH,0,Dummy TSV
Q4439263,SEO26FF,보험품,시계열 점수,불출발생월비율=0.017; 재고0비율=0.059,57.1,31.2,HIGH,0,Dummy TSV
Q4439264,SEO26FF,보험품,시계열 점수,불출발생월비율=0.017; 재고0비율=0.000,57.1,31.2,HIGH,0,Dummy TSV
Q4439265,SEO26FF,보험품,시계열 점수,불출발생월비율=0.025; 재고0비율=0.062,57.1,31.2,HIGH,0,Dummy TSV
Q4439266,SEO26FF,계획품,시계열 점수,불출발생월비율=0.025; 재고0비율=0.667,14.3,68.8,HIGH,0,Dummy TSV
Q4439269,SEO26FF,회색지대,시계열 점수,불출발생월비율=0.025; 재고0비율=0.105,57.1,43.8,LOW,0,Dummy TSV
Q4439270,SEO26FF,보험품,시계열 점수,불출발생월비율=0.025; 재고0비율=0.053,57.1,31.2,HIGH,0,Dummy TSV
Q4441695,SEO26FF,회색지대,시계열 점수,핵심 예비품 목록 일치 +20점; 불출발생월비율=0.017; 재고0비율=0.667,71.4,68.8,LOW,20,Dummy TSV
Q4443501,SEO26FF,배제-소모품,사전 배제,소모품 규칙 적용,,,HIGH,0,Dummy TSV
Q4444346,SEO26FF,배제-소모품,사전 배제,소모품 규칙 적용,,,HIGH,0,Dummy TSV
Q4450272,SEO26FF,보험품,시계열 점수,불출발생월비율=0.017; 재고0비율=0.000,57.1,31.2,HIGH,0,Dummy TSV
Q4453988,SEO26FF,회색지대,시계열 점수,불출발생월비율=0.017; 재고0비율=0.118,57.1,43.8,LOW,0,Dummy TSV
Q4459402,SEO26FF,계획품,시계열 점수,불출발생월비율=0.025; 재고0비율=0.857,14.3,68.8,HIGH,0,Dummy TSV
Q4460076,SEO26FF,보험품,시계열 점수,불출발생월비율=0.025; 재고0비율=0.000,57.1,31.2,HIGH,0,Dummy TSV
Q4465267,SEO26FF,계획품,시계열 점수,불출발생월비율=0.017; 재고0비율=0.722,14.3,68.8,HIGH,0,Dummy TSV
Q4468493,SEO26FF,회색지대,시계열 점수,불출발생월비율=0.017; 재고0비율=0.118,57.1,43.8,LOW,0,Dummy TSV
Q4468503,SEO26FF,보험품,시계열 점수,불출발생월비율=0.025; 재고0비율=0.050,57.1,31.2,HIGH,0,Dummy TSV
Q4468504,SEO26FF,계획품,시계열 점수,불출발생월비율=0.025; 재고0비율=0.562,14.3,62.5,HIGH,0,Dummy TSV
Q4470227,SEO26FF,계획품,시계열 점수,불출발생월비율=0.025; 재고0비율=0.941,14.3,68.8,HIGH,0,Dummy TSV
Q4471030,SEO26FF,보험품,시계열 점수,불출발생월비율=0.025; 재고0비율=0.056,57.1,31.2,HIGH,0,Dummy TSV
Q4471765,SEO26FF,보험품,시계열 점수,불출발생월비율=0.017; 재고0비율=0.000,57.1,31.2,HIGH,0,Dummy TSV
Q4474243,SEO26FF,보험품,시계열 점수,불출발생월비율=0.025; 재고0비율=0.000,57.1,31.2,HIGH,0,Dummy TSV
Q4480769,SEO26FF,계획품,시계열 점수,불출발생월비율=0.025; 재고0비율=0.842,14.3,68.8,HIGH,0,Dummy TSV
Q4485045,SEO26FF,보험품,시계열 점수,불출발생월비율=0.025; 재고0비율=0.000,57.1,31.2,HIGH,0,Dummy TSV
Q4485080,SEO26FF,배제-소모품,사전 배제,소모품 규칙 적용,,,HIGH,0,Dummy TSV
Q4485081,SEO26FF,배제-순환품,사전 배제,Roll 계열 Leaf Class 규칙 적용,,,HIGH,0,Dummy TSV
Q4485087,SEO26FF,계획품,시계열 점수,불출발생월비율=0.017; 재고0비율=0.800,14.3,68.8,HIGH,0,Dummy TSV
Q4493662,SEO26FF,배제-소모품,사전 배제,소모품 규칙 적용,,,HIGH,0,Dummy TSV
Q4497103,SEO26FF,계획품,시계열 점수,불출발생월비율=0.025; 재고0비율=0.944,14.3,68.8,HIGH,0,Dummy TSV
Q4499010,SEO26FF,보험품,시계열 점수,불출발생월비율=0.025; 재고0비율=0.000,57.1,31.2,HIGH,0,Dummy TSV
Q4501966,SEO26FF,보험품,시계열 점수,불출발생월비율=0.025; 재고0비율=0.000,57.1,31.2,HIGH,0,Dummy TSV
Q4503767,SEO26FF,회색지대,시계열 점수,불출발생월비율=0.017; 재고0비율=0.200,57.1,43.8,LOW,0,Dummy TSV
Q4503770,SEO26FF,계획품,시계열 점수,불출발생월비율=0.017; 재고0비율=0.700,42.9,68.8,HIGH,0,Dummy TSV
Q4504475,SEO26FF,회색지대,시계열 점수,불출발생월비율=0.017; 재고0비율=0.118,57.1,43.8,LOW,0,Dummy TSV
Q4504476,SEO26FF,계획품,시계열 점수,불출발생월비율=0.025; 재고0비율=0.875,14.3,68.8,HIGH,0,Dummy TSV
Q4504478,SEO26FF,보험품,시계열 점수,불출발생월비율=0.025; 재고0비율=0.000,57.1,31.2,HIGH,0,Dummy TSV
Q4515205,SEO26FF,보험품,시계열 점수,불출발생월비율=0.017; 재고0비율=0.000,57.1,31.2,HIGH,0,Dummy TSV
Q4515206,SEO26FF,계획품,시계열 점수,불출발생월비율=0.025; 재고0비율=0.714,14.3,68.8,HIGH,0,Dummy TSV
Q4515573,SEO26FF,계획품,시계열 점수,불출발생월비율=0.025; 재고0비율=0.875,14.3,68.8,HIGH,0,Dummy TSV
Q4517465,SEO26FF,계획품,시계열 점수,불출발생월비율=0.025; 재고0비율=0.786,14.3,68.8,HIGH,0,Dummy TSV
Q4517801,SEO26FF,배제-소모품,사전 배제,소모품 규칙 적용,,,HIGH,0,Dummy TSV
Q4521625,SEO26FF,보험품,시계열 점수,핵심 예비품 목록 일치 +20점; 불출발생월비율=0.025; 재고0비율=0.000,85.7,31.2,HIGH,20,Dummy TSV
Q4524604,SEO26FF,보험품,시계열 점수,불출발생월비율=0.017; 재고0비율=0.067,57.1,31.2,HIGH,0,Dummy TSV
Q4524949,SEO26FF,배제-소모품,사전 배제,소모품 규칙 적용,,,HIGH,0,Dummy TSV
Q4530897,SEO26FF,계획품,시계열 점수,불출발생월비율=0.017; 재고0비율=0.789,14.3,68.8,HIGH,0,Dummy TSV
Q4531078,SEO26FF,보험품,시계열 점수,불출발생월비율=0.017; 재고0비율=0.056,57.1,31.2,HIGH,0,Dummy TSV
Q4532058,SEO26FF,배제-소모품,사전 배제,소모품 규칙 적용,,,HIGH,0,Dummy TSV
Q4535892,SEO26FF,계획품,시계열 점수,불출발생월비율=0.017; 재고0비율=0.900,14.3,68.8,HIGH,0,Dummy TSV
Q4535894,SEO26FF,계획품,시계열 점수,불출발생월비율=0.017; 재고0비율=0.875,14.3,68.8,HIGH,0,Dummy TSV
Q4535900,SEO26FF,계획품,시계열 점수,불출발생월비율=0.017; 재고0비율=0.789,42.9,68.8,HIGH,0,Dummy TSV
Q4535902,SEO26FF,계획품,시계열 점수,불출발생월비율=0.025; 재고0비율=0.786,14.3,68.8,HIGH,0,Dummy TSV
Q4536719,SEO26FF,보험품,시계열 점수,불출발생월비율=0.025; 재고0비율=0.067,57.1,31.2,HIGH,0,Dummy TSV
Q4537595,SEO26FF,계획품,시계열 점수,불출발생월비율=0.017; 재고0비율=0.857,14.3,68.8,HIGH,0,Dummy TSV
Q4541491,SEO26FF,계획품,시계열 점수,불출발생월비율=0.017; 재고0비율=0.714,14.3,68.8,HIGH,0,Dummy TSV
Q4541492,SEO26FF,보험품,시계열 점수,불출발생월비율=0.017; 재고0비율=0.000,57.1,31.2,HIGH,0,Dummy TSV
Q4543363,SEO26FF,보험품,시계열 점수,불출발생월비율=0.025; 재고0비율=0.050,57.1,31.2,HIGH,0,Dummy TSV
Q4546235,SEO26FF,계획품,시계열 점수,불출발생월비율=0.025; 재고0비율=0.857,14.3,68.8,HIGH,0,Dummy TSV
Q4548256,SEO26FF,회색지대,시계열 점수,불출발생월비율=0.017; 재고0비율=0.133,57.1,43.8,LOW,0,Dummy TSV
Q4548258,SEO26FF,배제-소모품,사전 배제,소모품 규칙 적용,,,HIGH,0,Dummy TSV
Q4548259,SEO26FF,보험품,시계열 점수,불출발생월비율=0.025; 재고0비율=0.000,57.1,31.2,HIGH,0,Dummy TSV
Q4548260,SEO26FF,보험품,시계열 점수,불출발생월비율=0.025; 재고0비율=0.071,57.1,31.2,HIGH,0,Dummy TSV
Q4551506,SEO26FF,계획품,시계열 점수,불출발생월비율=0.017; 재고0비율=0.889,14.3,68.8,HIGH,0,Dummy TSV
Q4551507,SEO26FF,회색지대,시계열 점수,불출발생월비율=0.017; 재고0비율=0.105,57.1,43.8,LOW,0,Dummy TSV
Q4559574,SEO26FF,보험품,시계열 점수,불출발생월비율=0.025; 재고0비율=0.000,57.1,31.2,HIGH,0,Dummy TSV
Q4559575,SEO26FF,보험품,시계열 점수,불출발생월비율=0.017; 재고0비율=0.000,57.1,31.2,HIGH,0,Dummy TSV
Q4559600,SEO26FF,배제-소모품,사전 배제,소모품 규칙 적용,,,HIGH,0,Dummy TSV
Q4559686,SEO26FF,배제-소모품,사전 배제,소모품 규칙 적용,,,HIGH,0,Dummy TSV
Q4562126,SEO26FF,보험품,시계열 점수,불출발생월비율=0.017; 재고0비율=0.000,57.1,31.2,HIGH,0,Dummy TSV
Q4562194,SEO26FF,보험품,시계열 점수,불출발생월비율=0.025; 재고0비율=0.000,57.1,31.2,HIGH,0,Dummy TSV
Q4572470,SEO26FF,보험품,시계열 점수,불출발생월비율=0.025; 재고0비율=0.000,57.1,31.2,HIGH,0,Dummy TSV
Q4572473,SEO26FF,보험품,시계열 점수,불출발생월비율=0.025; 재고0비율=0.053,57.1,31.2,HIGH,0,Dummy TSV
Q4573456,SEO26FF,보험품,시계열 점수,불출발생월비율=0.025; 재고0비율=0.000,57.1,31.2,HIGH,0,Dummy TSV
Q4575867,SEO26FF,보험품,시계열 점수,불출발생월비율=0.017; 재고0비율=0.000,57.1,31.2,HIGH,0,Dummy TSV
Q4576432,SEO26FF,보험품,시계열 점수,불출발생월비율=0.025; 재고0비율=0.000,57.1,31.2,HIGH,0,Dummy TSV
Q4576623,SEO26FF,계획품,시계열 점수,불출발생월비율=0.017; 재고0비율=0.944,42.9,68.8,HIGH,0,Dummy TSV
Q4576624,SEO26FF,배제-소모품,사전 배제,소모품 규칙 적용,,,HIGH,0,Dummy TSV
Q4582819,SEO26FF,보험품,시계열 점수,불출발생월비율=0.017; 재고0비율=0.000,57.1,31.2,HIGH,0,Dummy TSV
Q4585577,SEO26FF,보험품,시계열 점수,불출발생월비율=0.025; 재고0비율=0.000,57.1,31.2,HIGH,0,Dummy TSV
Q4585578,SEO26FF,보험품,시계열 점수,불출발생월비율=0.025; 재고0비율=0.000,57.1,31.2,HIGH,0,Dummy TSV
Q4587154,SEO26FF,보험품,시계열 점수,불출발생월비율=0.017; 재고0비율=0.000,57.1,31.2,HIGH,0,Dummy TSV
Q4588343,SEO26FF,보험품,시계열 점수,불출발생월비율=0.017; 재고0비율=0.000,57.1,31.2,HIGH,0,Dummy TSV
Q4590955,SEO26FF,계획품,시계열 점수,불출발생월비율=0.025; 재고0비율=0.737,42.9,68.8,HIGH,0,Dummy TSV
Q4597580,SEO26FF,계획품,시계열 점수,불출발생월비율=0.017; 재고0비율=0.850,42.9,68.8,HIGH,0,Dummy TSV
Q4598537,SEO26FF,계획품,시계열 점수,불출발생월비율=0.025; 재고0비율=0.786,14.3,68.8,HIGH,0,Dummy TSV
Q4604630,SEO26FF,배제-소모품,사전 배제,소모품 규칙 적용,,,HIGH,0,Dummy TSV
Q4605205,SEO26FF,배제-소모품,사전 배제,소모품 규칙 적용,,,HIGH,0,Dummy TSV
Q4605206,SEO26FF,계획품,시계열 점수,불출발생월비율=0.017; 재고0비율=0.778,14.3,68.8,HIGH,0,Dummy TSV
Q4606740,SEO26FF,계획품,시계열 점수,불출발생월비율=0.017; 재고0비율=1.000,14.3,68.8,HIGH,0,Dummy TSV
Q4610709,SEO26FF,계획품,시계열 점수,불출발생월비율=0.017; 재고0비율=0.950,14.3,68.8,HIGH,0,Dummy TSV
Q4611811,SEO26FF,보험품,시계열 점수,불출발생월비율=0.025; 재고0비율=0.000,57.1,31.2,HIGH,0,Dummy TSV
Q4612557,SEO26FF,배제-소모품,사전 배제,소모품 규칙 적용,,,HIGH,0,Dummy TSV
Q4616814,SEO26FF,계획품,시계열 점수,불출발생월비율=0.017; 재고0비율=0.867,14.3,68.8,HIGH,0,Dummy TSV
Q4625628,SEO26FF,계획품,시계열 점수,불출발생월비율=0.025; 재고0비율=0.900,14.3,68.8,HIGH,0,Dummy TSV
Q4625646,SEO26FF,배제-소모품,사전 배제,소모품 규칙 적용,,,HIGH,0,Dummy TSV
Q4626564,SEO26FF,계획품,시계열 점수,불출발생월비율=0.017; 재고0비율=0.750,14.3,68.8,HIGH,0,Dummy TSV
Q4627208,SEO26FF,계획품,시계열 점수,VMI; 불출발생월비율=0.017; 재고0비율=0.800,42.9,100,HIGH,0,Dummy TSV
Q4635441,SEO26FF,보험품,시계열 점수,불출발생월비율=0.017; 재고0비율=0.067,57.1,31.2,HIGH,0,Dummy TSV
Q4635563,SEO26FF,보험품,시계열 점수,불출발생월비율=0.017; 재고0비율=0.000,57.1,31.2,HIGH,0,Dummy TSV
Q4636078,SEO26FF,보험품,시계열 점수,불출발생월비율=0.017; 재고0비율=0.000,57.1,31.2,HIGH,0,Dummy TSV
Q4640645,SEO26FF,배제-소모품,사전 배제,소모품 규칙 적용,,,HIGH,0,Dummy TSV
Q4642447,SEO26FF,보험품,시계열 점수,불출발생월비율=0.017; 재고0비율=0.000,57.1,31.2,HIGH,0,Dummy TSV
Q4652294,SEO26FF,계획품,시계열 점수,불출발생월비율=0.025; 재고0비율=0.684,14.3,68.8,HIGH,0,Dummy TSV
Q4653124,SEO26FF,회색지대,시계열 점수,불출발생월비율=0.017; 재고0비율=0.125,57.1,43.8,LOW,0,Dummy TSV
Q4659090,SEO26FF,계획품,시계열 점수,불출발생월비율=0.017; 재고0비율=0.750,14.3,68.8,HIGH,0,Dummy TSV
Q4662921,SEO26FF,보험품,시계열 점수,불출발생월비율=0.025; 재고0비율=0.059,57.1,31.2,HIGH,0,Dummy TSV
Q4663525,SEO26FF,보험품,시계열 점수,불출발생월비율=0.017; 재고0비율=0.059,57.1,31.2,HIGH,0,Dummy TSV
Q4668630,SEO26FF,보험품,시계열 점수,불출발생월비율=0.017; 재고0비율=0.000,57.1,31.2,HIGH,0,Dummy TSV
Q4668643,SEO26FF,배제-소모품,사전 배제,소모품 규칙 적용,,,HIGH,0,Dummy TSV
Q4670923,SEO26FF,보험품,시계열 점수,불출발생월비율=0.017; 재고0비율=0.000,57.1,31.2,HIGH,0,Dummy TSV
Q4671514,SEO26FF,보험품,시계열 점수,불출발생월비율=0.017; 재고0비율=0.053,57.1,31.2,HIGH,0,Dummy TSV
Q4675700,SEO26FF,계획품,시계열 점수,불출발생월비율=0.017; 재고0비율=0.929,14.3,68.8,HIGH,0,Dummy TSV
Q4676007,SEO26FF,계획품,시계열 점수,불출발생월비율=0.025; 재고0비율=0.786,14.3,68.8,HIGH,0,Dummy TSV
Q4677113,SEO26FF,배제-소모품,사전 배제,소모품 규칙 적용,,,HIGH,0,Dummy TSV
Q4679740,SEO26FF,보험품,시계열 점수,불출발생월비율=0.025; 재고0비율=0.000,57.1,31.2,HIGH,0,Dummy TSV
Q4681315,SEO26FF,보험품,시계열 점수,불출발생월비율=0.025; 재고0비율=0.000,57.1,31.2,HIGH,0,Dummy TSV
Q4681514,SEO26FF,보험품,시계열 점수,불출발생월비율=0.017; 재고0비율=0.000,57.1,31.2,HIGH,0,Dummy TSV
Q4686594,SEO26FF,보험품,시계열 점수,불출발생월비율=0.017; 재고0비율=0.000,57.1,31.2,HIGH,0,Dummy TSV
Q4688109,SEO26FF,보험품,시계열 점수,불출발생월비율=0.025; 재고0비율=0.000,57.1,31.2,HIGH,0,Dummy TSV
Q4691588,SEO26FF,계획품,시계열 점수,불출발생월비율=0.025; 재고0비율=0.824,14.3,68.8,HIGH,0,Dummy TSV
Q4693461,SEO26FF,계획품,시계열 점수,불출발생월비율=0.025; 재고0비율=0.750,14.3,68.8,HIGH,0,Dummy TSV
Q4693466,SEO26FF,보험품,시계열 점수,불출발생월비율=0.017; 재고0비율=0.000,57.1,31.2,HIGH,0,Dummy TSV
Q4693469,SEO26FF,보험품,시계열 점수,불출발생월비율=0.017; 재고0비율=0.000,57.1,31.2,HIGH,0,Dummy TSV
Q4694508,SEO26FF,보험품,시계열 점수,불출발생월비율=0.025; 재고0비율=0.000,57.1,31.2,HIGH,0,Dummy TSV
Q4695959,SEO26FF,배제-소모품,사전 배제,소모품 규칙 적용,,,HIGH,0,Dummy TSV
Q4695963,SEO26FF,계획품,시계열 점수,VMI; 불출발생월비율=0.025; 재고0비율=0.857,14.3,100,HIGH,0,Dummy TSV
Q4695964,SEO26FF,보험품,시계열 점수,불출발생월비율=0.025; 재고0비율=0.000,57.1,31.2,HIGH,0,Dummy TSV
Q4695965,SEO26FF,계획품,시계열 점수,불출발생월비율=0.025; 재고0비율=0.857,14.3,68.8,HIGH,0,Dummy TSV
Q4696404,SEO26FF,보험품,시계열 점수,불출발생월비율=0.017; 재고0비율=0.053,57.1,31.2,HIGH,0,Dummy TSV
Q4697155,SEO26FF,계획품,시계열 점수,불출발생월비율=0.017; 재고0비율=0.750,14.3,68.8,HIGH,0,Dummy TSV
Q4698941,SEO26FF,보험품,시계열 점수,불출발생월비율=0.017; 재고0비율=0.000,57.1,31.2,HIGH,0,Dummy TSV
Q4699194,SEO26FF,계획품,시계열 점수,불출발생월비율=0.017; 재고0비율=0.850,14.3,68.8,HIGH,0,Dummy TSV
Q4699400,SEO26FF,보험품,시계열 점수,불출발생월비율=0.017; 재고0비율=0.000,57.1,31.2,HIGH,0,Dummy TSV
Q4700628,SEO26FF,계획품,시계열 점수,불출발생월비율=0.025; 재고0비율=0.941,14.3,68.8,HIGH,0,Dummy TSV
Q4700632,SEO26FF,계획품,시계열 점수,불출발생월비율=0.017; 재고0비율=0.571,42.9,62.5,MEDIUM,0,Dummy TSV
Q4700633,SEO26FF,보험품,시계열 점수,불출발생월비율=0.017; 재고0비율=0.000,57.1,31.2,HIGH,0,Dummy TSV
Q4700636,SEO26FF,계획품,시계열 점수,불출발생월비율=0.025; 재고0비율=0.895,14.3,68.8,HIGH,0,Dummy TSV
Q4700741,SEO26FF,계획품,시계열 점수,불출발생월비율=0.017; 재고0비율=1.000,14.3,68.8,HIGH,0,Dummy TSV
Q4701430,SEO26FF,회색지대,시계열 점수,VMI; 불출발생월비율=0.025; 재고0비율=0.071,57.1,62.5,LOW,0,Dummy TSV
Q4702499,SEO26FF,배제-소모품,사전 배제,소모품 규칙 적용,,,HIGH,0,Dummy TSV
Q4702501,SEO26FF,계획품,시계열 점수,불출발생월비율=0.017; 재고0비율=0.889,14.3,68.8,HIGH,0,Dummy TSV
Q4702503,SEO26FF,배제-소모품,사전 배제,소모품 규칙 적용,,,HIGH,0,Dummy TSV
Q4702505,SEO26FF,계획품,시계열 점수,불출발생월비율=0.017; 재고0비율=0.941,14.3,68.8,HIGH,0,Dummy TSV
Q4702518,SEO26FF,계획품,시계열 점수,불출발생월비율=0.017; 재고0비율=0.722,14.3,68.8,HIGH,0,Dummy TSV
Q4702521,SEO26FF,계획품,시계열 점수,불출발생월비율=0.025; 재고0비율=0.733,14.3,68.8,HIGH,0,Dummy TSV
Q4702522,SEO26FF,계획품,시계열 점수,불출발생월비율=0.017; 재고0비율=0.737,14.3,68.8,HIGH,0,Dummy TSV
Q4702525,SEO26FF,보험품,시계열 점수,불출발생월비율=0.017; 재고0비율=0.000,57.1,31.2,HIGH,0,Dummy TSV
Q4702528,SEO26FF,계획품,시계열 점수,불출발생월비율=0.025; 재고0비율=0.833,42.9,68.8,HIGH,0,Dummy TSV
Q4702532,SEO26FF,보험품,시계열 점수,불출발생월비율=0.025; 재고0비율=0.000,57.1,31.2,HIGH,0,Dummy TSV
Q4702536,SEO26FF,계획품,시계열 점수,불출발생월비율=0.017; 재고0비율=0.750,42.9,68.8,HIGH,0,Dummy TSV
Q4704375,SEO26FF,보험품,시계열 점수,불출발생월비율=0.025; 재고0비율=0.000,57.1,31.2,HIGH,0,Dummy TSV
Q4709438,SEO26FF,계획품,시계열 점수,불출발생월비율=0.017; 재고0비율=0.750,14.3,68.8,HIGH,0,Dummy TSV
Q4709544,SEO26FF,배제-소모품,사전 배제,소모품 규칙 적용,,,HIGH,0,Dummy TSV
Q4709545,SEO26FF,보험품,시계열 점수,불출발생월비율=0.017; 재고0비율=0.071,57.1,31.2,HIGH,0,Dummy TSV
Q4710841,SEO26FF,배제-소모품,사전 배제,소모품 규칙 적용,,,HIGH,0,Dummy TSV
Q4711077,SEO26FF,배제-소모품,사전 배제,소모품 규칙 적용,,,HIGH,0,Dummy TSV
Q4711186,SEO26FF,계획품,시계열 점수,불출발생월비율=0.025; 재고0비율=0.833,14.3,68.8,HIGH,0,Dummy TSV
Q4711472,SEO26FF,회색지대,시계열 점수,불출발생월비율=0.017; 재고0비율=0.150,57.1,43.8,LOW,0,Dummy TSV
Q4711473,SEO26FF,보험품,시계열 점수,불출발생월비율=0.017; 재고0비율=0.000,57.1,31.2,HIGH,0,Dummy TSV
Q4712148,SEO26FF,보험품,시계열 점수,불출발생월비율=0.017; 재고0비율=0.000,57.1,31.2,HIGH,0,Dummy TSV
Q4712149,SEO26FF,보험품,시계열 점수,불출발생월비율=0.017; 재고0비율=0.056,57.1,31.2,HIGH,0,Dummy TSV
Q4712150,SEO26FF,계획품,시계열 점수,불출발생월비율=0.017; 재고0비율=0.750,14.3,68.8,HIGH,0,Dummy TSV
Q4712151,SEO26FF,배제-소모품,사전 배제,소모품 규칙 적용,,,HIGH,0,Dummy TSV
Q4712152,SEO26FF,보험품,시계열 점수,불출발생월비율=0.017; 재고0비율=0.000,57.1,31.2,HIGH,0,Dummy TSV
Q4712503,SEO26FF,계획품,시계열 점수,불출발생월비율=0.017; 재고0비율=0.889,42.9,68.8,HIGH,0,Dummy TSV
Q4712672,SEO26FF,보험품,시계열 점수,불출발생월비율=0.017; 재고0비율=0.000,57.1,31.2,HIGH,0,Dummy TSV
Q4716626,SEO26FF,계획품,시계열 점수,불출발생월비율=0.017; 재고0비율=0.900,14.3,68.8,HIGH,0,Dummy TSV
Q4716627,SEO26FF,보험품,시계열 점수,불출발생월비율=0.017; 재고0비율=0.000,57.1,31.2,HIGH,0,Dummy TSV
QS414625,SEO26FF,배제-소모품,사전 배제,소모품 규칙 적용,,,HIGH,0,Dummy TSV
QS418165,SEO26FF,보험품,QS 확정,Qcode QS 접두어 규칙 적용,,,HIGH,0,Dummy TSV
QS424543,SEO26FF,보험품,QS 확정,Qcode QS 접두어 규칙 적용,,,HIGH,0,Dummy TSV
QS429155,SEO26FF,배제-순환품,사전 배제,Roll 계열 Leaf Class 규칙 적용,,,HIGH,0,Dummy TSV
