"Qcode","DeptCode","부서명","섹션명","CriticalSparePart","Source"
"Q1040051","SEO26FF","","","O","appropriate_quantity/master.csv"
"Q2060462","SEO26FF","","","O","appropriate_quantity/master.csv"
"Q2070790","SEO26FF","","","O","appropriate_quantity/master.csv"
"Q2070791","SEO26FF","","","O","appropriate_quantity/master.csv"
"Q2070796","SEO26FF","","","O","appropriate_quantity/master.csv"
"Q2070797","SEO26FF","","","O","appropriate_quantity/master.csv"
"Q2070800","SEO26FF","","","O","appropriate_quantity/master.csv"
"Q2070801","SEO26FF","","","O","appropriate_quantity/master.csv"
"Q2091278","SEO26FF","","","O","appropriate_quantity/master.csv"
"Q2091279","SEO26FF","","","O","appropriate_quantity/master.csv"
"Q2139926","SEO26FF","","","O","appropriate_quantity/master.csv"
"Q2234798","SEO26FF","","","O","appropriate_quantity/master.csv"
"Q1000737","SEO26FF","","","O","appropriate_quantity/master.csv"
"Q1000745","SEO26FF","","","O","appropriate_quantity/master.csv"
"Q1000781","SEO26FF","","","O","appropriate_quantity/master.csv"
"Q1000971","SEO26FF","","","O","appropriate_quantity/master.csv"
"Q1032374","SEO26FF","","","O","appropriate_quantity/master.csv"
"Q1039284","SEO26FF","","","O","appropriate_quantity/master.csv"
"Q1039371","SEO26FF","","","O","appropriate_quantity/master.csv"
"Q1040012","SEO26FF","","","O","appropriate_quantity/master.csv"
"Q1040224","SEO26FF","","","O","appropriate_quantity/master.csv"
"Q1040225","SEO26FF","","","O","appropriate_quantity/master.csv"
"Q1040312","SEO26FF","","","O","appropriate_quantity/master.csv"
"Q1042306","SEO26FF","","","O","appropriate_quantity/master.csv"
"Q1042421","SEO26FF","","","O","appropriate_quantity/master.csv"
"Q1048997","SEO26FF","","","O","appropriate_quantity/master.csv"
"Q1049004","SEO26FF","","","O","appropriate_quantity/master.csv"
"Q1071793","SEO26FF","","","O","appropriate_quantity/master.csv"
"Q1073119","SEO26FF","","","O","appropriate_quantity/master.csv"
"Q1073185","SEO26FF","","","O","appropriate_quantity/master.csv"
"Q1073416","SEO26FF","","","O","appropriate_quantity/master.csv"
"Q1073453","SEO26FF","","","O","appropriate_quantity/master.csv"
"Q1074634","SEO26FF","","","O","appropriate_quantity/master.csv"
"Q1074772","SEO26FF","","","O","appropriate_quantity/master.csv"
"Q1078283","SEO26FF","","","O","appropriate_quantity/master.csv"
"Q1137969","SEO26FF","","","O","appropriate_quantity/master.csv"
"Q1218357","SEO26FF","","","O","appropriate_quantity/master.csv"
"Q1218391","SEO26FF","","","O","appropriate_quantity/master.csv"
"Q1218393","SEO26FF","","","O","appropriate_quantity/master.csv"
"Q1219164","SEO26FF","","","O","appropriate_quantity/master.csv"
"Q1260654","SEO26FF","","","O","appropriate_quantity/master.csv"
"Q1292612","SEO26FF","","","O","appropriate_quantity/master.csv"
"Q1314441","SEO26FF","","","O","appropriate_quantity/master.csv"
"Q1316039","SEO26FF","","","O","appropriate_quantity/master.csv"
"Q2010934","SEO26FF","","","O","appropriate_quantity/master.csv"
"Q2024559","SEO26FF","","","O","appropriate_quantity/master.csv"
"Q2028061","SEO26FF","","","O","appropriate_quantity/master.csv"
"Q2028134","SEO26FF","","","O","appropriate_quantity/master.csv"
"Q2045742","SEO26FF","","","O","appropriate_quantity/master.csv"
"Q2054727","SEO26FF","","","O","appropriate_quantity/master.csv"
"Q2062201","SEO26FF","","","O","appropriate_quantity/master.csv"
"Q2074769","SEO26FF","","","O","appropriate_quantity/master.csv"
"Q2088228","SEO26FF","","","O","appropriate_quantity/master.csv"
"Q2094703","SEO26FF","","","O","appropriate_quantity/master.csv"
"Q2118996","SEO26FF","","","O","appropriate_quantity/master.csv"
"Q2124049","SEO26FF","","","O","appropriate_quantity/master.csv"
"Q2130291","SEO26FF","","","O","appropriate_quantity/master.csv"
"Q2130293","SEO26FF","","","O","appropriate_quantity/master.csv"
"Q2139998","SEO26FF","","","O","appropriate_quantity/master.csv"
"Q2143592","SEO26FF","","","O","appropriate_quantity/master.csv"
"Q2143616","SEO26FF","","","O","appropriate_quantity/master.csv"
"Q2185181","SEO26FF","","","O","appropriate_quantity/master.csv"
"Q2212113","SEO26FF","","","O","appropriate_quantity/master.csv"
"Q2226242","SEO26FF","","","O","appropriate_quantity/master.csv"
"Q4017996","SEO26FF","","","O","appropriate_quantity/master.csv"
"Q4017997","SEO26FF","","","O","appropriate_quantity/master.csv"
"Q4017998","SEO26FF","","","O","appropriate_quantity/master.csv"
"Q4017999","SEO26FF","","","O","appropriate_quantity/master.csv"
"Q4018000","SEO26FF","","","O","appropriate_quantity/master.csv"
"Q4018004","SEO26FF","","","O","appropriate_quantity/master.csv"
"Q4018005","SEO26FF","","","O","appropriate_quantity/master.csv"
"Q4018007","SEO26FF","","","O","appropriate_quantity/master.csv"
"Q4018011","SEO26FF","","","O","appropriate_quantity/master.csv"
"Q4018012","SEO26FF","","","O","appropriate_quantity/master.csv"
"Q4018014","SEO26FF","","","O","appropriate_quantity/master.csv"
"Q4018015","SEO26FF","","","O","appropriate_quantity/master.csv"
"Q4018016","SEO26FF","","","O","appropriate_quantity/master.csv"
"Q4018018","SEO26FF","","","O","appropriate_quantity/master.csv"
"Q4018019","SEO26FF","","","O","appropriate_quantity/master.csv"
"Q4018022","SEO26FF","","","O","appropriate_quantity/master.csv"
"Q4018023","SEO26FF","","","O","appropriate_quantity/master.csv"
"Q4018210","SEO26FF","","","O","appropriate_quantity/master.csv"
"Q4039953","SEO26FF","","","O","appropriate_quantity/master.csv"
"Q4169627","SEO26FF","","","O","appropriate_quantity/master.csv"
"Q4169634","SEO26FF","","","O","appropriate_quantity/master.csv"
"Q4169635","SEO26FF","","","O","appropriate_quantity/master.csv"
"Q4173290","SEO26FF","","","O","appropriate_quantity/master.csv"
"Q4174454","SEO26FF","","","O","appropriate_quantity/master.csv"
"Q4174455","SEO26FF","","","O","appropriate_quantity/master.csv"
"Q4178355","SEO26FF","","","O","appropriate_quantity/master.csv"
"Q4185031","SEO26FF","","","O","appropriate_quantity/master.csv"
"Q4192133","SEO26FF","","","O","appropriate_quantity/master.csv"
"Q4192171","SEO26FF","","","O","appropriate_quantity/master.csv"
"Q4192179","SEO26FF","","","O","appropriate_quantity/master.csv"
"Q4210213","SEO26FF","","","O","appropriate_quantity/master.csv"
"Q4230326","SEO26FF","","","O","appropriate_quantity/master.csv"
"Q4257701","SEO26FF","","","O","appropriate_quantity/master.csv"
"Q4269272","SEO26FF","","","O","appropriate_quantity/master.csv"
"Q4441695","SEO26FF","","","O","appropriate_quantity/master.csv"
"Q4521625","SEO26FF","","","O","appropriate_quantity/master.csv"
"Q4604630","SEO26FF","","","O","appropriate_quantity/master.csv"
"QS424543","SEO26FF","","","O","appropriate_quantity/master.csv"
